replicate,rho_raw,rho_bias_corrected
1,1.827396,1.18639
2,2.181039,1.2507
3,2.61433,3.697139
4,2.218648,1.785896
5,1.876582,1.621963
6,2.250025,0.911617
7,2.394722,2.539626
8,1.649806,1.184625
9,1.609426,1.35638
10,2.421017,3.63558
11,2.136513,1.556398
12,2.18367,2.007699
13,2.303382,2.45269
14,2.068054,0.677367
15,2.079318,1.121682
16,1.953237,1.718907
17,2.505417,2.353062
18,2.001652,2.35331
19,1.588076,0.964168
20,2.267779,1.999946
21,1.892002,0.828407
22,1.935407,1.103669
23,1.836871,0.694288
24,2.188026,1.278217
25,1.879005,0.633029
26,2.434266,1.201769
27,2.197292,1.470769
28,2.04134,0.677366
29,1.690474,1.401814
30,2.242416,1.482312
31,1.992728,1.402018
32,1.954228,2.791894
33,1.647389,1.788608
34,2.068235,1.674966
35,2.562372,1.622359
36,2.44103,1.587987
37,2.373606,1.789014
38,2.501169,1.909951
39,1.831926,1.421814
40,2.337665,1.824371
41,2.331148,1.580842
42,2.262492,1.790704
43,1.652913,0.818284
44,2.012558,2.789059
45,2.103766,1.778231
46,2.237628,2.167529
47,2.169712,1.072886
48,2.246059,1.282188
49,2.24069,2.035605
50,2.047213,1.413161
51,2.3143,1.013089
52,2.383107,1.952389
53,2.758749,2.379502
54,1.690705,0.439877
55,1.918069,2.803024
56,2.582119,1.382987
57,2.420893,1.700486
58,2.188677,0.996968
59,1.690912,1.361811
60,2.032883,1.246737
61,2.226055,1.541093
62,1.971233,2.10575
63,2.172921,2.704683
64,1.778936,2.068269
65,2.03392,2.352399
66,2.358957,1.517176
67,2.086302,1.828747
68,2.120294,0.799549
69,1.997968,2.220586
70,1.894621,0.939575
71,1.908185,2.142787
72,2.133021,2.610439
73,1.699096,1.127221
74,2.028962,1.976563
75,2.544281,2.078949
76,2.036245,4.630822
77,2.732463,2.376743
78,2.322442,1.623548
79,2.065428,1.705612
80,1.974031,0.939813
81,2.184954,1.485548
82,2.01859,2.0195
83,2.786237,2.292136
84,2.303192,1.918986
85,2.062806,1.080412
86,2.048723,1.864855
87,1.916409,1.026738
88,1.87878,1.652026
89,1.999513,1.004148
90,1.796685,0.717654
91,2.390762,2.776926
92,1.836673,1.368632
93,2.189636,1.794322
94,1.718161,1.802265
95,1.922271,1.340767
96,2.054139,1.821994
97,2.467153,1.294106
98,2.445929,2.806048
99,1.891313,1.002202
100,2.472734,1.85983
101,2.664107,4.42786
102,2.059159,1.677623
103,1.870753,1.449688
104,1.851062,1.317549
105,2.466205,2.063311
106,1.799355,1.259012
107,1.939147,2.202561
108,2.044598,4.369028
109,1.973384,1.72064
110,3.091148,2.722689
111,2.04571,1.603717
112,2.460111,0.757047
113,1.992877,1.833894
114,2.025046,0.988715
115,2.052941,1.056871
116,2.240799,1.205169
117,1.948949,1.13755
118,1.454762,0.907955
119,2.012729,1.667648
120,1.873983,1.712966
121,1.762101,1.313412
122,1.679624,0.891911
123,1.426662,0.821257
124,2.383123,0.899443
125,2.102456,2.189442
126,1.854873,1.727588
127,1.698086,1.273224
128,1.844805,2.097633
129,2.17965,2.069792
130,2.229991,1.399156
131,1.698646,1.694332
132,2.046731,3.799078
133,2.029821,2.247309
134,2.674254,1.492598
135,1.718208,1.523964
136,2.046144,1.458932
137,2.671655,3.612836
138,1.986353,1.445796
139,1.944705,2.859456
140,2.183281,0.871198
141,1.746333,1.0758
142,2.315806,1.097015
143,2.174581,1.321242
144,2.081003,1.442341
145,2.3225,2.176194
146,2.017205,1.151302
147,2.593903,1.304146
148,2.565665,1.743696
149,2.28413,1.567086
150,2.103749,1.404935
151,2.053268,1.338605
152,1.75051,1.390146
153,2.214109,1.814899
154,2.308463,1.781988
155,1.963975,2.196023
156,2.123966,1.536071
157,1.836916,1.316161
158,1.823837,1.044912
159,2.084188,2.533698
160,1.776487,0.873941
161,2.098718,1.443034
162,1.909169,1.401564
163,2.165746,2.001339
164,1.970685,1.354387
165,2.159249,2.75937
166,2.081759,1.484651
167,2.010829,1.256234
168,2.057833,3.212306
169,2.590855,1.534249
170,1.765763,1.153029
171,2.452401,1.230466
172,2.475469,1.963802
173,1.755561,1.597517
174,2.002075,1.276419
175,1.842706,1.509831
176,2.191691,1.165176
177,2.144893,1.801495
178,2.191652,2.787226
179,2.216534,2.864588
180,2.183685,1.666652
181,2.054,2.011491
182,1.90424,1.568464
183,2.289737,2.113121
184,2.483322,2.851144
185,2.04662,2.122762
186,2.243898,1.687669
187,2.313429,1.713155
188,1.90718,0.472024
189,2.024603,1.102436
190,2.253231,2.055262
191,1.945683,1.073724
192,2.020278,1.623445
193,1.955018,1.852621
194,2.019442,1.897356
195,2.364976,1.946095
196,2.287216,1.337004
197,2.161107,1.424451
198,1.965917,2.101402
199,1.832667,1.267348
200,2.354028,0.946249
201,2.079748,0.957888
202,2.038931,1.057357
203,2.382103,0.946509
204,1.983272,2.107212
205,2.053696,1.779581
206,1.96172,0.743904
207,2.062584,1.023541
208,1.763223,0.802501
209,2.660226,3.820303
210,2.24336,2.345698
211,2.297536,2.0823
212,2.922009,3.463823
213,2.0606,2.144455
214,2.225217,1.588836
215,1.759254,1.621716
216,1.91874,1.991383
217,2.021549,2.115428
218,2.384164,0.604616
219,2.004786,1.054577
220,2.128155,0.877356
221,2.179777,1.727892
222,2.101169,2.088201
223,2.090909,2.531906
224,1.982378,2.004644
225,1.721821,1.124679
226,1.898109,2.034439
227,1.794177,1.538807
228,2.251686,1.102469
229,1.764057,1.745765
230,1.912499,1.126263
231,1.853611,1.856734
232,2.052255,1.695492
233,1.877734,2.65332
234,1.988462,1.730009
235,2.569382,3.390423
236,1.750771,1.961748
237,2.412884,1.318096
238,2.197915,2.227443
239,2.271082,2.03497
240,2.048981,1.31661
241,2.662181,1.785089
242,2.028242,1.875642
243,2.053325,2.211925
244,2.656732,1.331757
245,2.167198,2.304645
246,2.829501,2.067926
247,1.938983,3.251413
248,1.70366,0.886326
249,2.217554,1.555441
250,2.570444,2.557083
251,2.378422,1.458684
252,1.861738,1.071334
253,1.95497,1.180392
254,1.907489,1.620887
255,1.943312,2.592694
256,2.467622,2.764125
257,2.224503,2.101521
258,2.258545,2.321486
259,1.676331,0.403049
260,1.921628,1.052604
261,2.360276,1.839404
262,2.25118,1.589689
263,1.996883,1.698944
264,2.267739,1.660761
265,1.98592,0.74202
266,2.111771,2.402297
267,1.98548,1.765162
268,2.288181,1.5813
269,2.246955,3.669031
270,2.290092,1.970933
271,2.056343,1.550143
272,1.77665,0.89499
273,2.167196,1.666339
274,1.964643,1.072473
275,2.082323,2.454244
276,2.091792,2.368756
277,2.11422,1.584974
278,2.072427,1.343821
279,2.103542,1.391758
280,2.319735,2.556688
281,1.750632,2.99603
282,2.569415,2.858661
283,2.001689,1.822954
284,2.038411,3.808034
285,2.02714,1.152858
286,2.262757,2.894178
287,2.132115,2.6825
288,1.707676,1.725519
289,1.814821,1.101429
290,2.164038,1.820232
291,1.971765,2.184828
292,2.061183,1.9104
293,2.47932,0.856163
294,1.701918,1.204195
295,2.084546,4.662823
296,2.154777,2.339284
297,2.072061,1.417057
298,1.845301,1.70677
299,2.030558,3.604993
300,1.645771,1.848968
301,1.627625,1.693483
302,2.026081,1.637434
303,1.956765,0.749558
304,2.158332,1.641875
305,1.901878,1.585943
306,2.227086,1.265506
307,2.215216,2.878071
308,1.919728,1.707472
309,2.124736,1.493096
310,2.055388,1.749939
311,2.117179,1.830067
312,2.338953,1.181684
313,2.556041,2.080603
314,1.414047,1.224715
315,2.046324,1.166554
316,1.836953,1.55121
317,2.352912,1.368884
318,2.014676,0.981017
319,2.420616,2.066798
320,2.048376,1.66781
321,1.688526,1.386905
322,2.064231,1.38251
323,1.907785,2.056674
324,2.766653,3.450143
325,2.144889,0.834759
326,2.04173,2.207105
327,2.171436,2.680457
328,2.505822,2.403961
329,2.23593,1.117403
330,1.954297,1.004793
331,1.819694,1.781472
332,2.178137,1.921974
333,1.735156,2.009894
334,1.908849,1.170366
335,1.958818,1.402456
336,1.814132,1.382395
337,1.673753,1.418584
338,2.230817,1.09623
339,2.619546,1.993991
340,1.973077,2.189655
341,1.960201,1.570643
342,1.770173,0.690167
343,2.86708,4.411323
344,1.885057,1.655104
345,2.08365,1.753304
346,2.420127,3.373861
347,2.567363,2.02427
348,2.301767,0.719632
349,2.233167,1.47867
350,2.244611,1.855695
351,2.482775,2.207684
352,2.214922,2.399833
353,2.328066,2.470675
354,2.055349,2.360313
355,2.166453,0.867536
356,1.940644,0.648813
357,2.005465,1.819859
358,1.949985,1.122057
359,1.827184,1.569269
360,2.302084,2.701672
361,1.749195,1.800508
362,2.28233,2.066015
363,2.644084,2.246504
364,2.29169,1.504828
365,1.864583,1.385532
366,1.783661,0.993041
367,1.946936,2.448084
368,2.684076,0.856602
369,1.88807,1.599738
370,2.642824,1.832896
371,1.803214,0.855464
372,1.933765,1.61948
373,2.517878,1.159002
374,1.754519,1.023301
375,2.068733,1.116772
376,2.064455,1.228671
377,2.083362,2.401589
378,2.551691,1.586081
379,2.154153,1.934104
380,2.034349,1.213411
381,1.985613,1.84125
382,2.061354,1.739322
383,1.986778,1.737257
384,1.738261,0.967727
385,2.072895,1.588682
386,2.458168,2.666013
387,2.024992,1.565996
388,2.293406,1.612691
389,1.822749,0.863741
390,2.186332,1.419826
391,1.751957,1.280998
392,2.426336,2.919006
393,1.800559,1.273077
394,1.81643,1.151557
395,2.644575,1.747632
396,2.174447,1.150943
397,2.140803,0.959316
398,1.90875,1.980389
399,2.074017,1.328871
400,2.102324,2.239438
401,1.989043,0.966557
402,2.008792,1.643973
403,1.745665,1.359173
404,1.731139,0.770726
405,2.08888,1.490202
406,2.086736,1.372676
407,1.903111,1.707738
408,1.97385,1.486174
409,2.526326,2.763309
410,1.970106,1.114045
411,2.479292,3.075121
412,2.28276,1.66425
413,2.031687,1.475075
414,2.513382,2.126619
415,1.607084,1.175104
416,2.018561,2.655628
417,2.38082,2.863803
418,2.090632,3.972341
419,2.601961,2.732815
420,2.144012,1.426238
421,1.931753,1.269025
422,1.756867,0.874938
423,2.063963,2.149479
424,1.595003,2.4294
425,2.846973,3.101491
426,2.053773,1.551346
427,1.783503,1.127128
428,2.331312,2.167547
429,1.97148,1.960323
430,2.131121,1.426136
431,2.376104,1.249058
432,2.083253,1.536186
433,1.590309,1.207003
434,1.975501,2.257727
435,1.841419,1.11845
436,1.99244,1.6965
437,1.849405,1.663596
438,1.911436,1.409801
439,1.937631,1.267664
440,1.962326,1.339954
441,2.592029,3.100516
442,1.833001,1.701974
443,2.794866,2.199809
444,1.984361,1.264274
445,2.480336,3.235349
446,2.114588,1.071964
447,2.479542,1.707467
448,2.398334,6.015465
449,2.260919,2.1235
450,2.094863,1.377582
451,1.905777,2.824812
452,2.183632,1.21803
453,2.255248,1.335588
454,2.392344,1.774326
455,2.081614,1.335336
456,2.05775,2.049685
457,1.87174,2.588778
458,1.618804,1.119687
459,2.100199,1.880267
460,1.715792,1.546287
461,1.885354,2.253456
462,2.382576,4.086396
463,1.923195,1.726421
464,2.187816,2.330771
465,2.314583,1.294598
466,1.562946,1.891644
467,2.29887,1.746474
468,1.83982,0.877767
469,1.978727,2.573718
470,2.195777,1.744509
471,1.756376,0.898793
472,1.673126,0.776013
473,2.23276,1.617638
474,2.529803,3.1365
475,2.24646,1.627633
476,2.256329,1.260298
477,2.144617,1.981388
478,2.479857,2.133183
479,1.724868,1.135274
480,2.089033,1.754237
481,2.526542,1.88865
482,1.672665,1.083891
483,2.310567,2.232624
484,1.721255,0.92025
485,1.97193,1.864455
486,2.013231,1.059244
487,1.883704,0.967379
488,1.834171,1.647707
489,1.880388,2.37082
490,2.057195,1.569465
491,2.329091,2.498482
492,2.269322,2.462115
493,2.61634,1.123437
494,2.483902,1.106226
495,2.531582,1.283304
496,1.869978,1.756973
497,2.067669,2.250334
498,2.577552,2.620152
499,2.022047,2.14974
500,1.625198,1.198947
501,2.061805,1.257946
502,1.951561,1.925824
503,1.971881,0.998532
504,2.000585,1.696341
505,2.064949,3.176887
506,1.975693,1.900701
507,2.073191,1.817138
508,2.213662,2.656273
509,1.761082,1.059911
510,1.708754,1.338844
511,1.883904,1.278289
512,2.296137,2.981585
513,2.450503,1.769628
514,2.224735,1.683711
515,1.614117,1.288769
516,1.883521,1.463742
517,2.365448,1.807555
518,2.254838,1.837555
519,2.103874,1.300987
520,2.221619,1.361644
521,2.058369,1.900403
522,2.097792,0.981065
523,2.065216,1.152927
524,2.032987,3.054979
525,1.942977,2.234364
526,2.013352,1.671067
527,1.955317,1.766841
528,2.189197,1.321903
529,2.125109,2.351176
530,2.135085,0.854733
531,2.570958,3.277776
532,2.123532,1.241717
533,1.685739,1.352737
534,2.367376,1.184691
535,2.031667,1.263468
536,1.684284,1.056419
537,2.130689,1.022898
538,2.209933,1.683309
539,2.251298,1.495091
540,2.000826,2.055096
541,1.734684,2.499431
542,1.916,2.331109
543,2.259847,1.664675
544,1.918897,1.182546
545,2.036552,1.486677
546,1.671267,0.913349
547,2.35573,1.611782
548,2.08881,0.990234
549,1.911347,0.928432
550,1.935032,1.00615
551,1.776263,1.295871
552,1.977901,1.743766
553,2.401795,1.758651
554,2.091487,1.576519
555,2.680134,1.750432
556,2.854789,1.445771
557,2.022419,1.010137
558,2.079811,1.947854
559,2.19451,3.05453
560,2.095027,2.966916
561,1.881743,1.463205
562,2.5379,1.49766
563,2.137852,3.871069
564,2.110642,1.451359
565,2.191972,2.877561
566,1.961945,1.565072
567,2.375935,1.706982
568,1.922412,1.227596
569,1.713274,1.281995
570,1.769702,2.297143
571,1.984865,1.470105
572,2.329576,1.069925
573,1.914785,1.879974
574,1.794416,0.644522
575,1.746272,0.512949
576,2.000726,1.39581
577,2.159229,1.387423
578,1.859234,0.817862
579,1.84377,1.042105
580,2.238398,1.751985
581,2.0364,1.935602
582,1.829225,4.094591
583,2.492804,2.209526
584,1.741787,3.494138
585,1.727129,1.450704
586,2.171118,1.461139
587,1.931103,1.536298
588,2.281877,2.405384
589,2.627738,2.310678
590,2.261009,2.425145
591,1.852789,0.599691
592,1.842324,0.948354
593,2.644613,2.411875
594,1.944322,1.982813
595,1.659865,2.122839
596,2.662906,1.835197
597,1.879947,1.125806
598,1.598637,1.387549
599,2.09896,1.835147
600,2.059027,0.805789
601,2.289054,1.989215
602,2.065415,1.839471
603,2.162969,1.93372
604,2.144185,1.877966
605,1.892956,1.242141
606,2.095091,1.054441
607,1.677848,1.190617
608,2.03954,2.266725
609,2.027817,1.046868
610,2.216705,0.385815
611,2.150331,2.543101
612,2.441208,0.553222
613,2.681548,3.215511
614,1.717324,1.324373
615,2.302089,1.393094
616,1.8751,0.731026
617,1.882452,1.002506
618,2.071194,1.209193
619,2.602889,1.541059
620,2.427753,3.120884
621,2.024531,2.834214
622,1.931043,1.515826
623,2.101382,2.266125
624,2.328167,0.746965
625,1.758059,1.386356
626,1.961298,2.038898
627,2.357374,1.196135
628,1.746051,1.175393
629,1.421151,1.131574
630,1.743348,1.208338
631,1.909757,1.316162
632,1.762372,1.502818
633,1.969244,1.555683
634,1.706574,1.121716
635,2.087732,1.681019
636,2.216363,1.46993
637,1.822262,0.860501
638,2.788788,2.01613
639,2.189793,2.568985
640,2.131471,1.402847
641,1.816677,1.125289
642,2.225794,2.133945
643,2.36653,1.733787
644,2.09525,0.680616
645,1.899629,1.228104
646,1.945913,1.339024
647,1.941378,1.697671
648,2.244691,1.970054
649,2.305231,1.7656
650,1.761463,1.318817
651,1.829339,1.140508
652,2.051223,0.854727
653,1.764706,1.474234
654,2.080432,1.032932
655,2.257593,1.985307
656,2.020389,2.704503
657,2.054935,2.140555
658,1.907426,1.639017
659,1.730493,1.326858
660,1.971382,2.089872
661,1.927418,1.649757
662,2.580739,2.006514
663,2.193724,2.214238
664,2.191996,1.380976
665,2.252899,1.508256
666,1.877607,2.090521
667,2.214087,1.337776
668,1.876642,1.910898
669,1.99383,1.881299
670,2.502328,0.993399
671,1.922751,1.7449
672,2.092712,1.829012
673,1.927694,1.409085
674,1.832696,0.945844
675,2.617691,1.300882
676,1.758931,1.560848
677,1.74432,1.229136
678,1.945746,0.956619
679,1.986326,0.841991
680,1.841188,2.679522
681,2.113194,2.002323
682,1.800417,1.675475
683,2.442933,2.4832
684,2.020981,2.236446
685,1.889029,2.163262
686,2.259263,0.653375
687,2.402624,0.974027
688,1.748063,1.885551
689,1.957004,1.343098
690,1.563532,0.686956
691,2.222421,1.180635
692,2.101211,2.02992
693,2.517681,1.703953
694,2.331707,1.171404
695,2.319984,1.698344
696,1.886206,1.242818
697,1.774807,0.476835
698,1.965366,3.550748
699,1.891183,1.643348
700,2.071656,1.341579
701,1.927478,1.843288
702,1.655574,1.732543
703,1.812708,1.487229
704,1.665363,1.29461
705,1.762122,1.807065
706,2.013027,1.351728
707,1.746143,1.644461
708,2.376402,1.946008
709,2.020873,1.616965
710,2.133671,1.852342
711,1.822488,2.780714
712,2.508854,1.049547
713,2.253076,2.093037
714,1.960711,2.225743
715,1.857347,2.02008
716,2.347708,1.776027
717,1.776733,1.782948
718,1.733927,0.868732
719,2.297935,1.720391
720,2.163973,2.762282
721,1.929212,2.112187
722,2.076564,1.640175
723,2.345943,1.434511
724,1.937536,1.423652
725,2.039673,1.038587
726,2.090241,0.877968
727,1.848688,2.073252
728,1.637883,1.013229
729,1.966876,2.024749
730,2.006047,3.840926
731,1.803857,0.8403
732,2.029645,1.121281
733,2.165607,2.496931
734,1.879746,1.818926
735,2.275299,2.374627
736,1.72549,0.963203
737,2.326388,2.205714
738,2.318648,1.550064
739,2.182631,1.789546
740,2.269932,0.755253
741,2.349168,2.437858
742,1.817502,1.579614
743,2.034354,1.287957
744,1.859955,1.189301
745,2.125998,3.444821
746,2.036551,0.595536
747,2.568717,1.406798
748,1.786959,1.090376
749,1.831969,2.914365
750,2.146941,2.056518
751,1.598436,1.379158
752,1.849869,1.471625
753,2.284332,2.108928
754,1.60018,0.923194
755,2.049267,1.500756
756,1.93847,1.691903
757,2.131102,1.701432
758,1.665914,0.723893
759,2.084303,2.307984
760,1.7593,1.446931
761,2.999375,1.852997
762,1.918932,1.795626
763,1.79676,1.159979
764,1.824239,2.084301
765,2.528337,2.433127
766,2.650016,2.91111
767,1.861158,1.535011
768,1.601674,1.334261
769,1.856492,1.817718
770,1.909528,2.594855
771,2.036174,2.604988
772,1.91195,2.260014
773,1.968532,1.600771
774,2.313488,1.603716
775,2.400172,1.851331
776,2.320136,2.484253
777,1.640468,1.470959
778,1.991339,2.266416
779,2.033561,1.29363
780,1.914165,1.359602
781,1.942064,1.011321
782,2.017516,1.627678
783,2.207364,2.23711
784,1.927993,1.24596
785,2.188501,1.63176
786,2.152033,1.469659
787,1.686669,1.05024
788,2.13641,2.655939
789,1.8527,1.050108
790,2.261398,2.790398
791,2.251358,0.903959
792,2.137735,1.917409
793,2.33138,1.74671
794,2.600218,1.529772
795,2.271024,1.48307
796,2.669084,2.027551
797,2.283137,1.768425
798,1.623663,0.829364
799,2.321197,1.891263
800,1.937274,0.857215
801,1.94596,1.244396
802,2.016528,1.135896
803,2.720508,2.311392
804,2.21552,2.723707
805,1.978203,1.837185
806,1.98555,1.404081
807,1.90848,0.894052
808,1.817611,1.670463
809,2.085049,1.869395
810,1.999639,1.242175
811,2.376493,1.656096
812,1.97329,1.350445
813,1.638768,0.893336
814,2.180865,1.749728
815,2.096401,1.493116
816,1.741151,1.473653
817,2.204697,1.526808
818,2.489348,2.948232
819,2.035677,2.276436
820,2.233809,2.727421
821,2.436666,1.812523
822,2.074091,1.448704
823,2.817373,1.34439
824,2.126633,1.538639
825,1.77662,1.688817
826,2.681527,2.858852
827,1.60052,1.183353
828,2.354717,1.866495
829,2.055368,0.517241
830,2.125793,2.05176
831,2.225745,1.33738
832,1.655523,1.29853
833,1.944117,2.394383
834,2.266137,2.868676
835,2.25774,0.994337
836,2.145863,1.020511
837,2.304707,2.648769
838,1.903283,1.57378
839,2.282832,1.783989
840,2.318936,1.551093
841,1.740306,1.673212
842,2.275741,1.425815
843,1.987381,1.574721
844,2.523889,1.742359
845,1.730804,1.226982
846,1.76175,1.910981
847,2.469654,1.959719
848,1.784815,1.632554
849,1.960161,1.692131
850,2.234627,1.939775
851,1.839965,1.428456
852,2.537713,3.009967
853,2.361002,1.466922
854,2.929632,2.531253
855,1.801484,1.434546
856,2.038005,2.416783
857,2.054257,2.046299
858,1.797081,2.831188
859,2.239316,1.442196
860,2.545604,1.215058
861,1.916001,1.431147
862,1.677665,1.495491
863,2.12169,1.498439
864,2.094228,0.716722
865,1.766014,2.368231
866,1.946057,1.547793
867,2.203879,1.128023
868,1.941325,2.292364
869,1.803024,1.04979
870,1.913109,1.856097
871,2.263301,2.113036
872,1.796076,0.805904
873,1.967331,1.702342
874,2.334107,0.935173
875,2.038059,3.504258
876,1.924115,3.019829
877,1.983309,1.74964
878,1.977199,3.659755
879,2.04482,1.011404
880,1.791888,0.645649
881,2.317827,1.453078
882,2.580581,1.286889
883,1.823852,1.211107
884,2.269681,1.864778
885,2.088224,1.209828
886,2.609423,2.831766
887,1.736327,0.753833
888,2.030785,1.816413
889,1.703344,1.235123
890,2.226351,0.595558
891,2.520747,2.286701
892,2.048294,2.298885
893,2.491247,1.286183
894,2.087621,1.422444
895,2.064981,2.789113
896,2.054432,2.233219
897,2.210153,2.059509
898,2.057968,1.860932
899,1.867582,1.45408
900,2.0848,1.661349
901,2.510752,1.189213
902,1.762258,1.351206
903,2.2983,1.19535
904,1.707764,1.66038
905,2.219516,1.684613
906,1.963294,1.105917
907,2.639709,3.906569
908,2.025213,0.644677
909,1.914098,2.063665
910,1.97574,1.236764
911,1.887859,1.180585
912,2.19233,3.066802
913,2.264742,3.062327
914,2.223767,2.257124
915,2.10919,1.29476
916,1.925051,1.39492
917,1.835728,0.417366
918,2.222152,1.377826
919,2.042569,1.903602
920,2.310338,1.559809
921,2.420344,1.581763
922,1.944706,1.659586
923,2.440845,1.656625
924,2.099927,2.045839
925,1.923461,1.504801
926,2.173133,2.974424
927,2.488394,1.234882
928,1.755623,1.733623
929,2.187816,1.031499
930,2.441329,2.247438
931,2.114833,1.961268
932,1.918001,1.556816
933,2.098016,2.084585
934,1.973651,1.719856
935,1.510757,0.978738
936,2.007375,2.242286
937,2.067531,2.176143
938,2.046277,1.161142
939,2.114035,1.868777
940,2.38411,2.220566
941,2.114579,1.639063
942,2.141429,0.791684
943,1.631122,2.560772
944,1.742699,1.738337
945,1.966373,2.009013
946,2.565795,2.22228
947,1.783355,1.820113
948,2.183051,1.42741
949,2.334037,2.267225
950,2.160456,0.656899
951,2.236931,1.653418
952,2.145645,1.571205
953,2.010997,1.676651
954,1.844923,0.850943
955,2.230228,1.354502
956,1.994853,0.658671
957,2.327635,2.727709
958,2.238634,3.183245
959,1.885946,1.334448
960,2.667372,2.271332
961,1.827611,0.751467
962,1.993066,1.842364
963,1.858454,1.896586
964,1.954181,1.747689
965,2.202524,3.413374
966,2.108494,1.459164
967,1.897541,1.204658
968,2.044942,1.113856
969,1.831154,1.306945
970,2.3113,2.01753
971,1.809293,1.62429
972,1.974615,1.709345
973,2.600644,1.157959
974,2.225025,2.526952
975,2.054176,1.983483
976,2.126226,1.880652
977,2.07614,0.812165
978,1.93772,2.322865
979,1.893125,1.141668
980,2.054476,1.879808
981,2.332064,2.063188
982,2.106394,1.689559
983,1.88536,1.197001
984,2.185403,2.472806
985,1.734292,1.420463
986,1.666667,1.585214
987,1.823744,1.222669
988,2.447454,2.807179
989,2.05092,2.453241
990,2.042535,2.013827
991,2.180335,1.698097
992,2.6534,1.808716
993,2.060015,1.114167
994,1.881433,1.101866
995,2.492955,2.544276
996,2.181538,1.691947
997,2.21994,1.620123
998,2.308339,1.989856
999,1.823868,1.564782
1000,1.960966,1.454599
1001,2.031395,1.054533
1002,1.873775,1.4261
1003,2.131034,0.657565
1004,1.923563,1.122332
1005,2.022788,1.530063
1006,1.875333,1.829445
1007,1.924058,1.787414
1008,2.549902,2.11046
1009,2.000165,1.449152
1010,2.129083,1.93357
1011,2.114538,2.165152
1012,1.982019,7.745525
1013,2.066896,1.875462
1014,2.187167,1.496835
1015,2.388827,2.026585
1016,1.697549,1.386419
1017,1.999484,0.974585
1018,2.454929,2.085869
1019,2.304755,1.218606
1020,2.196598,1.143213
1021,1.966533,0.885839
1022,2.063882,2.016616
1023,2.256688,1.33403
1024,2.591613,1.48935
1025,1.790185,2.314988
1026,2.334838,2.523571
1027,2.069237,1.82172
1028,1.975645,1.891998
1029,1.79193,1.842765
1030,2.051964,1.737876
1031,2.185064,1.302667
1032,1.770137,3.352166
1033,1.888272,1.33958
1034,2.218542,1.926761
1035,1.906466,1.67368
1036,2.409412,2.540614
1037,2.102655,1.149313
1038,1.887183,1.995319
1039,1.8756,2.024464
1040,1.570599,1.888262
1041,2.340361,3.295302
1042,2.040549,1.695775
1043,2.235399,1.412959
1044,2.458532,2.753943
1045,1.984961,1.344931
1046,1.667156,1.691024
1047,1.804387,1.082529
1048,1.826083,1.502148
1049,2.060916,0.883136
1050,1.87219,3.283503
1051,2.495885,1.939694
1052,2.052199,4.152812
1053,2.171939,2.76654
1054,2.131102,1.921309
1055,2.263041,2.409225
1056,2.129168,0.58387
1057,2.528709,0.733497
1058,2.044174,1.658911
1059,2.087535,1.504181
1060,2.040535,1.954201
1061,2.165236,1.642699
1062,1.860979,1.538118
1063,1.557241,1.205479
1064,1.604332,0.841365
1065,2.08571,1.581217
1066,2.370031,1.499141
1067,2.396548,3.072745
1068,2.246957,2.742627
1069,1.945123,1.731646
1070,2.465363,1.300801
1071,1.58225,0.790764
1072,2.136909,1.614188
1073,1.821081,1.956316
1074,2.07394,2.345303
1075,2.335437,2.079485
1076,2.463903,1.626351
1077,1.936659,1.281991
1078,2.008608,1.901497
1079,2.125032,1.926173
1080,2.118095,1.600296
1081,2.27701,1.385277
1082,1.69641,1.385374
1083,1.722861,2.308274
1084,1.871618,1.350682
1085,2.313608,1.762696
1086,1.853336,1.190065
1087,2.003959,2.704969
1088,1.741962,1.510803
1089,1.850711,1.141579
1090,2.202425,1.81385
1091,1.934686,4.55384
1092,2.401477,0.521255
1093,2.55807,1.869319
1094,1.975527,1.630309
1095,1.72354,1.369243
1096,2.66009,1.187581
1097,2.13597,1.231082
1098,2.282456,2.419727
1099,2.218223,0.886672
1100,1.780486,1.145032
1101,1.8753,1.509317
1102,2.053534,1.195981
1103,1.751048,0.611503
1104,1.852625,1.723351
1105,1.811595,2.153534
1106,2.378714,2.364226
1107,2.005252,2.443207
1108,1.536851,1.80651
1109,2.679087,0.968537
1110,2.366925,2.025383
1111,2.367065,2.28609
1112,2.426063,1.70541
1113,2.09076,0.64767
1114,2.697292,2.852484
1115,2.463454,1.872574
1116,1.674401,0.802032
1117,1.910775,1.779203
1118,1.706436,1.073918
1119,2.381198,2.945564
1120,2.034373,1.526446
1121,1.890293,1.298181
1122,2.457973,1.347185
1123,2.040738,2.740301
1124,2.112924,2.555005
1125,1.724633,0.695457
1126,2.26884,0.539983
1127,2.597722,3.310857
1128,2.608696,1.925828
1129,2.126168,0.258296
1130,1.825745,1.133796
1131,1.708026,1.15739
1132,2.203576,1.586614
1133,2.835466,2.437879
1134,2.06485,1.405926
1135,2.177706,2.539242
1136,2.108139,2.274543
1137,1.915124,0.977476
1138,2.233304,1.329232
1139,1.798084,0.780594
1140,2.520514,3.38419
1141,2.2605,2.551079
1142,2.249519,1.529836
1143,1.675985,1.568629
1144,1.590322,1.388715
1145,2.88817,2.944159
1146,1.841064,0.771349
1147,1.774275,4.528173
1148,2.253776,1.157545
1149,1.994164,1.505139
1150,1.79056,1.96518
1151,1.907784,1.760003
1152,2.334641,2.531779
1153,2.005021,1.203649
1154,1.902109,1.841705
1155,2.178511,2.127525
1156,2.753979,1.590125
1157,1.613814,1.401475
1158,2.355364,1.675747
1159,1.839876,1.413764
1160,2.073061,1.374838
1161,2.406385,1.262016
1162,1.897163,1.789332
1163,2.221467,1.83198
1164,1.879867,1.934086
1165,1.746359,1.2247
1166,2.639121,1.916086
1167,1.833973,0.935306
1168,2.775777,2.137222
1169,2.048287,1.348574
1170,2.150282,1.70551
1171,2.514314,2.284218
1172,2.186908,3.932589
1173,2.231318,1.926615
1174,2.322915,0.875703
1175,2.627749,2.327121
1176,2.058458,6.739339
1177,2.104688,0.696256
1178,2.428073,1.553624
1179,2.204909,1.817008
1180,1.91456,2.027742
1181,2.162543,1.722862
1182,1.886308,0.811177
1183,1.661898,0.886292
1184,2.485613,1.989231
1185,2.038046,0.650675
1186,2.268507,1.584389
1187,2.342231,2.500395
1188,1.928674,1.887331
1189,1.728986,1.637762
1190,2.069234,1.982264
1191,2.230985,1.51858
1192,2.363653,2.049034
1193,1.836641,0.604207
1194,2.167525,2.541379
1195,2.261994,1.035596
1196,2.403661,5.156048
1197,1.897438,1.283293
1198,2.06689,2.287248
1199,2.00724,3.134233
1200,1.940081,1.55545
1201,1.589677,1.743234
1202,2.211176,1.158505
1203,2.423351,2.0735
1204,2.021343,2.152027
1205,1.869012,1.82794
1206,2.281758,1.951628
1207,2.395333,1.772493
1208,2.045516,1.509523
1209,1.901532,0.910364
1210,1.866046,0.987563
1211,2.221868,2.394854
1212,2.277675,1.933177
1213,2.603341,3.603083
1214,2.223907,1.64428
1215,2.063534,0.929587
1216,2.913293,3.907905
1217,1.927741,0.614446
1218,1.958286,0.894474
1219,1.904799,1.382777
1220,2.348729,1.654816
1221,2.019015,1.838687
1222,2.566659,1.679913
1223,2.52544,0.947902
1224,1.935198,1.501824
1225,2.265017,1.145121
1226,1.944798,1.53593
1227,2.657009,2.554341
1228,1.785586,1.151057
1229,2.247508,2.49058
1230,1.686743,1.370438
1231,3.425768,2.243968
1232,2.5461,2.948826
1233,1.920072,1.492248
1234,1.898672,2.022274
1235,2.077877,1.805898
1236,1.967429,2.346574
1237,2.424874,4.727611
1238,1.907118,1.420565
1239,1.857056,2.183157
1240,2.375285,3.823073
1241,2.33643,1.863399
1242,2.478723,1.869104
1243,2.016617,2.136399
1244,2.031395,0.745617
1245,2.336944,1.857465
1246,2.113331,2.346416
1247,1.911827,1.582437
1248,2.103582,1.406093
1249,2.040644,1.267553
1250,1.895926,1.605449
1251,1.844284,1.041685
1252,2.092604,0.569073
1253,2.084227,5.216082
1254,2.064997,2.698232
1255,2.121673,3.780736
1256,2.007207,2.32477
1257,1.883223,2.269206
1258,2.099896,2.148412
1259,1.52172,1.58054
1260,2.501555,0.886661
1261,1.693438,2.169083
1262,1.7,0.656625
1263,2.255038,1.757154
1264,1.731942,1.527472
1265,2.091496,2.160493
1266,2.042587,2.08281
1267,2.065039,1.814848
1268,2.372021,1.576983
1269,2.257992,1.844139
1270,1.995259,0.811869
1271,2.324322,1.158566
1272,2.271919,2.07239
1273,1.806366,2.184356
1274,2.05069,1.380867
1275,1.89215,1.268033
1276,2.513757,1.083419
1277,2.133729,1.008027
1278,1.946005,1.238556
1279,1.980776,1.343859
1280,2.131766,1.502792
1281,2.10355,1.719986
1282,2.248179,1.515687
1283,2.183364,2.173635
1284,1.804758,0.767493
1285,2.363212,1.248296
1286,2.177563,2.40432
1287,1.691075,1.534975
1288,2.656731,1.287076
1289,2.093121,1.132516
1290,1.871172,0.880949
1291,2.459883,1.771079
1292,2.158491,1.98656
1293,2.65001,1.609146
1294,2.192617,1.640906
1295,1.870589,1.788654
1296,2.140325,1.629007
1297,2.178347,2.289394
1298,2.31799,2.666464
1299,1.99878,1.840643
1300,1.894518,2.117035
1301,2.131855,0.417059
1302,1.849782,2.054345
1303,2.163134,2.467555
1304,2.399653,0.530975
1305,1.963943,0.731095
1306,2.478316,2.590143
1307,2.168679,1.370668
1308,1.982193,2.572318
1309,2.151205,1.583505
1310,1.816473,1.567378
1311,2.502342,3.403622
1312,2.198761,2.576689
1313,1.883418,1.446634
1314,1.894336,2.403469
1315,2.217056,1.355623
1316,1.854248,2.50358
1317,2.353008,1.025291
1318,2.287267,1.144388
1319,2.010136,1.286132
1320,2.290264,1.639308
1321,1.502824,1.677384
1322,1.900992,1.783337
1323,2.17397,1.262081
1324,2.289461,1.615965
1325,1.756782,1.877463
1326,1.919135,2.471815
1327,1.746484,1.932048
1328,2.101483,1.193524
1329,2.006188,1.910003
1330,2.120989,1.870658
1331,2.331438,3.77808
1332,2.043723,1.282371
1333,2.231155,2.292609
1334,1.701249,1.675335
1335,1.990461,1.449923
1336,1.889736,1.545001
1337,2.13776,1.582075
1338,1.812128,1.235369
1339,2.68669,1.875689
1340,1.756555,1.344607
1341,2.016625,2.475256
1342,2.110229,1.931484
1343,2.318924,1.547446
1344,2.706841,3.563053
1345,2.25302,2.047806
1346,1.894343,1.639893
1347,1.81629,1.184713
1348,1.999921,1.407696
1349,1.870873,1.726251
1350,2.305211,1.696322
1351,1.957286,2.050565
1352,2.461487,0.947126
1353,2.274279,1.828993
1354,1.694498,1.546521
1355,2.0652,4.463875
1356,2.409321,1.795592
1357,2.045793,2.029742
1358,2.07226,1.359049
1359,1.90171,1.158439
1360,1.495616,1.085094
1361,2.082663,2.430481
1362,2.456787,2.460163
1363,2.355501,2.305041
1364,2.962949,2.64738
1365,2.564179,1.954418
1366,2.001906,1.330234
1367,2.281221,2.559718
1368,2.671518,2.648382
1369,4.37009,5.922439
1370,2.181622,1.976346
1371,1.975404,1.036728
1372,1.794088,1.653019
1373,2.037075,0.784292
1374,1.864692,1.316357
1375,2.122695,1.619903
1376,2.014781,1.926632
1377,2.05319,2.079881
1378,2.26905,1.036627
1379,2.161293,0.929243
1380,2.064796,2.536304
1381,2.029444,2.077639
1382,1.88299,1.37346
1383,1.976055,1.281685
1384,1.756986,2.009891
1385,2.028536,1.409333
1386,2.251613,1.430369
1387,2.495394,2.639808
1388,2.162515,2.659538
1389,2.202016,0.922655
1390,2.309122,2.0304
1391,1.953308,1.21484
1392,2.223424,1.305459
1393,2.823724,4.497126
1394,2.053837,1.243183
1395,2.295638,2.021816
1396,2.001299,1.078839
1397,2.374958,1.94449
1398,1.859244,1.846612
1399,2.266888,1.848352
1400,1.967463,1.590939
1401,2.752364,2.381953
1402,1.790583,2.020286
1403,2.322629,1.904042
1404,1.915993,2.224869
1405,2.169176,1.645409
1406,2.530215,1.087658
1407,1.733339,0.957297
1408,1.991755,2.143848
1409,2.22292,1.403729
1410,2.129202,1.368809
1411,2.269272,1.868286
1412,2.032314,0.534296
1413,1.565659,1.243151
1414,2.170842,2.346674
1415,2.482816,2.167124
1416,2.169559,1.044985
1417,2.261776,1.286772
1418,2.146403,1.867341
1419,2.114661,2.099672
1420,2.310143,1.123032
1421,2.297353,2.451361
1422,2.027461,1.586357
1423,1.707914,1.339101
1424,2.592221,1.555848
1425,1.87228,1.631731
1426,2.284712,1.383491
1427,1.819531,1.264972
1428,2.002233,0.882575
1429,2.044623,1.876586
1430,2.220989,1.63918
1431,2.123099,1.860871
1432,2.789697,3.608145
1433,2.320928,1.264966
1434,1.647481,1.102659
1435,1.810652,1.315532
1436,1.873489,2.579122
1437,1.635207,1.950126
1438,1.906999,2.66603
1439,2.024286,3.654401
1440,2.400386,2.139818
1441,1.669245,0.985008
1442,2.459328,1.606482
1443,2.07125,1.300865
1444,2.209563,2.95335
1445,2.32256,2.035301
1446,1.992019,2.219123
1447,2.317661,1.345172
1448,1.912286,2.353458
1449,2.016284,1.803065
1450,1.967394,0.956142
1451,2.519738,1.870488
1452,2.100752,1.921555
1453,1.947527,1.353825
1454,1.708292,1.356959
1455,2.820478,3.272915
1456,1.870936,1.458603
1457,1.849107,0.930961
1458,1.643005,1.832675
1459,2.333165,1.546002
1460,1.787764,1.177839
1461,2.339142,1.779895
1462,2.411359,2.837083
1463,2.191025,0.808872
1464,2.269348,1.547622
1465,1.838455,1.6407
1466,2.090477,1.852932
1467,1.919817,1.409481
1468,2.223149,1.812073
1469,2.034824,1.401973
1470,1.965539,1.832724
1471,2.183268,3.120672
1472,2.299634,1.532098
1473,2.009833,1.52541
1474,2.163534,1.459325
1475,1.967814,0.828499
1476,1.702116,0.801942
1477,1.801009,1.405253
1478,1.937287,3.869524
1479,1.934662,1.302924
1480,1.66164,1.211363
1481,2.033777,1.414049
1482,2.838661,2.23961
1483,2.140197,2.969938
1484,2.131995,2.131783
1485,2.501425,2.296188
1486,2.157854,2.022305
1487,1.902154,2.195919
1488,1.938722,1.029697
1489,2.469967,1.807025
1490,2.213745,3.690794
1491,2.069346,2.457859
1492,1.777474,1.006492
1493,1.777854,1.471801
1494,2.383245,1.812177
1495,1.655448,1.860183
1496,1.873667,1.59962
1497,1.959847,1.205846
1498,2.113029,1.642944
1499,1.937518,2.552111
1500,2.923857,2.349139
1501,2.145934,2.256592
1502,1.825155,1.311203
1503,1.764495,0.937088
1504,2.179654,2.18341
1505,2.617541,2.652826
1506,1.747331,2.244878
1507,2.734371,1.695208
1508,2.32184,1.343468
1509,1.819636,1.243946
1510,2.376802,1.157261
1511,2.142401,2.765736
1512,1.907208,1.504178
1513,2.005292,2.118602
1514,2.118871,2.322283
1515,1.970581,1.382901
1516,2.449741,1.346593
1517,1.789526,1.376334
1518,2.344878,0.504264
1519,2.173126,0.834007
1520,2.049702,1.254975
1521,1.555288,1.444089
1522,2.219603,1.015538
1523,1.81878,1.385664
1524,2.631731,2.236674
1525,1.955406,1.712011
1526,2.058387,1.648426
1527,2.419903,2.531332
1528,1.912337,2.920155
1529,1.847942,1.577016
1530,2.117493,1.685451
1531,2.078466,1.566939
1532,1.767419,2.337228
1533,1.85793,1.167847
1534,1.896834,2.336145
1535,2.145308,2.673944
1536,1.819817,1.061214
1537,2.139104,1.821365
1538,2.277222,1.233375
1539,2.136114,1.788465
1540,1.976892,1.856002
1541,1.915891,1.56543
1542,2.413558,1.91351
1543,2.284605,1.529233
1544,1.723317,0.563736
1545,1.86945,1.369075
1546,2.233941,2.104279
1547,2.091317,1.64058
1548,2.055273,1.647235
1549,1.994057,1.535514
1550,2.431423,2.303946
1551,2.272441,1.457902
1552,2.209733,1.465846
1553,2.289639,2.284128
1554,2.258424,1.66356
1555,1.876738,2.232696
1556,2.208443,2.448078
1557,1.977459,1.066704
1558,2.072485,1.465939
1559,2.141891,0.796438
1560,1.780284,0.907382
1561,3.001238,2.225322
1562,1.960471,1.313337
1563,1.749151,2.657842
1564,2.022067,1.329492
1565,2.26224,2.261976
1566,1.991481,1.752748
1567,2.15404,0.733551
1568,1.950988,1.151348
1569,2.019496,0.752398
1570,2.065829,2.05596
1571,1.940732,1.192945
1572,1.756562,1.266603
1573,2.169111,1.049998
1574,1.616064,1.074678
1575,2.524477,1.00214
1576,2.288933,1.491978
1577,2.353401,1.705994
1578,2.434437,2.330914
1579,1.566464,0.860964
1580,2.35767,1.395641
1581,1.947356,2.610528
1582,2.232285,1.734092
1583,2.155653,1.475809
1584,2.220157,2.41889
1585,2.297001,1.369866
1586,1.956446,1.431903
1587,1.982122,1.543542
1588,2.390836,2.65553
1589,2.291723,2.127036
1590,2.23661,1.648863
1591,2.098936,1.428573
1592,2.219952,1.441247
1593,2.047903,1.480607
1594,2.153564,2.483114
1595,2.033552,1.791855
1596,2.250063,2.413454
1597,2.259199,1.720043
1598,1.70016,0.900888
1599,2.337763,1.929888
1600,2.612387,2.06931
1601,2.135814,1.382785
1602,1.645074,1.305011
1603,2.039185,2.221657
1604,1.740897,0.587867
1605,1.570874,1.221414
1606,2.093997,1.83367
1607,2.08486,1.750262
1608,2.06222,1.579235
1609,2.076754,1.779837
1610,2.253051,1.745753
1611,2.207551,2.952007
1612,1.907123,1.402392
1613,2.129564,1.393932
1614,2.291143,2.008914
1615,1.85498,1.554562
1616,2.225743,1.17795
1617,2.178512,1.843067
1618,2.351128,1.611771
1619,1.835349,1.106009
1620,1.857761,1.091846
1621,2.2047,1.079779
1622,2.388209,1.530963
1623,2.733727,1.887288
1624,2.246432,1.436491
1625,2.18026,1.579886
1626,2.51965,2.348416
1627,2.390145,1.458138
1628,2.024115,1.377817
1629,2.196947,1.302197
1630,1.62429,1.964026
1631,2.341645,2.455374
1632,2.014907,1.225271
1633,2.044818,1.665496
1634,2.475029,1.025001
1635,2.377069,2.216989
1636,1.9701,2.442813
1637,2.287899,2.919674
1638,2.540587,4.046905
1639,1.882676,1.679255
1640,1.682867,1.364798
1641,1.849633,1.301988
1642,2.119832,1.263026
1643,1.948521,1.311687
1644,2.11556,1.279768
1645,1.85303,2.137066
1646,1.878387,1.41353
1647,1.816298,1.7075
1648,2.733547,2.022881
1649,2.243376,1.350088
1650,2.260507,2.771497
1651,2.563703,1.126458
1652,1.831005,1.155659
1653,1.750061,1.6913
1654,1.999179,1.643118
1655,2.049202,1.867229
1656,2.409682,3.517224
1657,1.830567,0.923252
1658,1.989156,1.806099
1659,2.269016,1.946485
1660,2.022247,1.266518
1661,2.401883,1.720115
1662,1.728742,1.21172
1663,1.864765,1.754748
1664,2.627886,1.782256
1665,2.000954,1.015694
1666,1.911706,1.072802
1667,2.3269,1.268822
1668,2.055833,2.083791
1669,2.022565,1.923124
1670,1.991799,2.342237
1671,2.288795,1.559517
1672,1.976485,1.698326
1673,1.99679,2.745126
1674,2.148318,2.525062
1675,1.843887,1.383298
1676,2.141404,1.90427
1677,3.17632,2.213035
1678,2.701523,2.484356
1679,2.010397,1.341286
1680,2.003596,1.500802
1681,1.847939,1.725808
1682,2.372579,2.517641
1683,2.005386,1.633274
1684,1.843073,2.271238
1685,2.126719,1.428255
1686,2.010087,1.528264
1687,2.103482,1.872615
1688,1.804405,1.559563
1689,2.22525,0.577366
1690,1.828722,1.202761
1691,2.394624,1.846794
1692,2.008881,1.29395
1693,1.67897,1.034746
1694,2.018164,1.700633
1695,1.805624,1.676667
1696,2.148594,2.254502
1697,1.659158,1.658962
1698,2.084186,1.900842
1699,2.544694,1.948287
1700,2.101584,1.58514
1701,2.113584,2.48329
1702,1.752067,1.022669
1703,2.130655,1.514208
1704,2.115348,1.791301
1705,1.785842,0.963207
1706,1.911431,0.879204
1707,2.159113,1.095206
1708,2.086428,1.483391
1709,1.947142,1.040633
1710,2.097648,1.108459
1711,2.322198,0.892252
1712,1.678698,2.220899
1713,2.42175,3.069177
1714,1.611246,0.629137
1715,2.080727,1.517805
1716,2.105724,1.363145
1717,2.513366,1.817602
1718,1.867118,1.103691
1719,2.019388,1.617255
1720,1.805408,1.58308
1721,1.725699,0.980759
1722,1.776859,1.061933
1723,2.103816,2.517772
1724,2.086359,2.642959
1725,1.588627,1.228262
1726,2.18566,1.228236
1727,2.551186,1.317257
1728,2.55469,2.168075
1729,1.689033,1.054866
1730,2.228501,1.556255
1731,1.876694,1.419122
1732,2.009349,1.817261
1733,2.587606,0.711158
1734,2.544575,2.365598
1735,2.395849,2.344221
1736,2.021464,1.662282
1737,1.936523,2.196129
1738,1.747312,2.170475
1739,1.700113,1.620003
1740,2.495558,0.916621
1741,2.153085,1.744202
1742,2.575565,1.444604
1743,1.935845,1.860755
1744,1.920294,2.467347
1745,1.823727,1.359771
1746,2.089424,1.804777
1747,1.933681,1.275695
1748,2.164887,1.671634
1749,1.991631,1.840471
1750,2.066078,2.099569
1751,1.600783,1.394178
1752,2.196757,2.140103
1753,2.619252,1.528217
1754,2.14512,1.0204
1755,1.49595,1.275079
1756,1.524804,1.413689
1757,1.936959,1.735105
1758,2.139028,0.758419
1759,1.946507,2.092616
1760,1.680173,1.407262
1761,1.973168,1.887109
1762,1.993756,1.31741
1763,2.590808,1.71266
1764,1.850576,2.150567
1765,2.260538,1.128126
1766,2.031784,0.454067
1767,1.904295,1.067766
1768,2.19067,0.912806
1769,2.016483,1.510789
1770,2.00932,2.546617
1771,2.091292,2.356328
1772,2.369701,2.227766
1773,2.525848,2.146041
1774,1.825688,1.533897
1775,1.757006,1.059335
1776,1.842432,1.67727
1777,1.716404,3.212798
1778,1.878454,0.968759
1779,1.970992,1.774259
1780,2.128793,1.328792
1781,1.960791,1.476499
1782,1.961545,1.545608
1783,2.091643,1.934968
1784,1.973654,1.481418
1785,2.222448,2.524051
1786,2.133948,1.867592
1787,1.745802,2.652028
1788,2.256714,2.403935
1789,1.961798,1.40712
1790,2.119195,1.621526
1791,1.962698,1.508686
1792,2.299948,1.295273
1793,2.414281,1.435746
1794,2.225784,1.902955
1795,2.43212,0.91734
1796,2.166866,1.336529
1797,2.28763,1.681093
1798,2.426376,2.568338
1799,2.106238,1.018159
1800,1.972732,1.992826
1801,2.112167,1.772373
1802,2.113372,0.945519
1803,2.279154,1.645012
1804,2.292341,1.785542
1805,1.790193,1.451024
1806,2.179627,3.017144
1807,1.98958,0.754577
1808,1.948845,0.74804
1809,1.889446,1.873277
1810,2.410738,3.918159
1811,1.798664,1.008844
1812,2.233585,1.464454
1813,1.84869,1.511002
1814,2.16704,1.679207
1815,2.35411,1.94009
1816,1.727314,0.893174
1817,1.775048,1.194267
1818,2.279706,1.0
1819,2.519351,1.661382
1820,2.084744,2.208671
1821,2.393542,1.162906
1822,1.991157,1.211367
1823,1.974222,0.876791
1824,1.973796,1.124038
1825,1.77557,3.997949
1826,2.396963,1.123043
1827,2.461072,2.261213
1828,2.016882,0.596715
1829,2.825492,1.554926
1830,2.116426,2.721898
1831,2.294657,0.891933
1832,1.9912,2.645558
1833,1.859431,2.229762
1834,2.110625,1.596055
1835,2.049406,2.120493
1836,1.709432,3.109368
1837,1.917822,1.398358
1838,2.147346,1.519426
1839,2.424522,2.015336
1840,1.762206,1.135056
1841,2.427394,1.648887
1842,2.107866,2.31396
1843,2.145638,2.15079
1844,1.836338,1.363038
1845,1.259271,1.183007
1846,2.001636,1.598526
1847,1.753446,1.148029
1848,2.133897,1.091963
1849,2.31757,3.15558
1850,1.93335,1.170232
1851,1.817349,1.608909
1852,1.880352,2.178468
1853,1.984149,1.781037
1854,2.18549,2.241575
1855,2.209474,5.580192
1856,1.96699,1.077997
1857,1.998836,2.739896
1858,2.239438,1.403375
1859,2.336026,2.262559
1860,2.055645,1.84731
1861,2.148082,1.052115
1862,1.981395,1.68983
1863,2.167788,1.172624
1864,1.824556,0.617564
1865,1.878783,1.044849
1866,2.712478,1.777436
1867,2.487475,2.720389
1868,1.959309,1.080089
1869,1.738345,1.436435
1870,2.120351,2.002347
1871,2.321495,2.172686
1872,1.771609,2.123324
1873,2.578794,1.699506
1874,2.219452,2.444944
1875,2.416415,1.295843
1876,2.433567,2.434254
1877,1.993012,2.211676
1878,2.387082,1.455826
1879,2.386789,1.762229
1880,1.998547,2.999704
1881,1.813971,1.778572
1882,1.963606,1.897693
1883,2.234228,2.006646
1884,2.056742,1.968792
1885,2.104742,1.463517
1886,2.042685,1.209599
1887,1.824436,0.735798
1888,2.870471,2.909362
1889,1.896998,1.568543
1890,2.245017,0.939203
1891,2.165523,0.933519
1892,1.989712,1.715112
1893,2.009241,1.08609
1894,1.754372,1.576662
1895,2.247234,2.744199
1896,2.348634,2.214274
1897,2.517496,4.476545
1898,1.815398,1.821385
1899,2.273983,1.504461
1900,2.087318,1.236026
1901,1.819201,0.815767
1902,2.188241,1.254882
1903,2.189544,1.763636
1904,2.087006,1.624814
1905,2.094223,2.880053
1906,3.006476,1.889954
1907,2.501492,3.701555
1908,1.720904,1.264207
1909,2.320028,1.985606
1910,2.075743,1.974716
1911,2.170041,2.226697
1912,1.657143,1.507597
1913,2.547706,1.805065
1914,1.741952,0.957391
1915,1.762849,1.054818
1916,1.550467,1.426086
1917,2.082234,2.887324
1918,1.645867,0.761822
1919,2.345611,1.254655
1920,2.024116,0.63015
1921,2.196307,1.766874
1922,1.964626,1.793461
1923,1.974624,1.36149
1924,3.048839,2.436318
1925,2.073875,1.944756
1926,1.983284,1.26553
1927,2.41323,2.613368
1928,2.724789,1.960314
1929,2.040614,1.582031
1930,2.615005,1.997626
1931,2.096891,1.221678
1932,1.848668,0.779257
1933,1.911973,2.609416
1934,2.004434,1.429566
1935,2.275483,1.568638
1936,1.862405,0.64516
1937,2.013741,1.840326
1938,1.790305,1.545282
1939,2.138921,1.947728
1940,2.006503,1.352622
1941,1.808445,1.312088
1942,2.424573,1.905561
1943,2.151767,0.731728
1944,2.025352,1.408568
1945,1.834067,1.065694
1946,1.712646,1.060312
1947,1.711151,1.688692
1948,1.913518,1.481513
1949,1.871175,1.881913
1950,2.049554,1.18495
1951,1.992103,1.985557
1952,2.199848,2.775351
1953,2.408578,1.401191
1954,2.155925,1.701128
1955,1.923496,0.915597
1956,1.763587,1.395909
1957,1.837036,2.134563
1958,2.331313,1.564465
1959,2.359088,1.721605
1960,2.074984,1.745604
1961,1.860599,1.633975
1962,1.889818,1.814684
1963,2.155098,1.513053
1964,2.053431,2.62662
1965,1.895774,1.438499
1966,2.119116,1.947305
1967,2.684059,3.029771
1968,2.030169,2.108284
1969,1.813546,1.381072
1970,3.018698,1.379023
1971,1.885804,1.719262
1972,2.164628,2.217741
1973,2.303653,2.584096
1974,1.969186,3.458101
1975,2.09685,1.491197
1976,2.417496,2.530227
1977,2.425048,2.572189
1978,2.000187,1.31888
1979,1.933961,1.647187
1980,2.266781,1.341804
1981,1.93728,1.063473
1982,2.090025,2.161464
1983,1.709486,1.357408
1984,1.987226,1.014369
1985,2.571812,1.815317
1986,2.16277,1.614924
1987,1.944266,1.817586
1988,1.619653,1.36181
1989,2.027316,2.092915
1990,2.239924,1.097759
1991,1.993343,0.862049
1992,1.661548,1.178464
1993,1.879613,1.80094
1994,2.399709,1.687296
1995,2.135967,1.469932
1996,2.65276,1.650951
1997,1.89765,1.830259
1998,1.889564,2.456288
1999,1.752065,1.49467
2000,1.878679,0.884665
2001,1.988961,1.2032
2002,1.875979,2.050364
2003,2.52092,1.50542
2004,1.848797,1.290583
2005,2.604619,1.3709
2006,2.332202,1.76106
2007,2.040354,1.807815
2008,2.145136,2.353034
2009,2.130748,3.251766
2010,1.983987,1.390989
2011,2.253688,1.311134
2012,2.271982,1.33792
2013,2.390225,2.299582
2014,2.709423,1.597418
2015,2.051145,1.242648
2016,1.870248,1.749557
2017,2.647263,2.201158
2018,1.640581,1.442193
2019,2.124214,1.053925
2020,1.693093,0.265352
2021,2.623128,2.064491
2022,2.2229,2.176794
2023,1.816546,1.547815
2024,1.945801,1.028102
2025,2.003859,1.640294
2026,1.774517,1.476462
2027,1.943205,1.736484
2028,1.869572,1.710252
2029,2.068462,1.089465
2030,2.227389,1.131291
2031,2.497115,1.579123
2032,2.067942,1.188925
2033,1.731564,0.787615
2034,1.749018,1.62106
2035,2.243142,1.993416
2036,2.07245,1.305374
2037,1.836533,0.864242
2038,1.935833,1.222456
2039,2.079215,1.626144
2040,1.880022,1.662553
2041,2.628212,1.373804
2042,2.078837,1.999873
2043,2.289844,1.781232
2044,1.82522,2.180695
2045,2.138622,1.059746
2046,2.578668,1.307352
2047,1.851939,1.218625
2048,2.2904,1.824724
2049,1.952212,1.486632
2050,2.154861,1.607377
2051,2.118136,2.497619
2052,2.040054,1.544612
2053,2.056005,1.220951
2054,2.280351,3.547886
2055,1.992999,2.846501
2056,2.326882,3.318292
2057,1.803673,2.217726
2058,1.926835,1.465281
2059,2.611185,2.164159
2060,2.058002,1.142514
2061,1.758787,2.985051
2062,2.461515,1.088118
2063,1.896035,0.356368
2064,1.928624,1.249669
2065,1.812641,1.453195
2066,1.985576,1.881054
2067,2.160309,1.408217
2068,1.751245,1.83345
2069,1.717644,2.426389
2070,1.945387,1.195345
2071,1.923608,0.772276
2072,1.961142,2.682282
2073,2.055996,2.443856
2074,1.945787,1.296284
2075,2.033685,1.649204
2076,2.035661,1.062996
2077,2.160697,1.920392
2078,1.792099,2.789973
2079,2.345081,2.547669
2080,2.358799,2.75955
2081,2.902025,2.274244
2082,2.722254,1.025422
2083,2.644842,1.572597
2084,2.193526,3.450766
2085,1.982196,2.024142
2086,2.229899,1.744347
2087,1.894012,2.147486
2088,2.247932,0.900952
2089,1.791082,1.910623
2090,1.717807,1.842808
2091,2.212729,2.206293
2092,1.677661,1.262879
2093,1.909012,1.823569
2094,2.246872,1.222658
2095,2.248874,1.897414
2096,1.94936,1.193333
2097,1.648185,1.478328
2098,1.975228,2.838281
2099,1.910663,1.408826
2100,2.29404,1.538835
2101,1.803105,1.134837
2102,2.075265,1.068598
2103,2.836153,1.864358
2104,1.842956,2.280925
2105,2.458713,2.185934
2106,1.919254,0.874335
2107,2.506328,2.602989
2108,1.954084,2.114517
2109,1.943529,1.691857
2110,1.885823,1.938131
2111,1.943478,0.972115
2112,2.474331,2.865679
2113,1.987725,1.001848
2114,2.013964,2.719183
2115,1.895827,1.377567
2116,2.310894,1.102627
2117,1.969034,1.464157
2118,2.024303,1.320307
2119,1.981672,1.810974
2120,1.9609,1.44031
2121,1.554442,1.619337
2122,2.45874,1.169992
2123,2.07508,1.15045
2124,1.932328,1.597486
2125,2.065971,1.592115
2126,1.992217,1.570973
2127,1.871997,0.964957
2128,1.800803,1.146713
2129,1.67455,1.235078
2130,2.09082,1.47438
2131,2.145852,1.187174
2132,2.222601,1.711955
2133,1.827149,1.432122
2134,1.947858,1.9711
2135,2.344135,2.293074
2136,1.867963,1.626145
2137,1.589992,0.708308
2138,2.372102,2.745941
2139,1.8874,1.50264
2140,2.518158,2.466821
2141,2.680374,2.335193
2142,2.177563,2.285391
2143,2.084506,1.64621
2144,2.141991,1.60144
2145,2.261621,2.105844
2146,2.549216,2.231856
2147,2.134781,1.566421
2148,2.280871,1.944428
2149,2.081585,0.838493
2150,2.178923,1.879422
2151,2.052636,2.036526
2152,1.991321,2.884708
2153,1.796199,1.690466
2154,1.971936,2.058789
2155,1.99848,1.801258
2156,1.84374,1.128308
2157,1.901663,1.691513
2158,1.950646,0.834568
2159,1.91411,1.50407
2160,1.933382,1.702848
2161,2.109942,1.505881
2162,1.680756,2.121584
2163,1.8957,2.553156
2164,1.960049,1.799124
2165,2.402037,3.757142
2166,1.694514,1.022966
2167,1.991347,1.081945
2168,2.211795,1.30714
2169,1.563944,0.926492
2170,2.039447,0.972689
2171,1.970997,2.131533
2172,2.411052,1.657405
2173,1.9153,1.512236
2174,1.880442,1.158404
2175,2.041731,0.756364
2176,2.381877,1.378416
2177,2.488777,1.886792
2178,2.500139,7.605987
2179,1.76434,1.496759
2180,1.868329,0.906669
2181,2.232049,2.244882
2182,2.085696,0.68866
2183,2.216162,1.777195
2184,2.246849,3.096188
2185,1.950664,2.354707
2186,2.097324,1.783132
2187,2.775153,1.915625
2188,2.291116,3.110778
2189,2.804983,1.149088
2190,2.573301,2.310072
2191,2.214382,1.444708
2192,1.839663,1.581813
2193,2.317711,2.077447
2194,1.864801,1.268933
2195,2.484207,1.255773
2196,1.757397,1.198885
2197,2.303787,2.772273
2198,1.890585,1.276832
2199,1.997247,1.149
2200,2.174985,1.916866
2201,1.965281,2.239648
2202,2.0933,3.066625
2203,1.906311,1.507647
2204,2.062954,1.900536
2205,1.887366,1.723825
2206,1.796247,1.095536
2207,2.092572,1.12228
2208,1.976623,1.48606
2209,2.261584,1.840563
2210,1.752353,1.034873
2211,2.137593,1.243214
2212,2.140781,1.086446
2213,2.043692,2.015961
2214,2.147421,1.309842
2215,2.648544,1.082809
2216,1.974724,1.73687
2217,1.7577,0.562145
2218,1.884097,2.018879
2219,1.919696,1.237892
2220,2.157601,1.551665
2221,1.960303,1.853785
2222,2.337452,0.662031
2223,2.063068,1.477907
2224,2.284416,2.144113
2225,2.154371,0.667877
2226,2.275471,1.199475
2227,2.285242,2.304811
2228,1.668181,2.76253
2229,2.042429,1.832731
2230,2.33886,1.857018
2231,2.233468,0.800986
2232,2.038582,0.643061
2233,2.357903,2.131631
2234,2.302397,0.691787
2235,3.032622,1.574109
2236,1.836798,2.083072
2237,2.46833,2.408429
2238,2.52881,1.907717
2239,1.837743,1.161645
2240,2.049673,0.773594
2241,1.762778,1.028447
2242,1.884428,1.376878
2243,1.869344,2.850571
2244,2.2191,1.475182
2245,1.937002,0.745811
2246,2.418194,1.576057
2247,2.197595,2.866148
2248,2.156529,2.270762
2249,2.617063,1.67416
2250,1.983219,1.503788
2251,2.145644,1.997451
2252,2.170738,0.865577
2253,1.564352,1.095279
2254,2.278264,2.182393
2255,1.734823,1.7472
2256,2.047695,1.91446
2257,1.89092,1.643787
2258,1.973649,1.13307
2259,1.880652,1.41504
2260,2.125705,2.143734
2261,2.558905,2.900103
2262,2.008873,3.014868
2263,1.832555,0.639626
2264,2.163184,2.030031
2265,1.993668,0.392414
2266,1.851763,2.435576
2267,1.722891,1.952218
2268,1.800498,1.938499
2269,2.666289,3.657734
2270,2.297955,1.376196
2271,2.05998,1.19671
2272,2.182265,1.608704
2273,2.001272,1.641044
2274,2.117995,0.903673
2275,2.360303,2.235775
2276,2.51977,1.413961
2277,1.912626,1.848485
2278,2.016986,1.490827
2279,2.162742,1.639668
2280,2.126693,2.032609
2281,2.027508,1.306334
2282,2.340712,1.524114
2283,2.340652,2.189435
2284,1.831868,1.322414
2285,1.80528,1.405754
2286,2.628317,2.551777
2287,1.99378,1.894414
2288,1.73522,0.850817
2289,2.773457,3.079689
2290,2.460201,1.886367
2291,2.800722,3.021252
2292,2.346611,1.116005
2293,2.140083,1.67481
2294,1.992176,1.345578
2295,2.147462,3.37062
2296,2.158732,2.656304
2297,1.808258,0.908949
2298,1.874772,2.115468
2299,1.765468,1.294083
2300,2.515741,3.773239
2301,1.861573,1.425218
2302,2.083568,0.980264
2303,2.857565,3.403851
2304,2.560657,1.529226
2305,1.98463,1.884997
2306,2.557288,4.076874
2307,2.108858,2.062051
2308,2.01994,1.339416
2309,2.02963,1.815326
2310,2.365764,2.603513
2311,1.925547,1.221812
2312,1.745118,1.177825
2313,2.572769,1.925365
2314,1.802097,1.423222
2315,2.922414,1.669928
2316,2.052909,1.652108
2317,1.952427,0.94688
2318,2.011957,1.737044
2319,2.463458,1.746465
2320,2.146914,2.005141
2321,1.855022,1.69427
2322,2.19709,2.070756
2323,1.790988,1.385095
2324,2.012185,0.750878
2325,2.662868,1.510152
2326,1.684301,1.295556
2327,2.10275,2.902257
2328,2.008136,1.458797
2329,1.696012,1.336186
2330,2.505317,1.978906
2331,2.582365,1.549278
2332,2.672835,2.631575
2333,1.922291,1.546082
2334,1.595882,1.843665
2335,1.806748,3.206899
2336,2.0,2.285674
2337,2.046444,0.975383
2338,2.414321,2.992792
2339,2.10533,1.205035
2340,2.152544,2.575352
2341,1.433568,1.003325
2342,1.765379,1.085536
2343,2.11612,1.462723
2344,1.995175,2.195051
2345,2.045281,1.308518
2346,1.745746,0.783214
2347,2.054417,1.325618
2348,2.084195,1.527412
2349,2.180787,1.297218
2350,1.855608,1.982391
2351,1.814407,1.270831
2352,2.192807,1.474692
2353,1.974981,1.895564
2354,2.342149,2.26993
2355,2.009077,2.007156
2356,1.960201,0.669957
2357,2.002337,0.812146
2358,1.743388,1.044209
2359,2.367173,1.269988
2360,2.067593,1.451295
2361,1.852732,1.068175
2362,1.940131,2.17048
2363,2.224492,0.862321
2364,2.169238,3.433717
2365,1.910236,1.946916
2366,1.959702,1.645496
2367,1.823022,2.416487
2368,1.939939,1.021226
2369,1.566802,0.987096
2370,2.157554,1.271661
2371,1.926963,1.742812
2372,4.0211,3.591933
2373,2.256289,1.089194
2374,2.20959,1.294427
2375,1.962712,1.482121
2376,1.856664,1.843682
2377,2.019797,2.09258
2378,2.083469,0.96074
2379,2.286369,2.067751
2380,2.219254,1.568846
2381,1.828715,1.385233
2382,2.008901,1.717753
2383,1.964552,0.923084
2384,2.048133,2.372365
2385,2.271082,3.723616
2386,2.131341,1.159443
2387,2.10555,2.147682
2388,2.281704,2.275743
2389,1.897154,1.355265
2390,2.172185,1.323288
2391,2.050983,1.515511
2392,1.789934,0.904898
2393,2.868654,2.119172
2394,2.031817,0.575976
2395,1.94798,1.880549
2396,2.796889,1.896775
2397,2.266492,2.42386
2398,1.693985,1.771202
2399,2.330018,2.388871
2400,1.844095,1.43584
2401,2.189538,1.391213
2402,1.832356,2.247085
2403,2.001182,1.698526
2404,2.246041,1.160967
2405,2.685256,2.260434
2406,1.906568,1.297634
2407,2.578099,2.754918
2408,2.317374,1.928663
2409,2.014721,1.665283
2410,1.892863,1.516725
2411,2.059028,1.282548
2412,1.976561,1.990279
2413,1.958915,1.371892
2414,2.128962,0.918991
2415,1.975784,1.505916
2416,2.037141,0.768761
2417,2.546118,2.494777
2418,1.842369,1.480757
2419,1.978166,1.615379
2420,2.177638,3.375595
2421,2.387513,2.221796
2422,1.731036,0.919788
2423,2.114509,1.401577
2424,1.96639,2.617839
2425,2.350812,1.601655
2426,1.62942,0.902824
2427,2.443848,0.73461
2428,1.889675,1.586652
2429,1.807683,0.882967
2430,2.41088,1.87453
2431,2.138076,1.763216
2432,2.172788,1.543722
2433,2.36793,2.637604
2434,2.055621,1.608348
2435,2.135447,1.930777
2436,1.744833,1.702078
2437,1.979244,0.671497
2438,2.430839,2.204807
2439,2.214103,1.327516
2440,2.070964,1.489323
2441,1.830899,0.944948
2442,2.090566,1.750537
2443,2.302179,1.579065
2444,1.874575,1.35555
2445,2.413325,1.783283
2446,2.140484,1.838348
2447,2.243569,1.896553
2448,2.278293,1.792972
2449,2.190062,2.372015
2450,1.897735,0.691584
2451,1.862186,0.811461
2452,2.246816,2.098728
2453,2.372315,1.416629
2454,1.842638,1.981245
2455,1.940339,1.434955
2456,1.7354,1.846094
2457,2.030277,1.367883
2458,1.811011,0.928845
2459,1.961709,1.402812
2460,2.157625,1.285489
2461,2.185993,2.396743
2462,2.071745,2.290291
2463,2.361088,2.602279
2464,1.987564,2.878782
2465,1.92252,1.161457
2466,2.525709,1.62174
2467,2.293479,1.874199
2468,2.231454,1.032858
2469,2.289774,1.30771
2470,1.96092,2.820821
2471,1.748164,1.054153
2472,2.091727,1.191997
2473,2.114117,1.661687
2474,2.249114,1.370096
2475,1.92758,1.821202
2476,2.596729,1.18531
2477,1.773862,1.543912
2478,1.8835,1.626771
2479,2.00197,0.838449
2480,1.935879,1.267388
2481,1.892884,3.098116
2482,1.989339,1.535914
2483,2.027926,0.99732
2484,2.086258,1.77494
2485,2.058835,1.468158
2486,2.106835,2.091462
2487,1.723653,1.492055
2488,2.122983,2.721595
2489,2.369979,0.963706
2490,1.917984,1.453399
2491,1.813545,2.006968
2492,2.386026,1.891654
2493,1.758792,1.568119
2494,2.246256,4.183992
2495,2.100785,1.808697
2496,1.968049,1.714134
2497,1.762639,1.458615
2498,1.909449,1.83374
2499,2.663396,1.672908
2500,2.111802,1.162637
2501,1.95589,1.758945
2502,2.215849,1.600639
2503,1.851111,1.643809
2504,2.000803,1.811803
2505,2.178768,1.469834
2506,2.120803,1.65996
2507,2.241422,2.769452
2508,2.110982,0.83035
2509,1.893464,0.609741
2510,2.549672,2.65234
2511,2.180951,1.668224
2512,2.380824,1.601241
2513,1.832803,1.467062
2514,2.032125,0.544182
2515,1.917533,0.956784
2516,1.889249,0.874497
2517,2.23654,2.71075
2518,1.920484,2.127779
2519,1.825012,1.914988
2520,2.141532,0.906883
2521,2.008535,1.017438
2522,1.904605,1.264665
2523,1.823418,0.447267
2524,2.122504,1.637016
2525,1.898099,1.111378
2526,1.769003,2.114502
2527,1.663735,1.627492
2528,1.731773,1.17083
2529,1.887657,2.205222
2530,2.12861,0.541451
2531,2.243302,1.692009
2532,1.937079,1.865837
2533,1.901202,0.972143
2534,1.793387,1.26045
2535,2.046256,2.326048
2536,1.997967,1.455457
2537,2.760096,3.097554
2538,2.050567,1.55507
2539,1.975902,1.979179
2540,2.482693,3.072773
2541,1.830969,1.409413
2542,2.005768,1.148369
2543,2.044416,1.716281
2544,1.975269,2.404884
2545,2.04962,1.947196
2546,2.180346,1.874746
2547,2.118502,1.212858
2548,1.805372,1.603485
2549,2.014758,1.552867
2550,2.010829,1.712558
2551,2.342236,1.868141
2552,2.107632,3.33852
2553,1.898151,2.141604
2554,2.038375,2.445889
2555,2.366361,1.266311
2556,2.13958,1.269791
2557,1.893156,2.11831
2558,2.099628,2.152055
2559,2.264424,2.465263
2560,2.119776,6.448204
2561,2.13883,2.526991
2562,2.029851,2.024079
2563,2.261743,1.79053
2564,2.497917,3.262468
2565,2.134195,0.883889
2566,2.024047,1.558695
2567,1.874735,0.696481
2568,2.393194,1.695071
2569,1.83428,1.007131
2570,2.214602,0.875429
2571,2.42616,2.575932
2572,1.575283,1.347342
2573,1.908742,2.338332
2574,1.904451,1.885365
2575,2.541865,1.714147
2576,2.825,2.289524
2577,2.281609,1.617815
2578,2.32932,2.007033
2579,2.014657,2.144961
2580,1.920911,1.718709
2581,1.850192,1.242913
2582,2.208162,3.033551
2583,3.334791,2.948296
2584,2.127039,1.255956
2585,2.14026,1.080151
2586,1.978941,2.602217
2587,1.812241,1.388715
2588,1.965437,0.808384
2589,2.249829,1.48726
2590,1.813385,0.909903
2591,1.932561,1.383784
2592,2.083653,3.276457
2593,2.117947,1.441149
2594,1.918167,1.75344
2595,2.014018,1.81353
2596,2.107244,2.475412
2597,2.060715,1.229273
2598,1.736126,1.331668
2599,1.695715,0.768097
2600,1.882573,1.514005
2601,2.147752,3.284925
2602,2.053266,3.054123
2603,1.984174,1.657443
2604,2.107756,1.137447
2605,2.045041,1.824758
2606,2.436671,1.75635
2607,2.12275,1.702889
2608,1.782711,1.559336
2609,1.646776,0.782467
2610,2.308519,3.00654
2611,2.14926,1.609295
2612,2.03405,2.671019
2613,2.030509,1.530551
2614,1.739027,1.436363
2615,2.363296,2.114216
2616,2.01368,1.257205
2617,2.205112,2.558872
2618,1.715883,1.271429
2619,1.650643,3.171348
2620,2.291461,1.386326
2621,2.038493,1.984244
2622,1.737281,1.592347
2623,2.139686,1.096618
2624,2.045981,2.200133
2625,2.008161,1.338425
2626,2.361286,1.403899
2627,2.268644,1.340838
2628,2.310536,1.083241
2629,1.985089,1.379925
2630,1.952821,1.960361
2631,3.00359,2.850496
2632,2.02885,0.658482
2633,2.258422,1.871583
2634,2.337851,1.985629
2635,1.781715,1.451705
2636,2.274935,1.727487
2637,2.310572,0.911936
2638,2.216432,1.886737
2639,2.049734,1.769273
2640,2.072393,0.720353
2641,2.077111,1.529218
2642,2.133058,1.566357
2643,1.805886,0.755148
2644,2.163346,1.216986
2645,2.118097,2.297948
2646,2.14377,1.569179
2647,2.027659,2.036222
2648,2.282454,1.894564
2649,1.918423,1.507828
2650,1.980058,0.664245
2651,2.671065,1.866985
2652,1.796229,1.48454
2653,2.1364,2.054313
2654,2.068451,2.005322
2655,1.962373,0.693458
2656,2.233153,2.924047
2657,2.058044,1.55883
2658,2.42354,1.620919
2659,2.049052,1.629998
2660,1.981073,1.275997
2661,1.976101,1.745729
2662,2.24586,1.648471
2663,2.150676,2.767573
2664,1.888833,2.620236
2665,2.197044,3.188129
2666,1.9164,1.7136
2667,1.916803,1.918851
2668,2.037238,0.66321
2669,2.3907,2.412517
2670,2.192405,2.045847
2671,2.701171,3.101622
2672,2.03428,0.842785
2673,2.083195,1.108515
2674,1.783858,2.48967
2675,2.43944,2.408277
2676,1.918109,1.318674
2677,1.973357,1.887228
2678,1.805194,1.042636
2679,2.578266,1.101081
2680,2.38734,1.866375
2681,2.337167,2.623873
2682,2.285953,1.260781
2683,1.580347,1.702362
2684,2.023285,3.232573
2685,2.810459,2.832631
2686,2.357879,0.676659
2687,2.378842,1.593464
2688,1.926338,1.286917
2689,1.83501,0.850275
2690,1.990622,2.130148
2691,1.960921,1.075536
2692,1.848348,1.747632
2693,1.73577,0.732237
2694,1.73799,1.432639
2695,2.452555,2.234031
2696,1.777201,0.801566
2697,2.110367,1.225539
2698,2.248882,1.492158
2699,2.404844,1.910652
2700,1.884881,1.322656
2701,2.15546,1.845553
2702,1.585269,1.716073
2703,2.130447,1.980992
2704,1.935259,1.259711
2705,1.652055,1.388294
2706,1.920248,2.085441
2707,2.021732,1.263428
2708,2.112389,4.696974
2709,2.023943,2.328541
2710,2.449636,1.897467
2711,1.813597,1.112997
2712,2.378518,1.879114
2713,2.120129,0.680805
2714,2.356005,1.437343
2715,2.335282,1.398343
2716,2.067699,1.559263
2717,2.026781,1.195882
2718,1.934009,2.143109
2719,2.15074,1.25914
2720,2.25796,1.834799
2721,1.806461,1.70163
2722,2.028612,1.98982
2723,1.98231,1.353341
2724,1.83544,1.286832
2725,2.530548,3.74293
2726,1.923883,2.534891
2727,2.406672,3.567516
2728,2.067419,2.233478
2729,1.994144,1.266385
2730,1.944098,1.415866
2731,1.804773,0.801788
2732,2.740926,1.605334
2733,2.10435,1.23247
2734,1.836493,1.206213
2735,2.103688,2.129801
2736,1.981913,1.122619
2737,2.114668,2.116613
2738,2.165266,1.532669
2739,1.899228,0.856248
2740,2.036484,1.893137
2741,1.764277,1.123719
2742,1.921945,1.015774
2743,1.730862,0.679409
2744,2.223075,1.582861
2745,2.141484,2.863935
2746,1.89476,2.569689
2747,2.744496,1.813718
2748,1.775585,2.163603
2749,1.695258,2.326889
2750,2.300377,1.378494
2751,2.115288,1.431151
2752,1.767367,1.531483
2753,2.077837,1.349696
2754,1.94537,1.351281
2755,2.004557,1.019854
2756,1.840485,1.0078
2757,2.220218,1.025649
2758,1.922018,1.878736
2759,1.579337,0.967634
2760,2.313615,1.608511
2761,1.930272,0.874091
2762,2.508776,2.033425
2763,2.203764,2.346211
2764,2.167671,1.188869
2765,2.071917,2.138918
2766,1.818065,1.320198
2767,1.655416,1.299643
2768,2.217213,1.477885
2769,2.354732,2.197565
2770,1.657719,1.099033
2771,2.21845,1.769994
2772,2.700427,2.412603
2773,1.942058,2.465052
2774,2.059515,1.720912
2775,2.374646,1.836525
2776,1.866629,1.22869
2777,2.178265,2.135003
2778,2.104936,1.599102
2779,1.950963,0.969144
2780,1.697546,1.278447
2781,1.812901,2.03353
2782,2.231718,1.218091
2783,2.101191,1.526995
2784,1.922695,1.360874
2785,1.749217,1.013642
2786,2.487766,1.542588
2787,2.01417,1.794112
2788,2.922409,1.498423
2789,2.022403,2.870056
2790,2.42078,1.003709
2791,2.014579,2.808241
2792,2.319107,1.747238
2793,2.506972,3.021656
2794,1.986298,1.01443
2795,1.990166,1.520557
2796,2.152844,1.576062
2797,1.407206,0.573028
2798,1.919254,1.542904
2799,2.138504,1.115266
2800,2.254861,1.790018
2801,1.745604,1.953323
2802,1.956358,3.420242
2803,2.158601,1.118869
2804,2.248536,2.300337
2805,2.217588,1.50411
2806,1.986689,1.27829
2807,2.20467,1.760163
2808,2.033689,0.994957
2809,2.1232,1.557009
2810,2.196499,0.96121
2811,2.2042,0.884748
2812,2.197054,1.181459
2813,2.056247,1.059337
2814,2.028687,1.238249
2815,2.236626,2.119472
2816,2.013109,1.506178
2817,2.352133,2.160695
2818,2.019798,0.984443
2819,2.338009,2.065428
2820,1.848698,1.626946
2821,1.950479,1.289022
2822,1.801698,2.92144
2823,1.759561,1.777739
2824,2.21198,1.207909
2825,2.684095,2.830614
2826,2.105771,1.42965
2827,1.977988,3.001304
2828,2.077368,1.649215
2829,1.640471,1.253874
2830,1.990833,1.305912
2831,2.200964,2.065654
2832,2.518431,2.067435
2833,2.044303,1.971362
2834,2.05313,3.162167
2835,2.161933,3.034205
2836,2.123864,1.127905
2837,2.33877,1.480024
2838,1.796862,1.217194
2839,1.879453,2.613816
2840,2.335552,2.155274
2841,2.0122,2.49135
2842,2.180896,1.737032
2843,2.400271,1.995494
2844,1.934447,0.858672
2845,1.893924,2.160753
2846,2.503367,1.900407
2847,2.091461,1.481
2848,2.070636,0.816003
2849,1.624567,1.922685
2850,3.156406,4.005461
2851,2.03202,1.490414
2852,2.373836,2.695072
2853,1.924068,1.73695
2854,2.203344,2.048091
2855,2.126773,1.721142
2856,1.941434,1.866852
2857,2.167304,2.738228
2858,2.181049,1.931905
2859,2.393639,3.644818
2860,1.390996,0.562001
2861,2.004188,1.523083
2862,1.804358,1.56268
2863,1.890915,2.501325
2864,1.910427,0.86308
2865,2.019802,2.347333
2866,2.422443,2.498114
2867,1.988415,1.00539
2868,2.0688,1.254113
2869,1.99797,1.07522
2870,1.907257,1.716047
2871,2.335814,2.009354
2872,2.282489,1.875309
2873,2.097329,1.588768
2874,2.17505,1.878506
2875,2.056314,1.572545
2876,2.198953,1.90522
2877,1.851378,1.259019
2878,1.934925,1.933327
2879,2.427081,1.610098
2880,1.417329,0.623891
2881,2.023728,1.066455
2882,2.251276,2.24017
2883,2.094045,2.291668
2884,1.980331,1.738715
2885,1.956423,1.420578
2886,1.852532,1.753935
2887,2.153511,0.626721
2888,2.313411,0.573673
2889,1.692079,1.376954
2890,2.137224,2.364019
2891,1.805315,1.249423
2892,1.760275,0.67604
2893,1.881547,1.805978
2894,1.967357,0.872524
2895,2.351917,1.207899
2896,1.940472,2.047701
2897,2.542758,1.494547
2898,2.080258,2.053252
2899,2.222827,1.234205
2900,2.036561,1.23082
2901,1.826834,1.3483
2902,1.987881,2.196019
2903,2.066746,2.026484
2904,2.119132,1.295864
2905,1.94617,1.560997
2906,2.304012,1.01711
2907,1.915034,1.007421
2908,2.310905,1.288442
2909,2.170272,0.62651
2910,2.176397,2.156403
2911,1.801843,2.332371
2912,1.801284,1.678166
2913,1.633128,0.866921
2914,1.965568,0.721629
2915,1.691965,2.071469
2916,2.160541,2.263406
2917,1.895262,1.773035
2918,2.226046,1.236927
2919,2.487488,1.67007
2920,2.100688,1.859786
2921,1.956741,0.953288
2922,2.223012,1.151995
2923,2.141417,1.52412
2924,1.918275,1.681358
2925,1.977526,1.048882
2926,1.870619,1.8102
2927,2.152085,1.269277
2928,2.070446,1.717764
2929,1.606044,1.687938
2930,1.786596,1.297955
2931,1.846872,1.501748
2932,1.624075,1.491362
2933,2.026507,0.678136
2934,2.143006,1.604878
2935,2.107217,2.166801
2936,1.74088,1.086198
2937,2.246047,2.135507
2938,1.720589,0.7883
2939,2.363574,1.652294
2940,2.298925,2.337456
2941,1.88557,0.971801
2942,2.427975,1.382456
2943,2.258555,2.824392
2944,2.46053,2.300431
2945,2.189475,2.056964
2946,2.166741,2.431448
2947,2.322429,1.786085
2948,2.225671,2.074324
2949,1.930854,1.693816
2950,2.264632,1.434564
2951,2.129355,1.738621
2952,2.058271,1.300633
2953,2.187665,1.437659
2954,1.922165,2.302108
2955,1.93461,0.906414
2956,2.162167,1.994717
2957,2.731863,2.442136
2958,2.056694,2.969183
2959,2.38945,1.915842
2960,1.990322,2.267281
2961,1.756302,1.675311
2962,1.959496,1.04576
2963,2.060695,1.313042
2964,2.067057,0.494507
2965,2.013074,1.605515
2966,1.913932,1.343858
2967,1.956342,2.334036
2968,2.034697,1.502962
2969,1.982594,1.895167
2970,1.841418,1.183352
2971,1.877446,2.459757
2972,2.372056,2.063163
2973,2.175812,1.018149
2974,1.766243,1.611529
2975,1.927574,1.438393
2976,1.782984,0.913157
2977,1.966421,1.91673
2978,2.153827,2.684348
2979,1.765547,1.449362
2980,2.123322,1.376071
2981,2.068019,1.32612
2982,2.062616,1.093977
2983,2.544856,2.140063
2984,1.859471,2.034656
2985,1.832321,1.352653
2986,2.177164,1.832638
2987,2.072912,1.105542
2988,2.93086,3.325274
2989,2.152399,0.971616
2990,1.96269,0.524579
2991,2.04219,1.646949
2992,1.788239,1.159264
2993,2.35993,1.427418
2994,2.518221,3.633819
2995,2.341493,3.194959
2996,1.856175,1.417748
2997,2.258263,4.40084
2998,2.010908,1.65407
2999,1.783035,0.99858
3000,2.235194,1.249666
3001,2.064129,1.139799
3002,2.186717,1.092071
3003,2.323714,1.667526
3004,2.083482,1.420817
3005,1.815297,1.914681
3006,2.197895,1.680986
3007,2.334671,1.784467
3008,2.405827,2.571863
3009,1.950736,0.659862
3010,2.16573,1.400241
3011,2.022558,3.464898
3012,2.036499,0.977014
3013,2.39018,1.934884
3014,2.299785,3.542326
3015,2.209793,2.549806
3016,1.686959,1.636744
3017,2.310522,1.671436
3018,2.010672,1.318682
3019,1.976037,2.041876
3020,2.079884,1.445527
3021,2.464518,1.515822
3022,2.163449,2.537241
3023,1.752836,2.41025
3024,2.172903,1.755482
3025,2.402901,3.557301
3026,1.740875,0.523975
3027,2.303962,1.01713
3028,1.734474,1.451743
3029,2.514591,1.857542
3030,1.973911,1.944266
3031,2.249047,1.343176
3032,1.997015,0.85828
3033,2.408173,2.603143
3034,2.039221,0.926127
3035,1.955344,1.271074
3036,2.022894,1.158349
3037,2.316591,2.161006
3038,2.210448,0.904165
3039,2.298926,1.462437
3040,2.329066,2.479372
3041,2.057245,1.807802
3042,1.743565,1.517431
3043,2.2654,0.893644
3044,2.098834,2.253668
3045,2.188516,2.137321
3046,2.744655,2.181591
3047,1.926844,0.809891
3048,2.194941,5.868768
3049,1.762614,1.215277
3050,2.604902,0.812325
3051,2.025079,1.301572
3052,2.07914,1.444337
3053,2.213215,2.303458
3054,1.858312,1.044445
3055,2.259318,2.530713
3056,1.776356,1.542723
3057,2.015026,1.703557
3058,1.878196,1.652926
3059,2.27088,1.460001
3060,2.057667,1.9683
3061,1.965817,0.685656
3062,1.95658,1.35042
3063,2.31649,2.121505
3064,2.088311,1.63937
3065,2.023445,1.815844
3066,2.008078,0.90711
3067,1.891797,1.06733
3068,2.340954,0.91754
3069,2.121183,1.785892
3070,2.496892,2.298431
3071,2.18205,1.06219
3072,2.587077,6.505467
3073,2.2172,0.813431
3074,2.108887,2.372997
3075,1.9375,1.32918
3076,2.075408,1.308511
3077,1.954346,2.590622
3078,1.607255,0.993958
3079,2.180574,0.754823
3080,2.142766,1.41702
3081,1.623129,1.041458
3082,1.946523,0.744992
3083,2.123474,1.871594
3084,2.361993,1.44919
3085,2.029553,0.822208
3086,2.049932,1.278637
3087,1.999569,1.440514
3088,1.895727,1.147745
3089,2.087291,1.982283
3090,1.914075,1.364945
3091,2.321665,1.85358
3092,1.81382,1.01521
3093,2.189688,1.409018
3094,1.642167,0.703435
3095,2.098457,1.852802
3096,1.913415,1.557842
3097,2.785545,2.247634
3098,2.508739,1.745947
3099,1.913612,2.114515
3100,2.22263,1.381897
3101,2.273608,1.435145
3102,1.679186,0.999953
3103,1.905535,2.491179
3104,2.117478,1.244508
3105,2.085707,2.55454
3106,2.3208,2.783515
3107,1.785276,1.302983
3108,1.791373,2.001096
3109,2.05751,2.267129
3110,2.165194,3.243178
3111,2.027824,1.880767
3112,1.724076,1.524453
3113,1.803106,0.811123
3114,2.039887,1.035203
3115,2.421107,1.109456
3116,1.74848,1.39552
3117,2.694549,2.415943
3118,2.332606,1.645165
3119,1.793145,1.349063
3120,2.213949,2.166454
3121,1.89931,1.482781
3122,2.670377,1.819438
3123,1.840621,3.185881
3124,1.917587,0.8749
3125,1.820517,0.828103
3126,1.982774,1.029128
3127,1.818115,1.671005
3128,1.702229,0.62976
3129,2.01382,1.045685
3130,1.819588,2.004499
3131,1.884381,1.843711
3132,2.50846,2.44663
3133,2.381609,2.645507
3134,1.847525,1.184464
3135,2.03711,1.499909
3136,2.383961,2.587926
3137,1.97932,1.351186
3138,2.064415,1.295187
3139,2.124097,1.287847
3140,1.963599,1.471264
3141,1.985754,1.683204
3142,1.817395,1.53671
3143,2.311868,1.209946
3144,2.963794,1.756222
3145,2.185946,1.989641
3146,1.812245,1.425892
3147,2.198135,1.572611
3148,2.021289,1.555298
3149,1.861138,1.272559
3150,1.910407,1.200272
3151,1.946663,0.594707
3152,2.227436,1.541505
3153,1.75369,1.532963
3154,2.630787,2.424098
3155,2.124967,1.70242
3156,1.9866,0.753709
3157,1.899094,1.106609
3158,2.148234,1.801735
3159,2.013343,0.665511
3160,2.672914,2.186031
3161,2.062053,1.651559
3162,1.759043,1.170144
3163,2.402754,0.818538
3164,2.323795,2.126935
3165,1.951767,2.360247
3166,2.316231,1.540206
3167,1.947378,1.789787
3168,1.880474,2.035701
3169,1.99483,1.557563
3170,1.964422,1.11121
3171,2.368947,0.829026
3172,1.729586,3.844079
3173,1.811079,1.407269
3174,1.921621,2.085459
3175,2.112779,0.919593
3176,1.935121,1.755509
3177,2.065976,1.470447
3178,2.441124,2.458284
3179,1.990634,2.992515
3180,2.050737,1.187625
3181,2.2558,1.305192
3182,1.887768,1.976371
3183,2.431038,2.249495
3184,2.246345,2.292737
3185,2.004201,1.776735
3186,2.286007,1.807161
3187,2.001929,1.06151
3188,2.440662,1.890463
3189,2.268597,1.83248
3190,1.729421,1.057902
3191,1.657346,1.265863
3192,2.147071,1.490296
3193,2.226877,1.908747
3194,1.808479,1.515076
3195,2.108317,2.334406
3196,1.916458,0.963409
3197,2.310965,1.772015
3198,2.006755,1.773193
3199,1.942261,1.581959
3200,2.22791,1.779301
3201,2.0,1.82582
3202,1.928709,1.616984
3203,1.726669,1.884837
3204,2.034798,1.378332
3205,1.810121,0.909122
3206,1.766378,1.310173
3207,2.100648,1.847676
3208,2.64889,2.643218
3209,2.506328,1.727922
3210,1.891726,2.537255
3211,2.003983,1.592075
3212,2.128475,1.54539
3213,2.007491,1.043728
3214,2.138881,0.998106
3215,2.113811,1.573387
3216,2.286753,2.718171
3217,2.138774,2.5538
3218,1.976817,2.096554
3219,1.997558,2.667376
3220,1.687807,1.839946
3221,2.479706,2.156054
3222,2.367219,2.320284
3223,2.381963,1.815602
3224,1.608655,1.157571
3225,1.846275,3.096261
3226,1.589462,0.712914
3227,1.976941,1.422217
3228,2.16166,1.417696
3229,2.40296,1.163979
3230,1.720776,0.794664
3231,1.63223,1.379574
3232,2.280379,0.979762
3233,1.756365,1.796023
3234,2.000468,0.488143
3235,1.959845,1.990668
3236,1.891679,1.851046
3237,1.964205,0.916711
3238,2.206551,2.39618
3239,2.283203,2.354639
3240,1.692289,1.709246
3241,1.996277,1.341628
3242,2.53636,2.49399
3243,1.98976,1.466512
3244,1.893648,1.740788
3245,1.863229,1.276072
3246,2.015782,1.226584
3247,1.716297,1.576419
3248,2.150367,1.904731
3249,1.702633,1.194553
3250,1.855911,1.094329
3251,2.223775,1.662508
3252,1.964624,2.356543
3253,1.877508,2.500075
3254,1.8695,1.786634
3255,2.090364,2.219098
3256,1.920912,0.697029
3257,1.972653,0.773037
3258,1.630028,1.677377
3259,2.357601,1.311932
3260,2.128535,2.727023
3261,1.928453,1.902371
3262,1.997584,1.215321
3263,1.957077,2.416338
3264,2.783392,2.44267
3265,2.107717,1.705034
3266,2.060682,3.645301
3267,1.738236,2.208035
3268,2.202296,2.007881
3269,2.104123,1.970609
3270,1.672394,1.819898
3271,2.147459,2.199487
3272,2.073975,1.561045
3273,2.077681,2.099914
3274,1.77071,1.724268
3275,2.32435,1.837153
3276,2.048515,2.697508
3277,1.894205,1.484072
3278,2.222126,1.070278
3279,2.680968,1.183954
3280,1.900664,1.635622
3281,2.241931,3.109872
3282,1.925797,1.351116
3283,2.033077,0.841084
3284,1.885781,1.44677
3285,2.091066,2.867083
3286,2.149619,1.514157
3287,1.773731,1.352048
3288,2.594104,3.063594
3289,1.815548,1.520943
3290,2.401357,2.69864
3291,1.881467,0.931818
3292,1.756849,1.437364
3293,1.987355,1.86269
3294,2.305266,2.04355
3295,1.984869,0.679572
3296,1.89826,2.972442
3297,1.988626,2.150781
3298,2.553484,1.00986
3299,1.61079,0.760847
3300,1.731085,1.28906
3301,2.204705,1.418382
3302,1.614047,0.907465
3303,2.137139,1.579089
3304,1.660902,1.520291
3305,2.462482,1.464514
3306,1.862126,2.439271
3307,1.90304,1.365767
3308,1.962022,1.518694
3309,2.182048,2.950577
3310,2.06605,1.59999
3311,2.425198,2.759338
3312,1.956095,1.458539
3313,1.825769,1.580494
3314,1.773243,1.211125
3315,2.491545,0.662354
3316,2.451235,3.146541
3317,2.097823,1.773196
3318,2.306491,1.366003
3319,2.406362,2.115015
3320,1.977698,1.43583
3321,2.875412,2.645324
3322,1.932031,2.197414
3323,1.855609,1.389902
3324,2.186783,5.143024
3325,2.061438,1.656128
3326,1.996889,2.068685
3327,2.361389,2.30442
3328,2.96006,1.541854
3329,1.860802,1.535315
3330,1.908849,1.271374
3331,2.214091,0.950535
3332,2.117957,3.105022
3333,2.2134,1.486049
3334,2.652506,2.448756
3335,2.468094,2.730609
3336,1.872211,1.463482
3337,2.10026,1.358546
3338,1.710906,0.581334
3339,2.134552,1.500582
3340,1.962762,1.699477
3341,2.057877,1.927202
3342,1.917277,1.789838
3343,1.589586,1.214373
3344,2.15637,0.66764
3345,2.00917,2.494694
3346,1.919334,1.515353
3347,2.050355,1.994767
3348,2.229355,2.621936
3349,1.733153,0.790028
3350,1.895925,1.159167
3351,1.853103,1.848233
3352,2.675801,2.473781
3353,1.995987,1.312988
3354,1.84243,1.73904
3355,2.461838,1.870906
3356,2.03168,1.186386
3357,2.256403,3.010046
3358,1.954951,1.438146
3359,1.915133,0.711798
3360,1.993437,1.125404
3361,2.022554,1.350959
3362,2.207207,1.993793
3363,1.761287,0.811992
3364,1.990407,0.244865
3365,1.874297,1.199383
3366,1.745203,0.817975
3367,1.901154,1.013596
3368,1.735052,1.810862
3369,1.85707,1.419556
3370,2.15561,3.090481
3371,1.722582,1.678835
3372,2.247604,5.959453
3373,2.458835,4.298868
3374,1.942258,2.677907
3375,2.282621,1.361494
3376,1.997287,2.008919
3377,1.794087,1.830845
3378,2.344693,2.218261
3379,2.326851,1.802779
3380,2.24366,2.259261
3381,2.058135,2.128192
3382,1.70373,0.985348
3383,2.284101,0.975015
3384,2.123932,1.76536
3385,2.587967,3.480369
3386,2.37321,1.364875
3387,2.45983,1.212247
3388,2.070504,2.053774
3389,2.346905,2.361301
3390,1.778312,2.241045
3391,1.938904,1.359246
3392,1.998896,2.055711
3393,2.122388,0.886311
3394,1.903212,1.446279
3395,2.368506,0.861099
3396,1.95885,1.138959
3397,2.267586,2.697963
3398,2.37031,0.956765
3399,2.212187,3.299377
3400,1.963765,1.89449
3401,2.981657,2.301765
3402,2.139451,3.675015
3403,2.092278,0.770271
3404,2.12432,1.191819
3405,1.900469,1.897651
3406,1.987201,1.919298
3407,1.876234,4.063371
3408,2.02252,1.385518
3409,2.540095,1.417878
3410,1.633582,1.002044
3411,2.213702,1.852411
3412,1.92582,1.75817
3413,1.831038,0.767693
3414,1.985068,1.276312
3415,2.924616,3.887372
3416,2.139369,2.01779
3417,1.840293,0.884907
3418,1.97209,3.074651
3419,1.978932,1.822777
3420,1.595202,0.886236
3421,1.818684,1.159987
3422,2.39246,2.899628
3423,2.244446,1.862265
3424,2.026363,1.595001
3425,2.307753,2.603908
3426,2.338041,2.819631
3427,1.875099,1.251375
3428,2.238755,1.183147
3429,1.834107,1.675062
3430,2.151208,2.248119
3431,2.211451,1.713305
3432,2.059173,1.685363
3433,1.951001,2.041755
3434,2.679746,2.439322
3435,2.009058,1.697715
3436,2.135056,2.369168
3437,2.347379,4.736599
3438,2.089336,0.990389
3439,1.849158,1.204907
3440,3.084332,2.172718
3441,1.890905,1.757981
3442,2.108193,1.788771
3443,2.254728,2.622672
3444,2.040499,2.209057
3445,2.108008,1.264122
3446,1.885587,0.988826
3447,2.393001,1.928922
3448,2.212635,3.094229
3449,1.830356,0.946015
3450,2.139184,2.680542
3451,2.015204,0.864978
3452,1.970415,0.929635
3453,2.065857,1.401653
3454,2.265863,2.374077
3455,2.023208,1.418839
3456,2.319285,2.787035
3457,2.271439,1.599302
3458,2.025441,1.982831
3459,1.690971,1.631546
3460,2.055982,1.281785
3461,2.249715,1.184349
3462,2.731001,1.261436
3463,1.748625,0.910631
3464,2.016852,1.987389
3465,2.171381,2.102905
3466,2.036412,1.27972
3467,1.961254,1.578757
3468,1.678978,1.822573
3469,1.870601,1.183209
3470,1.739723,1.134202
3471,2.301386,1.776008
3472,1.986879,1.449577
3473,2.098899,3.646968
3474,2.627109,2.334762
3475,2.206701,1.615493
3476,1.673739,1.10648
3477,2.046208,2.120573
3478,2.21929,1.914697
3479,2.120581,2.026056
3480,1.960934,2.203262
3481,1.912067,1.605148
3482,2.178915,1.952625
3483,1.907281,0.951379
3484,2.357451,1.152006
3485,1.998203,1.035742
3486,2.342436,2.291774
3487,2.255006,0.509839
3488,2.583294,1.730657
3489,2.177553,0.563524
3490,2.066855,1.960931
3491,1.703087,2.399863
3492,2.677512,2.438907
3493,1.749247,1.268512
3494,1.813903,1.444989
3495,1.822356,1.116462
3496,2.393288,1.982098
3497,2.60699,1.852586
3498,1.765195,1.490098
3499,2.095374,1.913556
3500,2.438318,1.555966
3501,2.20668,1.160433
3502,1.967776,0.811198
3503,2.041488,2.360999
3504,2.294676,1.860113
3505,2.861715,2.227282
3506,1.974309,2.032456
3507,2.107155,1.959883
3508,2.45098,1.874992
3509,3.251291,2.49707
3510,1.980425,1.098837
3511,2.00292,1.157791
3512,1.721647,1.328364
3513,2.072456,1.886171
3514,1.997391,1.495918
3515,2.187305,0.949429
3516,1.817046,0.878403
3517,1.813489,1.106174
3518,2.316589,1.349012
3519,1.80824,1.490647
3520,1.995488,0.794077
3521,2.480828,0.894506
3522,2.032645,1.378659
3523,1.960282,1.466056
3524,2.382587,2.284686
3525,2.086789,1.826188
3526,2.155212,1.369679
3527,1.836038,1.067562
3528,2.120837,1.418818
3529,2.44442,3.428196
3530,2.103218,2.060769
3531,2.085273,2.444991
3532,1.749853,1.420999
3533,2.004363,1.74092
3534,2.502799,2.063739
3535,2.091384,1.962848
3536,2.112092,3.341027
3537,2.18178,1.054829
3538,2.454123,1.870994
3539,1.900585,0.911293
3540,2.081135,1.88534
3541,1.85462,1.341475
3542,2.838549,2.310877
3543,1.762258,1.438595
3544,2.07354,2.733684
3545,2.284008,2.463209
3546,2.447696,1.106229
3547,2.342113,1.033155
3548,1.945141,1.412204
3549,2.533153,1.866689
3550,2.156549,3.064995
3551,2.07232,1.627552
3552,1.958642,2.166986
3553,2.243607,2.489325
3554,1.993409,1.453296
3555,1.653097,1.433354
3556,1.645669,1.603661
3557,2.382689,2.344131
3558,2.181662,1.296755
3559,1.993222,1.851108
3560,2.105254,1.572855
3561,2.382877,0.698345
3562,2.15885,1.195385
3563,1.950907,1.033614
3564,2.101059,1.881049
3565,2.288959,2.048461
3566,2.291355,1.525845
3567,2.076636,1.138494
3568,2.096623,1.468733
3569,2.428597,3.4423
3570,2.051154,0.388341
3571,2.004705,2.141122
3572,1.992098,3.410681
3573,2.085103,1.075128
3574,2.241764,2.601335
3575,2.058566,2.091911
3576,1.87971,1.561892
3577,2.181025,2.118343
3578,2.700801,1.593093
3579,2.699396,0.92665
3580,1.880916,1.386143
3581,1.988167,1.439139
3582,1.935881,2.236126
3583,1.912126,1.486655
3584,2.233784,1.779809
3585,2.039658,1.66725
3586,2.283558,1.626205
3587,1.582288,1.576554
3588,2.198205,1.476218
3589,2.030449,1.348713
3590,2.051696,1.814506
3591,2.099424,1.005826
3592,1.907742,1.255798
3593,2.247302,2.539929
3594,2.271561,1.671294
3595,1.861843,1.299364
3596,1.995234,1.809822
3597,2.093043,1.720413
3598,2.547162,1.97066
3599,2.31762,0.824257
3600,2.143054,2.398488
3601,1.987778,1.266601
3602,2.517202,1.826577
3603,2.292057,1.713477
3604,1.710984,1.155076
3605,2.008378,0.693077
3606,3.134541,2.544363
3607,1.885325,2.407712
3608,2.266211,2.083974
3609,2.093526,3.470059
3610,2.048004,3.026714
3611,2.073254,1.496333
3612,1.681349,1.55398
3613,2.055064,1.235474
3614,2.485714,2.46341
3615,1.785895,1.796846
3616,2.160997,1.829541
3617,2.571976,1.147662
3618,2.196285,1.435649
3619,2.56448,1.106252
3620,1.922942,1.485677
3621,1.599953,1.236124
3622,2.008681,1.713408
3623,2.062606,1.342428
3624,1.688746,1.403877
3625,2.229074,1.367728
3626,1.814799,1.692301
3627,2.027326,1.588529
3628,2.225709,1.330651
3629,1.488146,0.634771
3630,1.844882,1.302205
3631,2.219177,1.138334
3632,1.762844,2.186259
3633,2.110838,4.428494
3634,1.995747,0.842743
3635,1.856553,1.730275
3636,2.352417,2.002065
3637,1.885392,0.920547
3638,1.895674,2.326821
3639,2.800653,3.191351
3640,1.878498,0.932732
3641,2.128036,1.582261
3642,2.349269,2.034857
3643,2.123531,2.820511
3644,1.809597,1.021909
3645,2.059728,1.085578
3646,1.782211,1.483753
3647,2.4778,1.344194
3648,2.11508,1.296378
3649,2.336936,1.799554
3650,2.050898,1.324518
3651,1.747158,0.501948
3652,2.112414,2.685121
3653,2.059174,1.284452
3654,2.20554,1.710867
3655,2.576025,1.614324
3656,1.854217,2.345426
3657,2.283067,2.571256
3658,2.277178,1.400013
3659,1.730504,1.188963
3660,2.469205,3.447084
3661,2.326147,2.136474
3662,2.181296,1.77709
3663,2.072391,3.154018
3664,1.865725,0.90386
3665,2.084476,2.917687
3666,2.383501,1.396001
3667,1.845142,2.473905
3668,2.067581,2.597703
3669,1.936013,1.781931
3670,1.949304,1.747863
3671,1.750493,0.573024
3672,2.531736,3.012512
3673,1.702022,1.550773
3674,2.211601,1.406127
3675,1.993419,2.844319
3676,1.879395,1.525375
3677,2.276832,3.169093
3678,1.779672,2.039885
3679,1.794396,1.60135
3680,2.113497,1.856387
3681,2.615874,3.230626
3682,1.746966,1.647343
3683,1.999653,1.494519
3684,2.196583,1.837452
3685,1.861637,1.645368
3686,1.780042,1.376425
3687,2.157576,1.375854
3688,2.253748,1.285277
3689,1.706614,1.295106
3690,1.620911,0.946697
3691,2.109296,1.429284
3692,1.983313,2.356546
3693,1.991142,1.647597
3694,1.7375,0.519588
3695,2.042174,2.363809
3696,2.265517,1.800171
3697,2.404313,2.000542
3698,1.536983,1.192821
3699,2.744242,3.877165
3700,2.092814,2.15569
3701,1.913867,0.646971
3702,1.766004,1.574453
3703,2.127187,1.197396
3704,2.215695,1.569486
3705,2.736005,2.13441
3706,2.023524,1.198499
3707,2.638207,1.463588
3708,2.246797,1.340968
3709,2.386364,2.25023
3710,2.520761,2.255169
3711,2.290801,1.448133
3712,2.316806,1.785013
3713,2.355415,1.773952
3714,1.565544,4.650045
3715,2.139158,2.513014
3716,2.002814,2.192515
3717,2.52408,1.979883
3718,2.130138,1.531016
3719,2.04332,1.292877
3720,2.142728,1.663618
3721,2.865541,1.79341
3722,1.413226,1.584576
3723,1.848001,0.54283
3724,1.740241,2.480735
3725,2.883167,1.824564
3726,2.210837,1.627656
3727,1.637574,1.193834
3728,1.720257,0.928492
3729,2.541131,4.185855
3730,2.28726,0.81651
3731,2.2536,2.790269
3732,1.947802,4.183178
3733,2.018011,0.829025
3734,2.185456,2.796713
3735,2.167303,1.981596
3736,1.904529,1.464897
3737,1.937235,1.24773
3738,2.475818,2.481797
3739,1.901783,0.926791
3740,1.712846,1.667683
3741,1.917854,1.832666
3742,2.020375,0.739348
3743,2.178169,1.993352
3744,2.370092,1.101745
3745,2.088542,1.918953
3746,2.392324,1.258682
3747,1.661489,0.438447
3748,2.21785,1.522788
3749,2.075099,1.86562
3750,2.258444,1.26794
3751,1.678226,1.022049
3752,1.938271,2.25057
3753,2.177382,0.959921
3754,2.391084,1.503223
3755,2.017986,1.986309
3756,2.06653,1.290604
3757,2.093042,2.743443
3758,2.19892,0.824705
3759,2.449507,2.136247
3760,2.085838,3.120495
3761,2.535395,1.420425
3762,1.991237,1.733365
3763,2.064511,1.464959
3764,1.549209,2.00956
3765,2.186871,1.753508
3766,2.088223,0.864425
3767,2.213769,1.514574
3768,2.228243,1.623713
3769,2.312734,2.629116
3770,2.018889,1.386566
3771,2.240558,0.495763
3772,2.102129,1.671975
3773,1.523211,1.298827
3774,1.949397,1.823443
3775,1.908348,1.71299
3776,2.817011,3.893135
3777,2.413889,1.938095
3778,1.922307,1.860786
3779,2.003857,1.177561
3780,2.177279,1.927955
3781,2.055924,1.234756
3782,1.682851,1.007988
3783,2.081796,1.671551
3784,2.441999,0.922361
3785,1.96853,1.205662
3786,2.074029,1.126005
3787,1.882274,1.483774
3788,2.031764,0.944569
3789,2.020841,1.633101
3790,2.092493,1.738089
3791,1.579362,0.789937
3792,2.345829,2.854574
3793,2.173124,1.073801
3794,1.970867,1.189174
3795,1.770966,1.096425
3796,2.146573,2.563222
3797,1.987147,0.925975
3798,1.967468,1.16326
3799,2.290639,1.878842
3800,1.996698,1.117977
3801,2.035845,4.317855
3802,1.877674,1.301219
3803,1.95225,0.403496
3804,1.929109,1.64016
3805,1.894648,1.110934
3806,2.302886,1.915552
3807,2.376398,1.305513
3808,1.967492,0.790483
3809,2.340871,1.289966
3810,1.845659,3.351891
3811,2.004135,1.785346
3812,1.947424,1.08853
3813,1.695521,0.874603
3814,1.669018,1.264989
3815,1.647847,0.979734
3816,1.86769,0.690146
3817,1.902469,1.535341
3818,2.065353,1.172646
3819,2.11529,2.822392
3820,2.36183,1.905093
3821,1.86197,0.904563
3822,2.056193,1.228997
3823,2.379201,2.005019
3824,1.706506,1.868974
3825,1.696867,2.082552
3826,2.013666,2.184437
3827,1.463588,0.913694
3828,2.234627,2.060945
3829,2.039572,1.021761
3830,2.251206,2.827702
3831,2.167252,2.151871
3832,1.927481,2.298876
3833,1.702111,0.507406
3834,2.133467,1.817852
3835,1.555191,2.10338
3836,2.050771,1.172041
3837,2.154847,2.226423
3838,2.028371,1.082889
3839,2.358812,1.669793
3840,1.607551,1.451214
3841,2.15018,0.576541
3842,2.312633,2.799399
3843,2.300131,1.502662
3844,2.266392,2.930716
3845,1.632691,0.807304
3846,2.598885,2.014558
3847,1.895139,1.028149
3848,1.670329,1.514463
3849,2.040557,2.207293
3850,2.227048,1.176816
3851,2.346536,0.94061
3852,2.413443,0.886053
3853,1.853138,1.491097
3854,2.032593,2.64725
3855,2.392281,2.549566
3856,2.78161,2.156479
3857,1.775819,1.560615
3858,1.933191,2.073968
3859,2.016356,1.731662
3860,2.053349,2.349495
3861,1.913779,2.117618
3862,2.547763,1.171132
3863,2.099154,2.275892
3864,2.520618,3.150179
3865,2.02813,1.285742
3866,2.495977,2.449067
3867,1.740512,1.065012
3868,1.938046,1.593939
3869,1.624094,1.225208
3870,1.78889,2.188146
3871,1.50345,1.089686
3872,1.80489,0.881246
3873,2.056973,1.768535
3874,2.140286,1.765986
3875,3.153979,2.620252
3876,2.042353,1.977229
3877,2.310941,1.373675
3878,1.988923,1.954679
3879,1.95758,1.285994
3880,2.245557,1.975147
3881,2.094823,2.921152
3882,2.096785,2.145327
3883,2.12139,2.708498
3884,2.695908,1.603285
3885,2.016355,0.803127
3886,1.946714,1.176162
3887,2.082697,0.808183
3888,2.324433,2.416074
3889,1.92716,1.678795
3890,1.694611,0.979312
3891,1.911975,1.346951
3892,1.648669,1.870605
3893,1.821475,0.742863
3894,1.739377,1.881969
3895,2.272793,1.380251
3896,2.515992,2.191665
3897,2.187528,1.895997
3898,1.80201,1.286859
3899,2.135843,1.278024
3900,2.295643,1.35398
3901,1.870046,1.262112
3902,2.219598,1.391414
3903,1.828221,1.57183
3904,2.154514,1.774516
3905,2.045698,0.987244
3906,1.969763,0.547817
3907,1.765324,1.700913
3908,1.78556,1.52424
3909,2.205767,2.138897
3910,2.000524,0.57482
3911,2.230626,2.862605
3912,2.014611,2.089209
3913,2.019694,0.523203
3914,1.956075,2.121401
3915,1.737125,0.711842
3916,1.969441,1.713732
3917,1.56271,1.045545
3918,2.247373,1.227481
3919,2.391234,1.534788
3920,2.042018,1.717276
3921,2.427895,2.904047
3922,2.281281,2.051807
3923,1.988915,0.562826
3924,2.15485,1.790216
3925,1.90204,1.474407
3926,2.514886,3.413684
3927,1.921651,1.351632
3928,1.688461,1.535437
3929,2.223896,2.731355
3930,2.228388,1.497505
3931,2.160427,2.71453
3932,1.719003,1.207205
3933,2.519651,3.714763
3934,2.063978,1.018828
3935,2.099399,1.44641
3936,2.421264,1.970979
3937,1.742169,1.48632
3938,1.826876,1.899824
3939,2.079676,1.58722
3940,1.895031,1.26762
3941,2.306736,1.492693
3942,1.99924,0.973799
3943,2.044642,1.606632
3944,1.909416,1.993657
3945,2.103418,2.073383
3946,2.428686,1.894487
3947,2.655387,2.076027
3948,1.850403,1.028667
3949,1.906631,0.567074
3950,1.795396,1.851755
3951,2.239322,0.959624
3952,2.472346,1.956709
3953,2.153448,1.250895
3954,1.803732,0.732476
3955,2.060794,1.860604
3956,1.897287,1.322489
3957,2.333075,1.994277
3958,2.147567,1.6522
3959,1.849643,1.255766
3960,2.838713,2.161726
3961,2.015946,2.665136
3962,2.119408,1.682198
3963,1.980153,1.763792
3964,1.830706,1.900297
3965,2.175771,1.12673
3966,2.04844,1.700799
3967,2.494457,2.745137
3968,1.798769,1.784503
3969,2.04791,1.966616
3970,1.98694,1.597103
3971,2.079189,2.460169
3972,1.963385,2.319229
3973,2.130933,1.430921
3974,2.247297,2.748936
3975,2.181446,1.373779
3976,1.920278,0.952636
3977,1.926141,1.249775
3978,1.896086,0.945752
3979,1.949692,1.632894
3980,2.057102,1.795525
3981,1.908152,1.145689
3982,2.456164,1.975638
3983,1.952641,1.6611
3984,2.189722,0.840889
3985,1.880536,0.922572
3986,2.152256,1.483325
3987,2.078258,0.863689
3988,1.783596,1.847253
3989,2.155085,1.417158
3990,2.719455,1.330616
3991,2.073081,1.230635
3992,2.180814,1.240081
3993,2.137195,1.772095
3994,2.143374,2.241928
3995,1.812394,1.595506
3996,2.52552,1.864849
3997,2.028086,1.963296
3998,2.048064,2.690325
3999,1.80788,1.57094
4000,1.847091,1.229898
4001,1.897892,2.283685
4002,2.411728,1.736122
4003,2.046483,2.709527
4004,2.513639,1.914316
4005,2.499158,2.220009
4006,1.840878,1.531633
4007,2.196637,1.910579
4008,2.208097,2.312654
4009,2.237876,1.683155
4010,1.811909,1.888984
4011,2.266067,1.532568
4012,1.9375,1.602844
4013,2.269493,2.73398
4014,2.441041,1.28289
4015,1.904611,2.011973
4016,1.802247,1.694523
4017,2.313413,1.598469
4018,2.439557,2.072722
4019,2.256606,1.195289
4020,1.959313,1.293528
4021,2.145933,2.695182
4022,1.821868,1.65867
4023,2.135482,1.036056
4024,2.305431,2.847125
4025,2.428953,0.8284
4026,2.197317,1.053536
4027,2.325174,3.142579
4028,2.466765,1.400699
4029,1.980414,1.876153
4030,1.486561,0.795499
4031,2.320445,1.323707
4032,1.844206,1.645815
4033,2.257279,1.779466
4034,1.848714,1.833767
4035,2.241396,1.906467
4036,1.977829,2.382293
4037,1.988992,1.817093
4038,1.919972,1.421168
4039,2.044057,0.545592
4040,2.407559,2.328919
4041,2.468212,1.478912
4042,1.531053,1.802073
4043,2.600083,1.189174
4044,1.978235,2.535292
4045,1.948569,0.707219
4046,1.980819,1.410488
4047,2.22218,1.823864
4048,2.101367,1.153488
4049,2.243165,1.995409
4050,2.944575,1.48743
4051,2.248038,2.098454
4052,2.082394,1.351485
4053,2.33438,2.382312
4054,2.488474,0.964016
4055,1.841255,3.329356
4056,2.009746,1.525857
4057,2.12307,2.528728
4058,1.966332,0.890129
4059,1.837797,2.248155
4060,1.789192,1.230751
4061,2.155057,1.408017
4062,2.569363,1.578799
4063,2.002706,1.080411
4064,1.870471,2.744595
4065,2.02695,1.107582
4066,2.312279,1.135682
4067,1.757654,2.605404
4068,2.647603,2.035118
4069,2.133841,0.648887
4070,2.149463,1.368705
4071,2.105644,1.47342
4072,2.13237,1.237088
4073,2.324229,1.969192
4074,1.979509,2.132044
4075,2.399698,1.625471
4076,2.565139,3.133854
4077,2.254314,3.234417
4078,2.022447,2.422739
4079,1.820629,1.744931
4080,2.105791,2.413643
4081,2.190212,1.986089
4082,1.99952,2.03075
4083,2.442823,1.85738
4084,2.109603,1.31623
4085,2.284308,2.243246
4086,2.720523,1.718531
4087,2.156055,1.655019
4088,1.865248,1.623142
4089,1.89258,1.71211
4090,2.407688,3.696862
4091,2.054479,1.502042
4092,2.132279,2.394576
4093,2.051227,2.57779
4094,2.191892,1.252247
4095,2.153555,2.688184
4096,2.024273,1.731902
4097,2.65555,1.863004
4098,1.780107,1.801967
4099,2.602049,1.797051
4100,1.827153,0.986377
4101,2.295113,1.423173
4102,1.883268,0.980311
4103,2.201461,1.440952
4104,2.417418,1.927368
4105,2.107036,2.978358
4106,2.243814,1.501357
4107,2.149056,1.07994
4108,2.132652,1.318917
4109,2.060669,0.727153
4110,2.551706,2.672976
4111,2.179175,1.433915
4112,2.164773,2.315207
4113,2.587124,3.068238
4114,1.992898,1.913913
4115,2.003352,1.56301
4116,1.950205,1.964193
4117,2.326723,1.194437
4118,2.351339,2.103079
4119,2.00087,0.817354
4120,1.953126,1.943853
4121,1.903951,1.874077
4122,2.33557,1.762176
4123,2.110105,1.703157
4124,2.294831,1.459805
4125,1.518316,1.35421
4126,2.184778,1.44459
4127,1.888583,0.584974
4128,2.097706,1.623378
4129,2.114307,0.662902
4130,1.795306,0.439975
4131,1.655613,1.07212
4132,2.274685,2.469848
4133,2.105105,1.567394
4134,1.923189,2.000249
4135,1.836583,1.147605
4136,1.679222,1.266879
4137,1.764936,0.697797
4138,2.102672,0.92303
4139,2.297164,2.041274
4140,3.231932,1.394697
4141,2.77599,3.240772
4142,1.773252,0.751527
4143,2.303678,2.918098
4144,2.068351,1.77339
4145,2.159628,1.851828
4146,2.187411,0.986627
4147,1.924742,1.766319
4148,2.039635,3.073995
4149,2.055139,2.682187
4150,2.183837,2.88347
4151,1.934504,4.026415
4152,2.221475,2.085063
4153,2.295001,1.843234
4154,1.907626,1.598988
4155,1.885119,1.323994
4156,2.622363,2.319755
4157,2.212374,1.115478
4158,1.924492,2.150293
4159,1.909226,1.496893
4160,2.23665,2.759434
4161,2.132297,2.866786
4162,2.301243,2.586554
4163,2.070327,2.306542
4164,1.939638,1.318438
4165,2.010088,3.280742
4166,1.835316,0.831907
4167,2.147595,0.945965
4168,1.85416,1.282707
4169,1.747785,1.442777
4170,2.321047,1.326405
4171,2.049442,1.497456
4172,2.101678,1.44485
4173,2.26,2.222227
4174,1.971377,2.023975
4175,1.918163,0.840036
4176,1.85531,1.60517
4177,1.944583,1.20227
4178,2.080794,1.283668
4179,2.12995,1.40174
4180,2.75176,2.744689
4181,2.589447,2.649568
4182,2.252288,0.787242
4183,2.00463,1.744659
4184,2.082412,2.818085
4185,2.312777,0.947875
4186,2.089356,1.906364
4187,2.057736,1.58655
4188,1.844334,1.414437
4189,1.90179,1.90748
4190,1.904762,0.818197
4191,2.448638,1.7898
4192,2.511312,1.942285
4193,2.085598,1.540904
4194,2.099826,3.055079
4195,2.667988,1.32574
4196,1.920171,1.1596
4197,2.115243,2.921296
4198,2.032658,2.996713
4199,2.135538,1.556562
4200,2.196682,1.355464
4201,1.855398,1.417523
4202,1.95628,1.38596
4203,2.085578,1.507717
4204,1.881192,2.270535
4205,2.013945,2.025377
4206,2.346665,2.00136
4207,2.152091,0.993341
4208,3.342394,3.913147
4209,2.320227,2.161844
4210,2.018346,1.194409
4211,1.820955,0.927789
4212,2.183176,1.599162
4213,2.425374,2.460468
4214,1.968577,1.648875
4215,1.833836,0.918304
4216,1.981177,1.393711
4217,2.437574,3.085932
4218,2.052477,0.9068
4219,1.80792,1.068875
4220,1.98579,1.919556
4221,2.077242,2.086781
4222,2.409637,1.873398
4223,1.813752,1.078871
4224,1.963079,2.002873
4225,1.923206,2.040688
4226,2.07246,1.769289
4227,2.064273,1.389836
4228,1.858059,1.514989
4229,2.708267,1.330295
4230,2.060327,1.23649
4231,2.461194,1.536708
4232,1.953911,1.691399
4233,1.788813,1.554442
4234,2.060835,1.972809
4235,1.982244,1.658654
4236,2.579963,1.139356
4237,2.39392,3.026748
4238,2.04514,2.965955
4239,1.683972,1.89103
4240,2.450907,2.662685
4241,2.275084,1.501165
4242,2.101338,2.231008
4243,2.151874,1.282942
4244,2.243208,1.749321
4245,1.885097,0.588433
4246,2.005278,3.680285
4247,1.768455,1.300139
4248,1.87965,1.055765
4249,2.255291,1.612363
4250,1.83574,0.895564
4251,2.347005,2.390983
4252,1.947646,0.811036
4253,2.324413,2.020031
4254,2.00844,1.989873
4255,2.182061,3.41894
4256,2.684847,2.794929
4257,1.809295,1.066015
4258,2.085488,1.058585
4259,2.241509,2.692247
4260,2.078604,0.578994
4261,1.989116,2.421754
4262,1.778581,1.639698
4263,2.04973,1.22621
4264,2.03583,1.46268
4265,2.04135,1.645563
4266,1.929102,2.06826
4267,2.546429,4.38357
4268,2.304315,1.528344
4269,1.898314,1.378802
4270,1.890201,1.113221
4271,2.329642,1.228242
4272,2.068903,1.400272
4273,1.885281,1.840485
4274,2.168894,1.889851
4275,2.119817,2.202489
4276,2.116379,1.946874
4277,1.885596,0.879022
4278,1.919468,1.487951
4279,2.035222,2.21847
4280,2.030777,1.017661
4281,1.896424,1.074294
4282,2.300471,2.611432
4283,2.491398,3.099947
4284,1.900739,0.786704
4285,2.136642,1.213973
4286,2.152083,2.061591
4287,2.237699,1.646949
4288,1.820339,1.836657
4289,2.052852,1.38443
4290,2.123768,1.368935
4291,2.068456,2.07027
4292,2.157043,1.586052
4293,1.745889,0.896709
4294,2.194853,1.242692
4295,1.881244,1.037881
4296,2.20973,1.276303
4297,2.228461,1.772057
4298,2.054899,2.154952
4299,1.836375,0.953967
4300,1.746596,1.03853
4301,2.576534,1.579513
4302,2.389231,2.240886
4303,2.236748,1.901605
4304,2.376068,2.808305
4305,2.007372,1.40563
4306,2.108246,1.195419
4307,2.5446,3.454554
4308,2.227381,1.780741
4309,1.56404,2.699392
4310,2.065747,1.656574
4311,1.776598,1.017549
4312,2.203004,1.795222
4313,2.387592,1.853584
4314,2.102808,3.055094
4315,1.826022,1.727974
4316,1.840833,1.442754
4317,2.752135,2.142188
4318,2.115922,1.85099
4319,2.338034,0.656225
4320,2.130961,1.925399
4321,1.800254,1.013054
4322,1.502254,1.033334
4323,2.954612,3.136762
4324,1.852103,1.755941
4325,1.814551,1.847436
4326,2.326901,1.988779
4327,2.612236,1.481202
4328,2.003836,1.165573
4329,2.458524,1.889493
4330,1.911078,2.173859
4331,2.129542,0.89884
4332,2.180711,1.496196
4333,2.335581,1.194953
4334,2.083082,1.922251
4335,2.042928,2.157917
4336,1.660828,0.646315
4337,1.609496,1.302459
4338,1.950327,1.429315
4339,2.293046,2.21634
4340,1.974631,5.19478
4341,1.854761,1.343245
4342,1.933848,1.214812
4343,2.221275,0.854574
4344,2.70333,2.516921
4345,1.928565,1.671503
4346,1.994653,1.334196
4347,2.230314,1.792113
4348,2.146473,2.465101
4349,2.036691,1.255649
4350,1.947007,1.670393
4351,2.073653,2.291973
4352,1.740488,0.975223
4353,1.949041,2.085105
4354,1.913624,1.194814
4355,2.136502,1.44502
4356,2.221225,1.632317
4357,2.069785,1.667632
4358,2.017698,1.764238
4359,1.929894,1.202512
4360,1.374827,1.103808
4361,1.702112,1.201864
4362,1.678977,1.432124
4363,2.231273,3.629776
4364,1.933315,0.8795
4365,1.871955,2.136681
4366,1.720912,1.591645
4367,2.042476,2.649442
4368,2.163661,1.560529
4369,2.45622,3.097763
4370,1.993873,1.478397
4371,1.827125,2.312648
4372,1.936463,1.284276
4373,1.603887,1.567141
4374,2.603175,1.321766
4375,1.832983,1.683684
4376,1.912751,1.008732
4377,2.173249,1.069197
4378,2.106486,2.027296
4379,2.365739,3.406705
4380,1.989593,1.035885
4381,1.90287,1.060896
4382,1.655093,2.209297
4383,2.187089,2.262505
4384,2.304583,1.589366
4385,2.439739,1.257746
4386,2.582006,0.822404
4387,2.098077,1.417735
4388,2.761165,1.283501
4389,2.206439,1.044466
4390,1.778939,1.466513
4391,2.090424,0.913504
4392,1.857028,1.707298
4393,2.226212,2.814323
4394,2.064081,1.541014
4395,1.992796,0.95155
4396,1.89681,0.5389
4397,2.109645,1.678814
4398,1.93523,1.071108
4399,1.946973,1.624288
4400,1.955135,0.91397
4401,2.112332,1.26045
4402,2.244282,3.009083
4403,2.60109,1.438008
4404,1.874891,1.324115
4405,2.427503,2.906197
4406,2.066463,2.77047
4407,1.987992,1.4796
4408,2.146824,1.353877
4409,2.054222,2.376494
4410,1.994195,2.123404
4411,1.969062,1.544172
4412,1.744348,1.327718
4413,1.891709,1.928399
4414,2.004233,1.883816
4415,2.400926,1.115161
4416,2.103795,0.695603
4417,2.213013,2.142994
4418,2.895985,2.459403
4419,2.239124,2.94727
4420,1.915594,3.540448
4421,1.899923,1.12699
4422,2.280483,2.788665
4423,1.943474,1.220373
4424,2.234405,1.243457
4425,2.397543,1.729921
4426,1.937549,2.794292
4427,2.019523,2.064903
4428,1.993418,1.312527
4429,2.544159,3.878676
4430,2.368478,1.568793
4431,1.502451,1.833103
4432,2.63013,4.011199
4433,1.768583,1.594816
4434,2.117679,1.410757
4435,2.25802,2.337126
4436,2.401277,4.242633
4437,3.436051,2.012141
4438,1.932298,1.290381
4439,2.424245,1.583626
4440,2.258528,1.401611
4441,2.014918,1.736734
4442,1.766578,3.097733
4443,2.147068,1.763855
4444,1.680009,1.139593
4445,1.966742,0.970748
4446,2.512656,2.190462
4447,1.85309,0.812462
4448,1.74826,1.71458
4449,1.805708,1.140128
4450,1.749798,1.214371
4451,2.326852,1.292031
4452,2.140521,2.606671
4453,2.031198,2.117293
4454,1.99019,1.7329
4455,2.103147,1.039379
4456,1.761508,1.550714
4457,1.923593,1.03943
4458,2.236994,1.823878
4459,1.698489,0.713812
4460,1.966247,1.891706
4461,1.985808,1.179851
4462,2.387117,1.985269
4463,1.720242,0.688734
4464,1.831945,2.330125
4465,1.859845,0.840487
4466,2.20429,2.756061
4467,2.148643,2.261838
4468,2.244475,1.981669
4469,1.68492,2.123593
4470,2.238451,2.04053
4471,2.196608,2.091024
4472,2.66501,2.252395
4473,2.184075,1.996376
4474,1.861739,0.980427
4475,2.167161,1.586868
4476,2.05531,2.192759
4477,2.146424,1.659538
4478,2.138042,2.321261
4479,2.051608,1.686622
4480,2.022382,0.999876
4481,1.56917,0.823387
4482,2.03991,1.662185
4483,2.060115,1.409366
4484,1.991012,1.620797
4485,2.413656,2.409073
4486,1.971185,1.705403
4487,1.751951,0.822318
4488,2.140117,2.407741
4489,1.919917,1.11891
4490,1.850318,2.226303
4491,1.92208,1.292412
4492,2.349806,2.502349
4493,1.952667,1.147009
4494,2.125326,1.454626
4495,1.993758,1.456362
4496,2.065341,2.27125
4497,2.205516,2.397468
4498,1.76399,0.90385
4499,3.074416,1.98695
4500,2.062153,0.917583
4501,2.105612,5.416602
4502,1.907275,1.968906
4503,1.79802,2.208859
4504,2.055011,0.779029
4505,2.182532,1.810493
4506,1.283361,0.717756
4507,2.141069,1.34225
4508,2.59388,1.684826
4509,2.212854,2.667987
4510,2.157798,2.012554
4511,1.943809,1.251756
4512,2.055943,0.967722
4513,1.972595,1.54636
4514,2.144392,1.723528
4515,2.136418,1.507062
4516,1.668481,1.251284
4517,2.31953,1.027554
4518,1.571162,1.743078
4519,2.133713,1.722237
4520,2.370631,1.036289
4521,2.321176,1.548839
4522,1.790491,1.722903
4523,1.981299,1.821842
4524,2.000999,1.710728
4525,2.182548,1.758032
4526,2.087858,1.058635
4527,1.738345,1.063578
4528,2.039955,1.792543
4529,1.88926,1.150526
4530,2.272736,1.746322
4531,1.81451,1.069231
4532,1.825472,1.261994
4533,1.94548,0.855798
4534,2.0354,1.654683
4535,2.335304,1.650687
4536,2.149513,3.064579
4537,2.351171,1.770375
4538,1.91518,0.520341
4539,2.082042,1.539399
4540,1.884415,1.741676
4541,2.078551,1.238325
4542,2.490541,2.455326
4543,2.581347,2.095219
4544,2.070809,1.797715
4545,2.032841,1.160266
4546,1.86757,1.33646
4547,2.109841,1.705029
4548,1.865271,1.156331
4549,2.172995,1.183746
4550,1.698766,1.58905
4551,1.980837,2.252014
4552,2.349785,1.459803
4553,2.065613,1.077769
4554,2.186017,2.16969
4555,1.907577,2.279995
4556,2.17706,2.69546
4557,2.024759,3.002985
4558,1.835952,1.453386
4559,3.065578,1.62938
4560,2.015734,0.877721
4561,2.353115,1.862175
4562,1.829612,1.653738
4563,2.06546,1.449841
4564,2.203138,0.361739
4565,1.914437,0.804007
4566,1.974486,1.686095
4567,1.920623,1.066712
4568,1.653363,0.938247
4569,3.345869,3.64194
4570,1.668483,2.148937
4571,1.632047,2.786163
4572,1.892018,1.784962
4573,2.019265,1.431156
4574,1.610682,1.273524
4575,2.33506,2.155493
4576,2.054059,0.754082
4577,2.051526,1.442406
4578,2.708145,2.205998
4579,2.203746,1.825006
4580,2.097292,1.18371
4581,2.037991,1.818348
4582,1.834026,1.191756
4583,1.86977,1.155253
4584,2.61203,2.392822
4585,2.110595,1.221409
4586,1.839967,1.253735
4587,1.604968,1.645302
4588,2.205118,1.599152
4589,2.032872,1.745714
4590,2.062692,2.00625
4591,1.631082,1.659246
4592,2.092867,0.922597
4593,2.303474,1.694044
4594,1.969836,1.123257
4595,2.111748,1.128229
4596,1.836357,1.264707
4597,2.46061,1.842623
4598,2.214152,1.563341
4599,1.470121,1.34771
4600,2.014832,2.02552
4601,2.313816,2.108263
4602,1.890508,1.50755
4603,2.055313,2.850365
4604,2.195314,1.487475
4605,2.298111,1.795195
4606,2.055833,2.099321
4607,2.236738,1.990647
4608,2.080085,1.349962
4609,2.302387,2.365017
4610,1.755616,0.584618
4611,1.92048,2.251286
4612,1.881634,1.512111
4613,1.85178,1.538809
4614,1.991552,1.482011
4615,2.104659,2.662165
4616,2.046306,1.905273
4617,2.107426,1.088614
4618,1.683479,1.214871
4619,1.98998,1.015743
4620,2.501824,2.277882
4621,2.304434,1.806803
4622,2.021905,1.255757
4623,1.780158,1.221059
4624,2.159038,1.337865
4625,1.876979,1.569678
4626,1.928009,1.711008
4627,2.063817,1.326381
4628,1.958228,1.892011
4629,2.366476,2.105532
4630,1.834338,0.778032
4631,2.78271,3.488709
4632,1.888804,1.483739
4633,1.878846,2.525731
4634,2.116794,1.783368
4635,1.939751,1.361759
4636,2.239877,1.722477
4637,2.40161,1.46153
4638,2.101031,2.049255
4639,2.000936,0.638143
4640,2.686935,2.17557
4641,2.430899,2.766969
4642,1.772637,1.29225
4643,2.27726,3.362305
4644,2.426397,1.859578
4645,1.876121,1.49845
4646,2.278664,1.46345
4647,2.029147,1.517779
4648,1.778608,0.723795
4649,2.314955,2.183761
4650,2.238858,1.480234
4651,1.865962,0.987075
4652,2.459006,2.078514
4653,2.219467,1.367756
4654,2.363428,2.093321
4655,2.214642,3.524152
4656,1.946176,1.81015
4657,1.818803,2.747791
4658,1.615961,2.021957
4659,1.730748,1.267898
4660,2.199407,4.220787
4661,1.77405,1.699187
4662,1.973412,1.681951
4663,1.935351,1.510045
4664,2.130011,1.755048
4665,2.114604,2.137464
4666,2.134987,1.51405
4667,2.402435,1.752777
4668,2.123511,1.871797
4669,1.932359,1.952516
4670,2.678231,1.912376
4671,1.669354,1.40336
4672,2.361772,2.57864
4673,2.229294,1.293725
4674,2.513115,0.982426
4675,1.927467,1.663887
4676,2.510809,2.01957
4677,1.997497,0.793393
4678,2.173899,2.227896
4679,2.012169,2.282594
4680,1.805301,1.648242
4681,1.857835,1.717537
4682,1.656811,2.158106
4683,2.508275,1.94469
4684,1.866187,2.503422
4685,1.767949,1.350018
4686,1.823848,0.861863
4687,2.094462,1.374233
4688,2.425288,3.125316
4689,2.42953,1.371643
4690,1.970413,0.956713
4691,2.02569,2.151394
4692,1.84977,1.807357
4693,2.013533,4.134901
4694,1.91391,1.323334
4695,2.022413,4.356329
4696,2.111545,0.566326
4697,2.246483,2.053366
4698,1.988498,1.504043
4699,2.025732,0.680079
4700,2.375423,1.332727
4701,1.749141,0.980635
4702,1.989197,1.566139
4703,1.87596,1.678133
4704,1.914541,1.816921
4705,1.917339,1.252587
4706,2.459982,1.931784
4707,2.115342,1.331382
4708,2.189261,3.206442
4709,1.673294,1.690262
4710,2.189926,0.675475
4711,1.910648,0.656206
4712,2.057916,1.453426
4713,2.11062,2.802559
4714,1.946629,1.203587
4715,1.994662,1.339887
4716,1.64977,1.189201
4717,2.339449,2.882425
4718,1.775342,1.734022
4719,2.086718,1.387974
4720,2.396425,1.688088
4721,2.080433,1.999986
4722,2.145527,1.078188
4723,2.099656,3.933869
4724,1.602953,1.192867
4725,2.118723,1.800529
4726,1.84682,2.033801
4727,2.243725,0.614466
4728,1.957931,1.56393
4729,1.847979,1.249939
4730,1.792635,0.985631
4731,2.109248,2.071271
4732,1.890475,1.597464
4733,2.246176,1.388226
4734,1.920824,1.100844
4735,2.151763,2.35247
4736,2.324933,3.169674
4737,2.957894,2.623122
4738,2.317471,2.140957
4739,1.641172,1.603707
4740,2.364622,1.832086
4741,2.336404,2.139251
4742,2.449932,1.412657
4743,2.25249,2.322717
4744,2.088359,2.191248
4745,2.332682,1.359046
4746,1.95536,1.320589
4747,1.961288,1.379456
4748,2.323705,1.553061
4749,2.355463,1.634526
4750,2.405689,1.649054
4751,1.969069,1.35571
4752,2.062622,2.539655
4753,1.82588,1.051325
4754,1.720603,1.32975
4755,2.316028,2.703202
4756,2.060268,3.788837
4757,1.941654,1.408039
4758,1.961441,2.316455
4759,2.151155,2.367355
4760,1.691646,1.5574
4761,2.144667,1.197272
4762,2.086479,0.660373
4763,2.220953,0.933023
4764,2.099323,2.466604
4765,2.351935,1.328591
4766,2.287604,1.152558
4767,2.379171,1.649109
4768,2.142749,0.81154
4769,1.968515,3.088787
4770,1.346213,0.761793
4771,1.552821,0.460865
4772,2.214,2.741152
4773,1.994288,2.03328
4774,2.024732,1.443534
4775,2.051326,1.591644
4776,2.137604,2.056431
4777,2.15417,3.172009
4778,2.024225,1.773494
4779,2.052275,2.771586
4780,2.114714,0.967058
4781,2.165329,0.90915
4782,2.441429,2.049556
4783,1.90112,2.2344
4784,2.043675,1.048488
4785,1.635811,0.911623
4786,1.787994,1.497738
4787,1.913553,0.578615
4788,2.465602,3.299594
4789,2.14448,1.502529
4790,1.913221,2.364299
4791,2.222989,1.803858
4792,1.70729,1.844988
4793,2.11655,1.924928
4794,2.285651,1.79116
4795,1.943656,1.982536
4796,2.384542,2.98161
4797,2.067245,1.166349
4798,2.318306,1.712601
4799,2.845767,3.565288
4800,2.472444,3.302434
4801,2.019232,1.686995
4802,2.172325,2.042427
4803,1.950796,1.132255
4804,1.964359,2.330571
4805,2.087547,1.533667
4806,1.75795,1.035771
4807,1.969288,1.959432
4808,1.922264,1.693703
4809,1.92963,1.338592
4810,2.261171,1.682135
4811,2.078348,1.954547
4812,2.102304,1.477229
4813,1.905138,1.295676
4814,2.060174,1.407702
4815,2.008428,0.990011
4816,2.143041,2.274155
4817,2.216748,1.252482
4818,1.931567,2.269777
4819,2.193455,2.626341
4820,2.282847,0.821384
4821,1.892702,1.515863
4822,1.727113,2.061825
4823,2.242382,2.798627
4824,1.731111,1.287039
4825,2.465516,2.785634
4826,2.101678,1.511948
4827,2.066522,2.934369
4828,2.056064,1.454026
4829,2.105994,0.844883
4830,1.859148,1.829812
4831,2.190964,1.564006
4832,1.795013,0.490549
4833,2.415436,1.255952
4834,2.54228,1.756554
4835,2.380608,0.744824
4836,2.227431,0.648353
4837,2.134878,1.680976
4838,1.962874,1.668805
4839,2.421209,2.986289
4840,1.851194,1.893975
4841,1.892736,1.797179
4842,1.954425,1.890289
4843,1.735392,1.536647
4844,1.874451,1.15562
4845,2.517905,0.839089
4846,2.025479,2.510698
4847,1.61094,1.056032
4848,2.277061,3.160286
4849,2.101792,1.108739
4850,2.162559,1.664202
4851,1.922702,2.505014
4852,2.245164,2.332325
4853,2.085491,1.89154
4854,1.874952,0.866403
4855,1.98805,2.033272
4856,2.046214,2.109606
4857,2.211562,1.259912
4858,2.241209,2.635898
4859,1.94254,1.099377
4860,2.330924,1.896873
4861,2.212231,1.958992
4862,2.331333,2.080217
4863,2.01023,0.973632
4864,1.78235,2.465596
4865,2.401547,1.881165
4866,2.021976,2.050282
4867,1.719633,1.406897
4868,2.427958,1.998486
4869,2.062795,2.661582
4870,1.99429,1.921986
4871,2.145518,1.482777
4872,1.987341,2.076313
4873,2.05013,0.83993
4874,2.210255,0.863018
4875,2.312115,1.100901
4876,1.943741,1.021027
4877,2.578349,2.016739
4878,2.310363,1.221605
4879,2.186653,1.928457
4880,2.002663,1.494121
4881,2.101619,1.435297
4882,2.067186,1.354146
4883,1.824229,1.600717
4884,1.883336,1.557119
4885,2.117642,0.371912
4886,1.82778,1.076468
4887,1.955875,2.074013
4888,1.693563,1.109819
4889,1.517187,1.529004
4890,2.230252,1.387621
4891,2.169334,1.683312
4892,1.818449,0.452544
4893,1.815987,0.947913
4894,1.922013,1.903499
4895,1.797276,1.72118
4896,2.19198,1.190853
4897,1.77123,1.195371
4898,1.830387,1.09987
4899,1.646939,0.912743
4900,2.152854,2.256404
4901,2.405783,2.402996
4902,1.824846,1.59183
4903,2.378052,1.387986
4904,1.965975,3.076941
4905,1.789556,1.353731
4906,2.434883,2.463557
4907,2.373393,2.176117
4908,2.110578,1.45075
4909,2.001471,0.934277
4910,2.226373,2.750324
4911,1.720509,1.839554
4912,1.905736,1.357224
4913,2.173868,1.436588
4914,1.915782,1.526828
4915,1.998058,1.607325
4916,1.744077,1.265072
4917,1.823605,1.141427
4918,1.798206,1.231453
4919,1.874161,2.196697
4920,2.062873,1.518871
4921,1.727721,1.147411
4922,1.869278,1.816785
4923,1.836881,1.376846
4924,2.111072,1.317964
4925,2.688341,3.191985
4926,2.715767,2.729255
4927,1.854618,0.717638
4928,1.978632,2.031011
4929,2.679892,3.12541
4930,2.175105,1.414181
4931,2.645175,2.482699
4932,1.618937,1.144235
4933,2.010517,1.669701
4934,2.110188,2.270289
4935,2.131785,1.245769
4936,1.844797,0.933546
4937,1.866748,1.858306
4938,2.615292,2.243063
4939,2.362691,2.946815
4940,1.979682,1.278504
4941,1.860807,1.573105
4942,1.951981,3.062922
4943,2.401431,2.309116
4944,2.278854,1.573204
4945,2.26777,0.929206
4946,2.168333,1.446509
4947,2.341466,3.178977
4948,2.161757,0.490236
4949,1.940618,1.059192
4950,2.109018,1.890785
4951,1.796338,2.638697
4952,1.783021,1.12399
4953,2.315164,2.062433
4954,1.774698,2.905404
4955,2.184768,1.23227
4956,2.441238,1.622369
4957,2.175023,3.401315
4958,2.905037,2.016513
4959,2.146573,1.369107
4960,2.431983,2.914453
4961,2.15612,1.388389
4962,2.363983,1.031369
4963,1.904711,0.674637
4964,2.036812,0.998853
4965,1.718992,2.246006
4966,1.906121,0.734313
4967,1.955603,1.436906
4968,1.852015,3.706624
4969,2.50788,0.906568
4970,1.91906,1.387141
4971,1.916816,1.822221
4972,2.283565,2.349154
4973,1.748002,1.121296
4974,2.589902,1.720941
4975,2.184273,1.860459
4976,2.018027,0.920689
4977,2.12735,1.090142
4978,1.881017,0.707353
4979,2.018647,1.53897
4980,2.36224,2.185537
4981,1.786188,1.830979
4982,1.737784,1.160209
4983,1.775555,2.552096
4984,2.438312,1.349875
4985,1.535032,0.809214
4986,2.134646,1.405686
4987,2.311774,1.99815
4988,2.028344,1.574928
4989,2.179096,1.487411
4990,2.249355,1.899113
4991,2.707814,3.636537
4992,2.860877,2.888343
4993,1.996946,0.808956
4994,1.900436,2.611239
4995,1.927658,1.819835
4996,2.393327,1.777661
4997,1.64248,1.374423
4998,2.448191,2.366908
4999,2.146203,1.980463
5000,2.410879,2.819544
