replicate,rate_per_day,rate_per_30_days
1,14.544643,436.339286
2,15.047832,451.434949
3,13.624362,408.730867
4,14.003189,420.095663
5,14.872449,446.173469
6,14.418367,432.55102
7,13.107781,393.233418
8,13.86926,416.077806
9,13.054847,391.645408
10,15.352679,460.580357
11,14.560587,436.817602
12,14.267857,428.035714
13,14.252551,427.576531
14,14.209184,426.27551
15,15.209821,456.294643
16,14.422194,432.665816
17,15.610332,468.309949
18,14.510842,435.325255
19,13.463648,403.909439
20,14.137117,424.11352
21,14.368622,431.058673
22,14.244898,427.346939
23,14.239796,427.193878
24,15.742985,472.289541
25,15.658163,469.744898
26,14.674107,440.223214
27,13.413903,402.417092
28,16.320791,489.623724
29,14.353954,430.618622
30,13.799107,413.973214
31,15.422194,462.665816
32,15.260842,457.825255
33,15.69324,470.797194
34,14.498724,434.961735
35,14.865434,445.96301
36,14.823342,444.700255
37,14.292092,428.762755
38,15.063138,451.894133
39,14.38648,431.594388
40,16.455357,493.660714
41,14.408801,432.264031
42,14.658801,439.764031
43,14.193878,425.816327
44,13.822066,414.66199
45,14.09375,422.8125
46,14.183673,425.510204
47,14.485332,434.559949
48,14.875,446.25
49,14.067602,422.028061
50,14.947704,448.431122
51,13.640306,409.209184
52,14.815689,444.470663
53,13.61352,408.405612
54,14.583546,437.506378
55,15.558673,466.760204
56,14.903061,447.091837
57,14.570153,437.104592
58,13.961097,418.832908
59,13.691964,410.758929
60,13.848852,415.465561
61,14.213648,426.409439
62,15.223214,456.696429
63,13.642857,409.285714
64,13.805485,414.164541
65,14.357143,430.714286
66,13.105867,393.17602
67,13.976403,419.292092
68,14.046556,421.396684
69,15.656888,469.706633
70,14.125638,423.769133
71,14.841837,445.255102
72,14.230867,426.92602
73,15.484694,464.540816
74,14.308673,429.260204
75,15.133291,453.998724
76,14.147959,424.438776
77,15.311224,459.336735
78,14.477679,434.330357
79,14.58801,437.640306
80,14.843112,445.293367
81,14.748087,442.442602
82,14.819515,444.585459
83,14.0625,421.875
84,14.389668,431.690051
85,14.753189,442.595663
86,15.850765,475.522959
87,13.565051,406.951531
88,14.748724,442.461735
89,14.017219,420.516582
90,14.223214,426.696429
91,14.545281,436.358418
92,14.559949,436.798469
93,15.435587,463.067602
94,14.171556,425.146684
95,15.760842,472.825255
96,13.339923,400.197704
97,15.415179,462.455357
98,14.591837,437.755102
99,15.144133,454.32398
100,13.425383,402.76148
101,14.032526,420.975765
102,15.1875,455.625
103,15.942602,478.278061
104,14.898597,446.957908
105,13.840561,415.216837
106,14.027423,420.822704
107,13.899235,416.977041
108,13.181122,395.433673
109,15.951531,478.545918
110,14.953444,448.603316
111,15.296556,458.896684
112,14.833546,445.006378
113,13.977679,419.330357
114,14.51148,435.344388
115,14.48852,434.655612
116,16.40051,492.015306
117,14.037628,421.128827
118,16.237883,487.13648
119,14.903061,447.091837
120,15.138393,454.151786
121,15.390944,461.728316
122,15.794643,473.839286
123,16.486607,494.598214
124,14.939413,448.182398
125,15.384566,461.53699
126,13.963648,418.909439
127,15.466199,463.985969
128,13.967474,419.024235
129,15.373087,461.192602
130,15.512755,465.382653
131,14.445791,433.373724
132,14.809949,444.298469
133,16.053571,481.607143
134,12.979592,389.387755
135,14.759566,442.78699
136,15.364796,460.943878
137,14.235332,427.059949
138,14.682398,440.471939
139,14.399872,431.996173
140,15.453444,463.603316
141,14.707908,441.237245
142,14.151148,424.534439
143,15.485969,464.579082
144,14.035077,421.052296
145,13.006378,390.191327
146,14.358418,430.752551
147,13.961097,418.832908
148,15.188138,455.644133
149,15.092474,452.774235
150,15.034439,451.033163
151,15.495536,464.866071
152,12.896684,386.90051
153,14.336097,430.082908
154,14.475128,434.253827
155,14.36926,431.077806
156,14.454719,433.641582
157,14.117985,423.539541
158,14.679847,440.395408
159,13.516582,405.497449
160,15.920281,477.608418
161,14.223214,426.696429
162,14.19324,425.797194
163,13.997449,419.923469
164,15.007015,450.210459
165,14.174107,425.223214
166,15.010842,450.325255
167,15.864158,475.924745
168,14.645408,439.362245
169,14.014668,420.440051
170,13.822704,414.681122
171,13.540816,406.22449
172,14.094388,422.831633
173,16.008929,480.267857
174,14.860969,445.829082
175,13.965561,418.966837
176,15.272321,458.169643
177,14.264031,427.920918
178,16.218112,486.543367
179,15.659439,469.783163
180,15.45727,463.718112
181,14.959184,448.77551
182,14.409439,432.283163
183,13.825255,414.757653
184,15.547832,466.434949
185,14.734694,442.040816
186,14.551658,436.549745
187,14.910714,447.321429
188,13.875638,416.269133
189,13.699617,410.98852
190,14.166454,424.993622
191,15.789541,473.686224
192,14.243622,427.308673
193,14.683036,440.491071
194,13.202806,396.084184
195,13.367347,401.020408
196,15.91199,477.359694
197,14.11352,423.405612
198,13.759566,412.78699
199,14.174107,425.223214
200,14.905612,447.168367
201,13.943878,418.316327
202,14.858418,445.752551
203,13.374362,401.230867
204,13.994898,419.846939
205,15.201531,456.045918
206,13.360969,400.829082
207,13.645408,409.362245
208,14.771046,443.131378
209,14.295918,428.877551
210,13.797832,413.934949
211,14.711735,441.352041
212,13.827806,414.834184
213,15.788903,473.667092
214,16.466837,494.005102
215,13.697704,410.931122
216,14.80676,444.202806
217,14.392857,431.785714
218,15.560587,466.817602
219,14.866071,445.982143
220,14.577806,437.334184
221,14.037628,421.128827
222,17.304847,519.145408
223,14.682398,440.471939
224,15.235969,457.079082
225,14.169643,425.089286
226,15.149872,454.496173
227,14.544643,436.339286
228,14.049745,421.492347
229,13.830995,414.929847
230,14.594388,437.831633
231,14.923469,447.704082
232,16.387117,491.61352
233,16.17602,485.280612
234,16.189413,485.682398
235,15.686224,470.586735
236,14.902423,447.072704
237,15.884566,476.53699
238,14.982143,449.464286
239,14.227679,426.830357
240,13.222577,396.677296
241,13.83801,415.140306
242,14.373087,431.192602
243,14.109694,423.290816
244,14.904974,447.149235
245,15.297194,458.915816
246,15.199617,455.98852
247,14.866071,445.982143
248,14.804847,444.145408
249,14.13648,424.094388
250,14.442602,433.278061
251,13.419005,402.570153
252,16.350765,490.522959
253,14.515944,435.478316
254,13.841837,415.255102
255,14.484694,434.540816
256,14.112245,423.367347
257,14.964923,448.947704
258,15.392857,461.785714
259,15.91773,477.531888
260,13.544005,406.320153
261,15.252551,457.576531
262,14.89477,446.843112
263,15.064413,451.932398
264,14.173469,425.204082
265,14.839923,445.197704
266,14.962372,448.871173
267,15.748087,472.442602
268,15.279974,458.399235
269,16.460459,493.813776
270,15.142219,454.266582
271,15.214286,456.428571
272,13.741071,412.232143
273,13.024872,390.746173
274,13.529337,405.880102
275,15.566327,466.989796
276,16.468112,494.043367
277,15.966199,478.985969
278,14.365434,430.96301
279,14.262117,427.86352
280,15.373087,461.192602
281,13.197704,395.931122
282,14.948342,448.450255
283,14.78125,443.4375
284,14.16199,424.859694
285,14.685587,440.567602
286,13.194515,395.835459
287,14.859056,445.771684
288,16.920918,507.627551
289,13.282526,398.475765
290,12.857143,385.714286
291,15.163265,454.897959
292,13.533163,405.994898
293,14.985332,449.559949
294,14.809949,444.298469
295,15.466837,464.005102
296,15.162628,454.878827
297,14.102679,423.080357
298,13.184311,395.529337
299,14.864158,445.924745
300,14.185587,425.567602
301,14.572704,437.181122
302,15.353316,460.59949
303,14.595663,437.869898
304,14.846301,445.389031
305,15.276786,458.303571
306,15.012117,450.36352
307,14.586735,437.602041
308,13.383929,401.517857
309,14.867347,446.020408
310,14.979592,449.387755
311,14.688776,440.663265
312,13.893495,416.804847
313,14.435587,433.067602
314,14.252551,427.576531
315,14.642219,439.266582
316,14.066964,422.008929
317,15.25,457.5
318,16.427296,492.818878
319,14.413265,432.397959
320,13.547194,406.415816
321,14.461735,433.852041
322,13.882653,416.479592
323,13.578444,407.353316
324,13.665179,409.955357
325,13.41199,402.359694
326,14.115434,423.46301
327,15.58227,467.468112
328,13.506378,405.191327
329,15.114158,453.424745
330,15.910077,477.302296
331,15.035714,451.071429
332,13.500638,405.019133
333,14.160714,424.821429
334,14.948342,448.450255
335,12.581633,377.44898
336,14.188776,425.663265
337,14.887755,446.632653
338,14.544643,436.339286
339,13.798469,413.954082
340,14.964286,448.928571
341,15.526148,465.784439
342,14.649235,439.477041
343,13.879464,416.383929
344,16.121811,483.654337
345,14.195791,425.873724
346,14.170281,425.108418
347,15.373087,461.192602
348,14.999362,449.980867
349,15.248724,457.461735
350,13.267857,398.035714
351,15.404337,462.130102
352,14.924107,447.723214
353,14.40051,432.015306
354,15.145408,454.362245
355,13.086097,392.582908
356,14.434949,433.048469
357,12.647321,379.419643
358,15.23023,456.906888
359,13.894133,416.82398
360,15.647959,469.438776
361,14.65625,439.6875
362,15.448342,463.450255
363,14.382653,431.479592
364,15.415179,462.455357
365,14.514031,435.420918
366,14.117985,423.539541
367,13.550383,406.51148
368,14.227679,426.830357
369,13.778699,413.360969
370,14.734694,442.040816
371,14.44324,433.297194
372,14.428571,432.857143
373,14.227041,426.811224
374,14.328444,429.853316
375,14.190689,425.720663
376,13.890306,416.709184
377,15.762755,472.882653
378,13.88074,416.422194
379,15.162628,454.878827
380,14.460459,433.813776
381,14.234694,427.040816
382,15.455995,463.679847
383,14.700893,441.026786
384,15.452806,463.584184
385,14.503189,435.095663
386,15.236607,457.098214
387,14.841199,445.235969
388,15.950893,478.526786
389,15.089286,452.678571
390,13.612883,408.38648
391,15.522959,465.688776
392,14.154337,424.630102
393,13.480867,404.42602
394,15.192602,455.778061
395,14.749362,442.480867
396,13.283163,398.494898
397,13.954719,418.641582
398,14.503827,435.114796
399,15.807398,474.221939
400,14.114158,423.424745
401,16.375638,491.269133
402,15.15051,454.515306
403,15.116709,453.501276
404,15.635204,469.056122
405,14.014031,420.420918
406,14.464286,433.928571
407,14.286352,428.590561
408,15.605867,468.17602
409,14.799107,443.973214
410,16.073342,482.200255
411,15.18176,455.452806
412,13.379464,401.383929
413,14.781888,443.456633
414,15.584821,467.544643
415,14.049745,421.492347
416,14.089286,422.678571
417,15.264031,457.920918
418,15.43176,462.952806
419,14.376913,431.307398
420,14.465561,433.966837
421,16.003827,480.114796
422,14.160714,424.821429
423,15.485969,464.579082
424,13.744898,412.346939
425,14.751276,442.538265
426,14.166454,424.993622
427,14.683036,440.491071
428,14.690051,440.701531
429,14.061224,421.836735
430,15.585459,467.563776
431,14.240434,427.21301
432,14.464286,433.928571
433,15.592474,467.774235
434,14.249362,427.480867
435,14.160077,424.802296
436,13.6875,410.625
437,14.793367,443.80102
438,15.368622,461.058673
439,15.115434,453.46301
440,14.853316,445.59949
441,15.173469,455.204082
442,14.889668,446.690051
443,15.097577,452.927296
444,14.540179,436.205357
445,14.086735,422.602041
446,14.59375,437.8125
447,14.311224,429.336735
448,15.087372,452.621173
449,13.508291,405.248724
450,13.790179,413.705357
451,14.406888,432.206633
452,14.15625,424.6875
453,14.807398,444.221939
454,14.813776,444.413265
455,14.131378,423.941327
456,16.205995,486.179847
457,14.778699,443.360969
458,13.326531,399.795918
459,14.172194,425.165816
460,14.750638,442.519133
461,13.070153,392.104592
462,14.850128,445.503827
463,14.572066,437.16199
464,14.268495,428.054847
465,15.704082,471.122449
466,15.169643,455.089286
467,13.614796,408.443878
468,14.735332,442.059949
469,15.55102,466.530612
470,14.059311,421.779337
471,15.436224,463.086735
472,15.967474,479.024235
473,15.387117,461.61352
474,14.523597,435.707908
475,15.204719,456.141582
476,15.199617,455.98852
477,13.747449,412.423469
478,13.543367,406.30102
479,16.096939,482.908163
480,13.44324,403.297194
481,14.517219,435.516582
482,16.018495,480.554847
483,13.368622,401.058673
484,14.517857,435.535714
485,15.094388,452.831633
486,14.824617,444.73852
487,15.121173,453.635204
488,15.252551,457.576531
489,13.521684,405.65051
490,15.154974,454.649235
491,15.427296,462.818878
492,14.739796,442.193878
493,16.248724,487.461735
494,15.591837,467.755102
495,14.509566,435.28699
496,15.250638,457.519133
497,14.014031,420.420918
498,14.07398,422.219388
499,15.422194,462.665816
500,14.595663,437.869898
501,15.142219,454.266582
502,13.582908,407.487245
503,15.191327,455.739796
504,16.042092,481.262755
505,14.753827,442.614796
506,14.664541,439.936224
507,14.294005,428.820153
508,15.774235,473.227041
509,15.329082,459.872449
510,14.533163,435.994898
511,13.626276,408.788265
512,13.756378,412.691327
513,15.635842,469.075255
514,14.027423,420.822704
515,14.436862,433.105867
516,14.09375,422.8125
517,15.243622,457.308673
518,15.05676,451.702806
519,14.309949,429.298469
520,15.11926,453.577806
521,15.367347,461.020408
522,14.199617,425.98852
523,14.595663,437.869898
524,15.397959,461.938776
525,15.663265,469.897959
526,15.964286,478.928571
527,13.283163,398.494898
528,13.779974,413.399235
529,15.007653,450.229592
530,14.304847,429.145408
531,14.122449,423.673469
532,14.88074,446.422194
533,14.429847,432.895408
534,14.364796,430.943878
535,14.447066,433.41199
536,15.222577,456.677296
537,15.93176,477.952806
538,15.44324,463.297194
539,15.163903,454.917092
540,15.414541,462.436224
541,15.941327,478.239796
542,13.414541,402.436224
543,14.672194,440.165816
544,14.680485,440.414541
545,13.977679,419.330357
546,14.215561,426.466837
547,13.728316,411.84949
548,14.668367,440.05102
549,14.884566,446.53699
550,16.500638,495.019133
551,14.704082,441.122449
552,15.701531,471.045918
553,13.552934,406.58801
554,14.348214,430.446429
555,13.911352,417.340561
556,13.755102,412.653061
557,14.637755,439.132653
558,14.359694,430.790816
559,13.582908,407.487245
560,13.861607,415.848214
561,15.330995,459.929847
562,14.77551,443.265306
563,14.125,423.75
564,15.952806,478.584184
565,13.910714,417.321429
566,14.198342,425.950255
567,16.382653,491.479592
568,14.788903,443.667092
569,14.930485,447.914541
570,14.26977,428.093112
571,14.749362,442.480867
572,14.752551,442.576531
573,15.566964,467.008929
574,13.666454,409.993622
575,14.01977,420.593112
576,14.012117,420.36352
577,13.184949,395.548469
578,14.121811,423.654337
579,14.944515,448.335459
580,15.403699,462.110969
581,14.427934,432.83801
582,15.036352,451.090561
583,16.330357,489.910714
584,13.840561,415.216837
585,14.698342,440.950255
586,15.004464,450.133929
587,15.487883,464.63648
588,13.125638,393.769133
589,14.35523,430.656888
590,13.772959,413.188776
591,14.463648,433.909439
592,16.144133,484.32398
593,14.570153,437.104592
594,12.763393,382.901786
595,14.385842,431.575255
596,14.972577,449.177296
597,14.982143,449.464286
598,14.181122,425.433673
599,14.906888,447.206633
600,14.742347,442.270408
601,13.96301,418.890306
602,14.918367,447.55102
603,14.430485,432.914541
604,15.140944,454.228316
605,14.202168,426.065051
606,14.473852,434.215561
607,14.459184,433.77551
608,14.97449,449.234694
609,13.716837,411.505102
610,15.426658,462.799745
611,15.82398,474.719388
612,14.875,446.25
613,14.549107,436.473214
614,14.565051,436.951531
615,14.621173,438.635204
616,14.935587,448.067602
617,15.055485,451.664541
618,16.08227,482.468112
619,13.721939,411.658163
620,14.840561,445.216837
621,14.420918,432.627551
622,14.288903,428.667092
623,13.693878,410.816327
624,16.072704,482.181122
625,16.299745,488.992347
626,13.410077,402.302296
627,15.174107,455.223214
628,15.78699,473.609694
629,15.709821,471.294643
630,13.632015,408.960459
631,16.251276,487.538265
632,13.711735,411.352041
633,14.364158,430.924745
634,15.286352,458.590561
635,13.807398,414.221939
636,13.668367,410.05102
637,15.475128,464.253827
638,14.612883,438.38648
639,13.647959,409.438776
640,13.746811,412.404337
641,13.093112,392.793367
642,12.61926,378.577806
643,14.595026,437.850765
644,15.022321,450.669643
645,14.635204,439.056122
646,15.042092,451.262755
647,14.952168,448.565051
648,14.809311,444.279337
649,14.480867,434.42602
650,14.239158,427.174745
651,14.671556,440.146684
652,14.449617,433.48852
653,14.916454,447.493622
654,15.580995,467.429847
655,13.964923,418.947704
656,14.580357,437.410714
657,14.292092,428.762755
658,13.950893,418.526786
659,13.544005,406.320153
660,14.327806,429.834184
661,15.260204,457.806122
662,13.727679,411.830357
663,14.236607,427.098214
664,13.791454,413.743622
665,15.661352,469.840561
666,16.194515,485.835459
667,14.0,420.0
668,15.365434,460.96301
669,16.098214,482.946429
670,15.359056,460.771684
671,14.228954,426.868622
672,14.392857,431.785714
673,14.792092,443.762755
674,14.276786,428.303571
675,15.6875,470.625
676,13.598214,407.946429
677,15.94898,478.469388
678,14.686224,440.586735
679,14.533801,436.014031
680,14.939413,448.182398
681,14.64477,439.343112
682,15.334821,460.044643
683,13.841837,415.255102
684,15.02551,450.765306
685,13.554847,406.645408
686,13.490434,404.71301
687,14.543367,436.30102
688,15.602041,468.061224
689,15.678571,470.357143
690,13.586097,407.582908
691,15.540816,466.22449
692,15.24426,457.327806
693,14.14477,424.343112
694,14.272959,428.188776
695,14.815689,444.470663
696,13.454719,403.641582
697,14.70727,441.218112
698,14.276148,428.284439
699,15.610332,468.309949
700,14.380102,431.403061
701,14.395408,431.862245
702,14.875,446.25
703,15.140944,454.228316
704,14.231505,426.945153
705,14.197704,425.931122
706,15.656888,469.706633
707,14.364796,430.943878
708,15.270408,458.112245
709,13.838648,415.159439
710,15.461097,463.832908
711,15.179209,455.376276
712,14.536352,436.090561
713,14.817602,444.528061
714,15.032526,450.975765
715,14.065689,421.970663
716,13.336735,400.102041
717,14.789541,443.686224
718,16.068878,482.066327
719,14.592474,437.774235
720,14.08227,422.468112
721,15.700255,471.007653
722,13.3125,399.375
723,14.083546,422.506378
724,13.602041,408.061224
725,13.333546,400.006378
726,13.66199,409.859694
727,14.639031,439.170918
728,16.621173,498.635204
729,13.906888,417.206633
730,14.517857,435.535714
731,15.344388,460.331633
732,15.167092,455.012755
733,15.418367,462.55102
734,15.174745,455.242347
735,15.195791,455.873724
736,16.605867,498.17602
737,15.471939,464.158163
738,16.59375,497.8125
739,15.100128,453.003827
740,14.690051,440.701531
741,15.709821,471.294643
742,13.901148,417.034439
743,15.854592,475.637755
744,12.112883,363.38648
745,14.262755,427.882653
746,15.270408,458.112245
747,16.821429,504.642857
748,15.253189,457.595663
749,16.219388,486.581633
750,13.091837,392.755102
751,14.410714,432.321429
752,13.709184,411.27551
753,14.442602,433.278061
754,14.616071,438.482143
755,14.005102,420.153061
756,14.894133,446.82398
757,14.691964,440.758929
758,15.487883,464.63648
759,15.213648,456.409439
760,14.645408,439.362245
761,14.086097,422.582908
762,16.212372,486.371173
763,14.833546,445.006378
764,13.702168,411.065051
765,13.955357,418.660714
766,14.688776,440.663265
767,14.787628,443.628827
768,15.258291,457.748724
769,14.816327,444.489796
770,13.966837,419.005102
771,14.168367,425.05102
772,14.419005,432.570153
773,16.080995,482.429847
774,15.009566,450.28699
775,14.570791,437.123724
776,14.872449,446.173469
777,14.420281,432.608418
778,15.059311,451.779337
779,14.376276,431.288265
780,15.625638,468.769133
781,14.728954,441.868622
782,13.674107,410.223214
783,14.688776,440.663265
784,15.021046,450.631378
785,14.889668,446.690051
786,15.403699,462.110969
787,16.035714,481.071429
788,13.797832,413.934949
789,14.499362,434.980867
790,14.999362,449.980867
791,14.586735,437.602041
792,14.67602,440.280612
793,14.272959,428.188776
794,14.561862,436.855867
795,14.920918,447.627551
796,14.892857,446.785714
797,15.04273,451.281888
798,15.424107,462.723214
799,14.56824,437.047194
800,14.322066,429.66199
801,13.668367,410.05102
802,15.072066,452.16199
803,14.872449,446.173469
804,14.507015,435.210459
805,15.15051,454.515306
806,14.67602,440.280612
807,15.28125,458.4375
808,15.16199,454.859694
809,15.244898,457.346939
810,14.188776,425.663265
811,14.174745,425.242347
812,15.146046,454.381378
813,15.651148,469.534439
814,13.935587,418.067602
815,14.90625,447.1875
816,14.571429,437.142857
817,13.869898,416.096939
818,14.567602,437.028061
819,15.221301,456.639031
820,14.913903,447.417092
821,13.998724,419.961735
822,14.162628,424.878827
823,15.611607,468.348214
824,14.591199,437.735969
825,14.353954,430.618622
826,15.306122,459.183673
827,15.040816,451.22449
828,14.303571,429.107143
829,14.180485,425.414541
830,15.50574,465.172194
831,14.320153,429.604592
832,13.321429,399.642857
833,13.005102,390.153061
834,14.834184,445.02551
835,13.838648,415.159439
836,13.182398,395.471939
837,14.640306,439.209184
838,14.989796,449.693878
839,13.975765,419.272959
840,17.096939,512.908163
841,15.632653,468.979592
842,14.104592,423.137755
843,17.079719,512.391582
844,14.582908,437.487245
845,14.873087,446.192602
846,14.588648,437.659439
847,15.153699,454.610969
848,14.995536,449.866071
849,14.984056,449.521684
850,13.748087,412.442602
851,14.578444,437.353316
852,14.024872,420.746173
853,15.621173,468.635204
854,14.29273,428.781888
855,14.195153,425.854592
856,14.521046,435.631378
857,14.438138,433.144133
858,13.864796,415.943878
859,14.158163,424.744898
860,15.119898,453.596939
861,13.300383,399.01148
862,13.545918,406.377551
863,14.532526,435.975765
864,15.410714,462.321429
865,14.045281,421.358418
866,14.561224,436.836735
867,15.515306,465.459184
868,15.764668,472.940051
869,14.141582,424.247449
870,15.575893,467.276786
871,14.920918,447.627551
872,14.582908,437.487245
873,14.397321,431.919643
874,14.696429,440.892857
875,13.896046,416.881378
876,14.112245,423.367347
877,15.307398,459.221939
878,12.68176,380.452806
879,13.391582,401.747449
880,16.089923,482.697704
881,15.947704,478.431122
882,13.985969,419.579082
883,15.630102,468.903061
884,14.4375,433.125
885,14.287628,428.628827
886,15.084821,452.544643
887,13.598852,407.965561
888,13.915179,417.455357
889,14.253827,427.614796
890,15.037628,451.128827
891,13.758291,412.748724
892,13.647321,409.419643
893,14.442602,433.278061
894,13.873724,416.211735
895,14.430485,432.914541
896,15.888393,476.651786
897,14.067602,422.028061
898,15.058036,451.741071
899,15.81824,474.547194
900,13.531888,405.956633
901,15.03125,450.9375
902,14.36926,431.077806
903,14.384566,431.53699
904,14.531888,435.956633
905,14.845663,445.369898
906,14.517857,435.535714
907,16.478954,494.368622
908,14.371173,431.135204
909,14.641582,439.247449
910,14.108418,423.252551
911,14.794005,443.820153
912,14.822704,444.681122
913,12.941964,388.258929
914,14.419005,432.570153
915,14.804209,444.126276
916,14.217474,426.524235
917,15.295281,458.858418
918,14.629464,438.883929
919,12.947704,388.431122
920,14.075255,422.257653
921,15.288265,458.647959
922,14.811862,444.355867
923,15.498724,464.961735
924,14.573342,437.200255
925,14.289541,428.686224
926,14.130102,423.903061
927,14.656888,439.706633
928,16.128827,483.864796
929,14.208546,426.256378
930,15.054209,451.626276
931,14.752551,442.576531
932,14.976403,449.292092
933,14.308036,429.241071
934,14.214286,426.428571
935,15.538265,466.147959
936,13.878827,416.364796
937,13.216199,396.485969
938,12.959184,388.77551
939,14.819515,444.585459
940,13.980867,419.42602
941,14.021684,420.65051
942,13.209184,396.27551
943,13.273597,398.207908
944,15.918367,477.55102
945,14.727679,441.830357
946,14.30102,429.030612
947,13.796556,413.896684
948,14.989158,449.674745
949,14.325255,429.757653
950,16.188776,485.663265
951,14.788903,443.667092
952,15.001276,450.038265
953,13.813776,414.413265
954,13.341199,400.235969
955,14.742347,442.270408
956,15.170918,455.127551
957,14.418367,432.55102
958,15.173469,455.204082
959,14.348852,430.465561
960,15.269133,458.07398
961,14.709184,441.27551
962,13.279974,398.399235
963,13.938138,418.144133
964,14.34949,430.484694
965,14.230867,426.92602
966,14.647321,439.419643
967,15.429847,462.895408
968,15.946429,478.392857
969,15.455357,463.660714
970,15.533801,466.014031
971,16.131378,483.941327
972,15.696429,470.892857
973,14.147321,424.419643
974,14.647959,439.438776
975,15.858418,475.752551
976,15.177934,455.33801
977,13.84949,415.484694
978,14.715561,441.466837
979,14.328444,429.853316
980,15.447704,463.431122
981,14.112245,423.367347
982,14.435587,433.067602
983,16.306122,489.183673
984,14.895408,446.862245
985,16.057398,481.721939
986,15.623087,468.692602
987,14.050383,421.51148
988,15.566327,466.989796
989,14.648597,439.457908
990,16.07398,482.219388
991,14.883291,446.498724
992,16.753827,502.614796
993,14.276786,428.303571
994,14.507653,435.229592
995,15.537628,466.128827
996,14.691327,440.739796
997,14.41773,432.531888
998,14.897959,446.938776
999,15.189413,455.682398
1000,14.209184,426.27551
1001,13.596939,407.908163
1002,15.857143,475.714286
1003,15.031888,450.956633
1004,14.596301,437.889031
1005,14.63074,438.922194
1006,14.032526,420.975765
1007,13.398597,401.957908
1008,14.72449,441.734694
1009,15.199617,455.98852
1010,12.969388,389.081633
1011,13.822704,414.681122
1012,15.555485,466.664541
1013,13.695153,410.854592
1014,13.747449,412.423469
1015,15.507015,465.210459
1016,13.492347,404.770408
1017,14.39477,431.843112
1018,13.478954,404.368622
1019,14.340561,430.216837
1020,15.294643,458.839286
1021,14.505102,435.153061
1022,14.971301,449.139031
1023,13.925383,417.76148
1024,13.67602,410.280612
1025,15.397321,461.919643
1026,12.60523,378.156888
1027,15.694515,470.835459
1028,14.675383,440.26148
1029,13.702168,411.065051
1030,13.155612,394.668367
1031,13.362883,400.88648
1032,14.612245,438.367347
1033,14.468112,434.043367
1034,15.050383,451.51148
1035,15.82398,474.719388
1036,17.551658,526.549745
1037,15.758929,472.767857
1038,16.07398,482.219388
1039,15.102679,453.080357
1040,14.940689,448.220663
1041,13.595663,407.869898
1042,13.970663,419.119898
1043,14.272321,428.169643
1044,13.472577,404.177296
1045,13.881378,416.441327
1046,15.18176,455.452806
1047,16.429847,492.895408
1048,14.922832,447.684949
1049,15.776148,473.284439
1050,14.866709,446.001276
1051,14.681122,440.433673
1052,14.83801,445.140306
1053,14.579082,437.372449
1054,15.534439,466.033163
1055,14.043367,421.30102
1056,16.03699,481.109694
1057,14.596939,437.908163
1058,13.797194,413.915816
1059,12.940051,388.201531
1060,12.809949,384.298469
1061,14.026148,420.784439
1062,16.050383,481.51148
1063,14.328444,429.853316
1064,14.466199,433.985969
1065,14.004464,420.133929
1066,15.540179,466.205357
1067,14.295918,428.877551
1068,15.110969,453.329082
1069,14.679209,440.376276
1070,13.711735,411.352041
1071,16.32398,489.719388
1072,13.551658,406.549745
1073,15.221301,456.639031
1074,13.424745,402.742347
1075,14.121173,423.635204
1076,16.029974,480.899235
1077,14.038903,421.167092
1078,14.576531,437.295918
1079,13.703444,411.103316
1080,13.455357,403.660714
1081,14.487245,434.617347
1082,13.406888,402.206633
1083,15.319515,459.585459
1084,13.552296,406.568878
1085,15.580995,467.429847
1086,15.871811,476.154337
1087,13.695153,410.854592
1088,14.818878,444.566327
1089,15.752551,472.576531
1090,15.103954,453.118622
1091,15.054847,451.645408
1092,17.422832,522.684949
1093,14.637755,439.132653
1094,13.774235,413.227041
1095,13.771684,413.15051
1096,15.160714,454.821429
1097,15.23023,456.906888
1098,15.746811,472.404337
1099,15.389668,461.690051
1100,13.57398,407.219388
1101,14.304847,429.145408
1102,13.842474,415.274235
1103,15.690051,470.701531
1104,13.601403,408.042092
1105,15.595026,467.850765
1106,15.201531,456.045918
1107,14.508929,435.267857
1108,13.105867,393.17602
1109,14.765944,442.978316
1110,13.615434,408.46301
1111,13.897321,416.919643
1112,14.665179,439.955357
1113,14.630102,438.903061
1114,15.244898,457.346939
1115,13.713648,411.409439
1116,14.138393,424.151786
1117,15.065051,451.951531
1118,13.835459,415.063776
1119,14.542092,436.262755
1120,14.28699,428.609694
1121,16.145408,484.362245
1122,14.99426,449.827806
1123,15.528699,465.860969
1124,14.292092,428.762755
1125,14.502551,435.076531
1126,15.154974,454.649235
1127,14.160714,424.821429
1128,15.310587,459.317602
1129,14.552934,436.58801
1130,14.60523,438.156888
1131,15.830357,474.910714
1132,13.288903,398.667092
1133,14.376913,431.307398
1134,13.924745,417.742347
1135,13.847577,415.427296
1136,14.340561,430.216837
1137,14.384566,431.53699
1138,14.621173,438.635204
1139,14.528699,435.860969
1140,13.438138,403.144133
1141,14.597577,437.927296
1142,14.757653,442.729592
1143,13.86352,415.905612
1144,14.259566,427.78699
1145,14.696429,440.892857
1146,13.653061,409.591837
1147,15.534439,466.033163
1148,15.066327,451.989796
1149,14.982143,449.464286
1150,14.912628,447.378827
1151,13.684949,410.548469
1152,15.08227,452.468112
1153,15.259566,457.78699
1154,15.109694,453.290816
1155,13.804847,414.145408
1156,14.459184,433.77551
1157,13.632015,408.960459
1158,14.032526,420.975765
1159,14.168367,425.05102
1160,15.779337,473.380102
1161,14.468112,434.043367
1162,14.521684,435.65051
1163,15.291454,458.743622
1164,15.046556,451.396684
1165,14.051658,421.549745
1166,15.286352,458.590561
1167,14.762755,442.882653
1168,14.153699,424.610969
1169,14.241071,427.232143
1170,13.885842,416.575255
1171,15.586097,467.582908
1172,14.784439,443.533163
1173,14.594388,437.831633
1174,15.559311,466.779337
1175,15.026786,450.803571
1176,15.922832,477.684949
1177,13.28125,398.4375
1178,13.883929,416.517857
1179,13.856505,415.695153
1180,14.126276,423.788265
1181,13.925383,417.76148
1182,14.401786,432.053571
1183,14.552296,436.568878
1184,14.656888,439.706633
1185,14.616071,438.482143
1186,14.313776,429.413265
1187,14.892857,446.785714
1188,15.185587,455.567602
1189,13.909439,417.283163
1190,14.553571,436.607143
1191,13.950893,418.526786
1192,14.253189,427.595663
1193,14.651148,439.534439
1194,14.954719,448.641582
1195,16.068878,482.066327
1196,14.014668,420.440051
1197,14.454082,433.622449
1198,15.848852,475.465561
1199,14.461735,433.852041
1200,15.16199,454.859694
1201,13.703444,411.103316
1202,14.838648,445.159439
1203,13.741709,412.251276
1204,15.216837,456.505102
1205,15.517219,465.516582
1206,15.006378,450.191327
1207,15.522321,465.669643
1208,15.699617,470.98852
1209,14.02551,420.765306
1210,15.448342,463.450255
1211,14.939413,448.182398
1212,14.345663,430.369898
1213,14.28125,428.4375
1214,14.878827,446.364796
1215,15.443878,463.316327
1216,14.700255,441.007653
1217,14.618622,438.558673
1218,15.246173,457.385204
1219,14.039541,421.186224
1220,14.742985,442.289541
1221,15.611607,468.348214
1222,15.271046,458.131378
1223,14.259566,427.78699
1224,14.138393,424.151786
1225,14.846939,445.408163
1226,14.864796,445.943878
1227,13.401786,402.053571
1228,14.579719,437.391582
1229,14.492347,434.770408
1230,15.764668,472.940051
1231,16.353316,490.59949
1232,14.767219,443.016582
1233,16.283801,488.514031
1234,14.420281,432.608418
1235,14.11352,423.405612
1236,14.093112,422.793367
1237,16.430485,492.914541
1238,15.691964,470.758929
1239,15.637755,469.132653
1240,13.836735,415.102041
1241,14.366071,430.982143
1242,14.679847,440.395408
1243,14.02551,420.765306
1244,15.447066,463.41199
1245,14.944515,448.335459
1246,14.734056,442.021684
1247,14.721301,441.639031
1248,15.077806,452.334184
1249,15.831633,474.94898
1250,14.487883,434.63648
1251,15.859056,475.771684
1252,14.868622,446.058673
1253,14.257653,427.729592
1254,15.744898,472.346939
1255,16.054847,481.645408
1256,16.190689,485.720663
1257,14.477679,434.330357
1258,15.292092,458.762755
1259,13.257653,397.729592
1260,14.947704,448.431122
1261,14.548469,436.454082
1262,13.34949,400.484694
1263,14.563776,436.913265
1264,15.097577,452.927296
1265,14.36352,430.905612
1266,14.104592,423.137755
1267,15.695791,470.873724
1268,14.292092,428.762755
1269,16.018495,480.554847
1270,14.440689,433.220663
1271,15.396684,461.90051
1272,14.669005,440.070153
1273,14.735332,442.059949
1274,15.746811,472.404337
1275,14.72449,441.734694
1276,13.757653,412.729592
1277,14.762117,442.86352
1278,14.781888,443.456633
1279,16.222577,486.677296
1280,13.793367,413.80102
1281,14.121811,423.654337
1282,17.307398,519.221939
1283,13.186224,395.586735
1284,14.901148,447.034439
1285,13.90051,417.015306
1286,14.157526,424.725765
1287,14.486607,434.598214
1288,16.126913,483.807398
1289,13.969388,419.081633
1290,14.862883,445.88648
1291,14.141582,424.247449
1292,15.137755,454.132653
1293,14.163265,424.897959
1294,13.73852,412.155612
1295,14.532526,435.975765
1296,15.006378,450.191327
1297,15.183673,455.510204
1298,15.25,457.5
1299,14.510204,435.306122
1300,14.000638,420.019133
1301,15.664541,469.936224
1302,15.41199,462.359694
1303,15.35523,460.656888
1304,14.637755,439.132653
1305,15.480867,464.42602
1306,14.084821,422.544643
1307,13.998724,419.961735
1308,14.66773,440.031888
1309,15.878189,476.345663
1310,14.689413,440.682398
1311,16.127551,483.826531
1312,14.565689,436.970663
1313,15.366071,460.982143
1314,15.459184,463.77551
1315,14.172832,425.184949
1316,13.991071,419.732143
1317,14.438776,433.163265
1318,15.606505,468.195153
1319,14.995536,449.866071
1320,13.893495,416.804847
1321,16.355867,490.67602
1322,14.024872,420.746173
1323,14.098214,422.946429
1324,14.632653,438.979592
1325,13.89477,416.843112
1326,15.59375,467.8125
1327,15.417092,462.512755
1328,13.978954,419.368622
1329,13.823342,414.700255
1330,13.982143,419.464286
1331,14.891582,446.747449
1332,13.932398,417.971939
1333,15.478316,464.34949
1334,13.584184,407.52551
1335,15.776148,473.284439
1336,14.325255,429.757653
1337,13.805485,414.164541
1338,14.145408,424.362245
1339,14.63074,438.922194
1340,15.163265,454.897959
1341,14.660714,439.821429
1342,15.544643,466.339286
1343,14.82398,444.719388
1344,12.191964,365.758929
1345,13.772321,413.169643
1346,14.22449,426.734694
1347,15.646684,469.40051
1348,14.6875,440.625
1349,14.904337,447.130102
1350,14.355867,430.67602
1351,15.554209,466.626276
1352,14.265944,427.978316
1353,14.407526,432.225765
1354,13.973214,419.196429
1355,15.126913,453.807398
1356,14.091837,422.755102
1357,16.41773,492.531888
1358,14.43176,432.952806
1359,15.259566,457.78699
1360,13.477041,404.311224
1361,15.13074,453.922194
1362,14.367347,431.020408
1363,16.160714,484.821429
1364,14.309311,429.279337
1365,14.559311,436.779337
1366,13.966837,419.005102
1367,14.195791,425.873724
1368,15.718112,471.543367
1369,14.981505,449.445153
1370,15.30676,459.202806
1371,14.235969,427.079082
1372,14.88074,446.422194
1373,13.616709,408.501276
1374,15.503189,465.095663
1375,13.18176,395.452806
1376,15.031888,450.956633
1377,14.846301,445.389031
1378,12.892857,386.785714
1379,14.178571,425.357143
1380,15.383291,461.498724
1381,14.977041,449.311224
1382,14.228954,426.868622
1383,13.389668,401.690051
1384,17.029974,510.899235
1385,13.921556,417.646684
1386,14.214286,426.428571
1387,15.459184,463.77551
1388,13.65051,409.515306
1389,13.91199,417.359694
1390,14.530612,435.918367
1391,14.336097,430.082908
1392,14.382015,431.460459
1393,14.618622,438.558673
1394,14.429847,432.895408
1395,14.95727,448.718112
1396,14.117985,423.539541
1397,15.019133,450.57398
1398,15.631378,468.941327
1399,15.745536,472.366071
1400,13.177296,395.318878
1401,13.764668,412.940051
1402,15.625,468.75
1403,13.952168,418.565051
1404,14.83227,444.968112
1405,15.083546,452.506378
1406,16.497449,494.923469
1407,15.647321,469.419643
1408,15.509566,465.28699
1409,14.838648,445.159439
1410,15.551658,466.549745
1411,13.9375,418.125
1412,13.621173,408.635204
1413,14.231505,426.945153
1414,14.41773,432.531888
1415,14.762755,442.882653
1416,12.589286,377.678571
1417,15.398597,461.957908
1418,15.639668,469.190051
1419,13.9375,418.125
1420,14.83227,444.968112
1421,15.335459,460.063776
1422,14.859694,445.790816
1423,13.959821,418.794643
1424,15.473214,464.196429
1425,14.165816,424.97449
1426,14.252551,427.576531
1427,14.817602,444.528061
1428,13.748724,412.461735
1429,15.059949,451.798469
1430,14.207908,426.237245
1431,15.85523,475.656888
1432,13.688138,410.644133
1433,13.609056,408.271684
1434,14.954082,448.622449
1435,14.190689,425.720663
1436,14.129464,423.883929
1437,14.01148,420.344388
1438,14.700255,441.007653
1439,14.109694,423.290816
1440,15.375,461.25
1441,15.551658,466.549745
1442,14.048469,421.454082
1443,13.997449,419.923469
1444,15.165816,454.97449
1445,14.878827,446.364796
1446,14.831633,444.94898
1447,14.384566,431.53699
1448,15.297832,458.934949
1449,13.378189,401.345663
1450,13.8125,414.375
1451,14.55676,436.702806
1452,15.925383,477.76148
1453,14.427934,432.83801
1454,14.957908,448.737245
1455,13.830357,414.910714
1456,13.377551,401.326531
1457,15.612245,468.367347
1458,14.177296,425.318878
1459,14.755102,442.653061
1460,14.781888,443.456633
1461,14.103954,423.118622
1462,13.948342,418.450255
1463,15.251276,457.538265
1464,14.091837,422.755102
1465,14.240434,427.21301
1466,13.484056,404.521684
1467,15.531888,465.956633
1468,13.211735,396.352041
1469,14.753827,442.614796
1470,15.235969,457.079082
1471,14.318878,429.566327
1472,15.842474,475.274235
1473,14.167092,425.012755
1474,13.586097,407.582908
1475,13.598214,407.946429
1476,14.350765,430.522959
1477,14.108418,423.252551
1478,14.99426,449.827806
1479,16.216837,486.505102
1480,15.15051,454.515306
1481,14.609694,438.290816
1482,14.246811,427.404337
1483,13.959184,418.77551
1484,14.223852,426.715561
1485,14.368622,431.058673
1486,13.432398,402.971939
1487,14.383291,431.498724
1488,14.01148,420.344388
1489,14.241071,427.232143
1490,14.285714,428.571429
1491,14.392857,431.785714
1492,15.44324,463.297194
1493,15.232781,456.983418
1494,14.841199,445.235969
1495,15.209821,456.294643
1496,14.359056,430.771684
1497,13.370536,401.116071
1498,15.406888,462.206633
1499,13.743622,412.308673
1500,14.617985,438.539541
1501,14.438776,433.163265
1502,14.457908,433.737245
1503,14.46301,433.890306
1504,13.25,397.5
1505,15.305485,459.164541
1506,13.638393,409.151786
1507,15.30676,459.202806
1508,15.207908,456.237245
1509,15.235969,457.079082
1510,15.063776,451.913265
1511,13.351403,400.542092
1512,16.430485,492.914541
1513,14.186224,425.586735
1514,14.678571,440.357143
1515,13.688776,410.663265
1516,14.655612,439.668367
1517,14.995536,449.866071
1518,14.160077,424.802296
1519,14.489158,434.674745
1520,15.185587,455.567602
1521,15.019133,450.57398
1522,15.628189,468.845663
1523,13.304209,399.126276
1524,14.623724,438.711735
1525,13.147959,394.438776
1526,14.045281,421.358418
1527,15.001913,450.057398
1528,14.906888,447.206633
1529,13.71301,411.390306
1530,14.731505,441.945153
1531,13.911352,417.340561
1532,15.59375,467.8125
1533,13.294005,398.820153
1534,13.693878,410.816327
1535,14.858418,445.752551
1536,15.691964,470.758929
1537,16.029337,480.880102
1538,12.853316,385.59949
1539,15.503189,465.095663
1540,15.391582,461.747449
1541,15.09375,452.8125
1542,13.394133,401.82398
1543,15.346301,460.389031
1544,13.921556,417.646684
1545,15.015944,450.478316
1546,14.964923,448.947704
1547,13.575255,407.257653
1548,14.153699,424.610969
1549,14.344388,430.331633
1550,15.718112,471.543367
1551,14.434311,433.029337
1552,15.44324,463.297194
1553,14.759566,442.78699
1554,13.862245,415.867347
1555,15.228316,456.84949
1556,15.014668,450.440051
1557,14.690689,440.720663
1558,14.01148,420.344388
1559,14.517219,435.516582
1560,14.96301,448.890306
1561,14.894133,446.82398
1562,15.19898,455.969388
1563,16.243622,487.308673
1564,15.044643,451.339286
1565,15.569515,467.085459
1566,15.797194,473.915816
1567,14.234694,427.040816
1568,15.286352,458.590561
1569,14.441964,433.258929
1570,16.438776,493.163265
1571,14.271046,428.131378
1572,14.793367,443.80102
1573,14.777423,443.322704
1574,15.58801,467.640306
1575,15.163265,454.897959
1576,14.459184,433.77551
1577,13.760204,412.806122
1578,14.484694,434.540816
1579,14.125,423.75
1580,14.658163,439.744898
1581,13.35523,400.656888
1582,14.625638,438.769133
1583,15.651786,469.553571
1584,14.754464,442.633929
1585,13.226403,396.792092
1586,15.857781,475.733418
1587,13.878189,416.345663
1588,16.711735,501.352041
1589,15.299107,458.973214
1590,14.100128,423.003827
1591,14.956633,448.69898
1592,14.625638,438.769133
1593,14.837372,445.121173
1594,15.919643,477.589286
1595,15.336735,460.102041
1596,14.584821,437.544643
1597,14.072704,422.181122
1598,15.759566,472.78699
1599,14.326531,429.795918
1600,15.072704,452.181122
1601,14.695153,440.854592
1602,15.709821,471.294643
1603,15.320153,459.604592
1604,15.303571,459.107143
1605,15.038903,451.167092
1606,14.246811,427.404337
1607,14.221301,426.639031
1608,13.716199,411.485969
1609,14.569515,437.085459
1610,14.583546,437.506378
1611,14.266582,427.997449
1612,12.902423,387.072704
1613,14.672194,440.165816
1614,14.155612,424.668367
1615,16.013393,480.401786
1616,13.396684,401.90051
1617,15.210459,456.313776
1618,14.373724,431.211735
1619,12.656888,379.706633
1620,15.135842,454.075255
1621,15.334821,460.044643
1622,14.028699,420.860969
1623,14.568878,437.066327
1624,14.315689,429.470663
1625,14.561224,436.836735
1626,14.889668,446.690051
1627,15.378827,461.364796
1628,14.575893,437.276786
1629,15.378827,461.364796
1630,13.828444,414.853316
1631,14.029337,420.880102
1632,15.404974,462.149235
1633,14.807398,444.221939
1634,16.147959,484.438776
1635,14.080995,422.429847
1636,14.44898,433.469388
1637,14.082908,422.487245
1638,13.347577,400.427296
1639,14.533801,436.014031
1640,13.991709,419.751276
1641,14.590561,437.716837
1642,14.814413,444.432398
1643,14.977041,449.311224
1644,14.451531,433.545918
1645,15.456633,463.69898
1646,13.93176,417.952806
1647,14.67602,440.280612
1648,15.470026,464.100765
1649,13.774235,413.227041
1650,15.977679,479.330357
1651,14.892857,446.785714
1652,16.164541,484.936224
1653,14.843112,445.293367
1654,13.114796,393.443878
1655,14.835459,445.063776
1656,15.388393,461.651786
1657,14.309949,429.298469
1658,13.640306,409.209184
1659,13.960459,418.813776
1660,15.041454,451.243622
1661,14.124362,423.730867
1662,13.959821,418.794643
1663,17.419643,522.589286
1664,14.015944,420.478316
1665,14.001276,420.038265
1666,15.664541,469.936224
1667,15.043367,451.30102
1668,15.70727,471.218112
1669,13.871173,416.135204
1670,13.978316,419.34949
1671,15.551658,466.549745
1672,15.847577,475.427296
1673,14.758291,442.748724
1674,13.765306,412.959184
1675,15.248724,457.461735
1676,13.677934,410.33801
1677,15.646684,469.40051
1678,16.253189,487.595663
1679,14.237245,427.117347
1680,15.135204,454.056122
1681,14.719388,441.581633
1682,13.596301,407.889031
1683,14.133291,423.998724
1684,14.228316,426.84949
1685,13.538265,406.147959
1686,14.22449,426.734694
1687,14.492347,434.770408
1688,13.542092,406.262755
1689,15.359056,460.771684
1690,14.058036,421.741071
1691,13.997449,419.923469
1692,15.027423,450.822704
1693,14.217474,426.524235
1694,13.667092,410.012755
1695,15.068878,452.066327
1696,14.304209,429.126276
1697,14.772321,443.169643
1698,16.705995,501.179847
1699,14.117347,423.520408
1700,15.058036,451.741071
1701,14.913903,447.417092
1702,15.63648,469.094388
1703,15.19324,455.797194
1704,15.022321,450.669643
1705,14.755102,442.653061
1706,14.903699,447.110969
1707,14.750638,442.519133
1708,16.434949,493.048469
1709,14.966837,449.005102
1710,14.752551,442.576531
1711,14.824617,444.73852
1712,16.125638,483.769133
1713,14.059311,421.779337
1714,14.537628,436.128827
1715,14.843112,445.293367
1716,13.931122,417.933673
1717,14.735969,442.079082
1718,13.94324,418.297194
1719,14.013393,420.401786
1720,14.783801,443.514031
1721,14.422832,432.684949
1722,13.950893,418.526786
1723,15.577806,467.334184
1724,12.955995,388.679847
1725,15.163903,454.917092
1726,14.045918,421.377551
1727,14.143495,424.304847
1728,14.824617,444.73852
1729,14.551658,436.549745
1730,14.385204,431.556122
1731,15.246173,457.385204
1732,13.917092,417.512755
1733,13.524872,405.746173
1734,16.091199,482.735969
1735,12.871173,386.135204
1736,13.881378,416.441327
1737,14.815051,444.451531
1738,13.471301,404.139031
1739,15.901786,477.053571
1740,14.909439,447.283163
1741,13.721301,411.639031
1742,13.396684,401.90051
1743,15.324617,459.73852
1744,16.552296,496.568878
1745,14.27551,428.265306
1746,14.237883,427.13648
1747,15.125638,453.769133
1748,16.806122,504.183673
1749,13.865434,415.96301
1750,15.852679,475.580357
1751,14.930485,447.914541
1752,14.540816,436.22449
1753,14.190689,425.720663
1754,13.320153,399.604592
1755,14.496173,434.885204
1756,14.93176,447.952806
1757,15.519133,465.57398
1758,14.290816,428.72449
1759,14.337372,430.121173
1760,15.084184,452.52551
1761,14.500638,435.019133
1762,14.008291,420.248724
1763,14.165179,424.955357
1764,14.944515,448.335459
1765,14.04273,421.281888
1766,14.593112,437.793367
1767,15.346939,460.408163
1768,15.925383,477.76148
1769,14.049745,421.492347
1770,12.81824,384.547194
1771,14.465561,433.966837
1772,14.318878,429.566327
1773,15.57398,467.219388
1774,13.278699,398.360969
1775,14.073342,422.200255
1776,14.824617,444.73852
1777,15.466199,463.985969
1778,15.419005,462.570153
1779,13.932398,417.971939
1780,14.869898,446.096939
1781,15.797832,473.934949
1782,14.572066,437.16199
1783,15.496811,464.904337
1784,14.893495,446.804847
1785,15.372449,461.173469
1786,15.361607,460.848214
1787,16.712372,501.371173
1788,15.385204,461.556122
1789,14.795281,443.858418
1790,16.028061,480.841837
1791,13.813776,414.413265
1792,12.874362,386.230867
1793,14.389668,431.690051
1794,15.544005,466.320153
1795,13.741709,412.251276
1796,13.575893,407.276786
1797,14.859694,445.790816
1798,15.158163,454.744898
1799,15.280612,458.418367
1800,14.784439,443.533163
1801,15.197704,455.931122
1802,14.999362,449.980867
1803,15.345663,460.369898
1804,14.355867,430.67602
1805,14.546556,436.396684
1806,13.77551,413.265306
1807,14.382015,431.460459
1808,15.164541,454.936224
1809,16.327806,489.834184
1810,13.162628,394.878827
1811,14.668367,440.05102
1812,14.030612,420.918367
1813,14.606505,438.195153
1814,14.65625,439.6875
1815,14.76148,442.844388
1816,15.628189,468.845663
1817,13.625638,408.769133
1818,15.689413,470.682398
1819,15.073342,452.200255
1820,14.004464,420.133929
1821,13.852041,415.561224
1822,15.292092,458.762755
1823,16.732143,501.964286
1824,14.140306,424.209184
1825,14.189413,425.682398
1826,14.90625,447.1875
1827,13.907526,417.225765
1828,14.122449,423.673469
1829,13.489158,404.674745
1830,15.740434,472.21301
1831,14.945791,448.373724
1832,15.418367,462.55102
1833,13.542092,406.262755
1834,15.589286,467.678571
1835,14.250638,427.519133
1836,14.911352,447.340561
1837,14.723852,441.715561
1838,13.927934,417.83801
1839,14.404337,432.130102
1840,14.784439,443.533163
1841,14.673469,440.204082
1842,16.649235,499.477041
1843,14.219388,426.581633
1844,14.458546,433.756378
1845,15.959821,478.794643
1846,14.508929,435.267857
1847,14.461097,433.832908
1848,14.917092,447.512755
1849,13.845663,415.369898
1850,14.452168,433.565051
1851,14.561224,436.836735
1852,13.885204,416.556122
1853,13.369898,401.096939
1854,15.079719,452.391582
1855,14.813776,444.413265
1856,14.986607,449.598214
1857,14.146046,424.381378
1858,15.428571,462.857143
1859,15.399235,461.977041
1860,15.865434,475.96301
1861,15.010842,450.325255
1862,16.041454,481.243622
1863,14.354592,430.637755
1864,15.53699,466.109694
1865,15.014031,450.420918
1866,15.117985,453.539541
1867,13.252551,397.576531
1868,15.237245,457.117347
1869,14.45727,433.718112
1870,13.038903,391.167092
1871,16.868622,506.058673
1872,14.332908,429.987245
1873,15.571429,467.142857
1874,15.191327,455.739796
1875,14.602041,438.061224
1876,14.566964,437.008929
1877,14.325893,429.776786
1878,15.703444,471.103316
1879,15.19898,455.969388
1880,13.91773,417.531888
1881,14.251276,427.538265
1882,14.786352,443.590561
1883,14.784439,443.533163
1884,13.834821,415.044643
1885,14.079719,422.391582
1886,13.554847,406.645408
1887,15.189413,455.682398
1888,14.715561,441.466837
1889,14.9375,448.125
1890,13.80676,414.202806
1891,14.080357,422.410714
1892,13.292092,398.762755
1893,13.93176,417.952806
1894,16.860332,505.809949
1895,15.419005,462.570153
1896,15.358418,460.752551
1897,15.631378,468.941327
1898,13.432398,402.971939
1899,14.143495,424.304847
1900,16.250638,487.519133
1901,14.742347,442.270408
1902,14.755102,442.653061
1903,15.325893,459.776786
1904,16.530612,495.918367
1905,14.818878,444.566327
1906,15.413265,462.397959
1907,13.513393,405.401786
1908,14.134566,424.03699
1909,14.291454,428.743622
1910,14.547832,436.434949
1911,14.045918,421.377551
1912,14.547832,436.434949
1913,15.433036,462.991071
1914,15.759566,472.78699
1915,14.815689,444.470663
1916,15.016582,450.497449
1917,13.961097,418.832908
1918,14.1875,425.625
1919,16.15625,484.6875
1920,15.972577,479.177296
1921,16.023597,480.707908
1922,16.454082,493.622449
1923,14.523597,435.707908
1924,13.260842,397.825255
1925,14.16773,425.031888
1926,13.973214,419.196429
1927,14.602679,438.080357
1928,15.897321,476.919643
1929,15.821429,474.642857
1930,14.371173,431.135204
1931,16.209184,486.27551
1932,15.49426,464.827806
1933,14.581633,437.44898
1934,14.577806,437.334184
1935,14.785077,443.552296
1936,14.993622,449.808673
1937,14.742347,442.270408
1938,14.007015,420.210459
1939,15.413265,462.397959
1940,13.965561,418.966837
1941,16.008929,480.267857
1942,14.452806,433.584184
1943,14.515944,435.478316
1944,15.112883,453.38648
1945,14.183673,425.510204
1946,14.51977,435.593112
1947,15.096301,452.889031
1948,15.28125,458.4375
1949,14.0625,421.875
1950,14.343112,430.293367
1951,14.190051,425.701531
1952,15.195153,455.854592
1953,15.644133,469.32398
1954,15.459184,463.77551
1955,12.80102,384.030612
1956,15.698342,470.950255
1957,15.281888,458.456633
1958,14.116709,423.501276
1959,14.78125,443.4375
1960,15.686862,470.605867
1961,15.612883,468.38648
1962,14.430485,432.914541
1963,14.28699,428.609694
1964,14.330995,429.929847
1965,14.491071,434.732143
1966,14.574617,437.23852
1967,14.068878,422.066327
1968,15.26977,458.093112
1969,14.170281,425.108418
1970,14.200255,426.007653
1971,15.320791,459.623724
1972,14.759566,442.78699
1973,14.507015,435.210459
1974,14.864796,445.943878
1975,16.197704,485.931122
1976,14.589286,437.678571
1977,14.910714,447.321429
1978,13.758291,412.748724
1979,13.774235,413.227041
1980,14.117985,423.539541
1981,16.169005,485.070153
1982,14.707908,441.237245
1983,14.929847,447.895408
1984,16.115434,483.46301
1985,14.647959,439.438776
1986,13.683673,410.510204
1987,14.545918,436.377551
1988,13.826531,414.795918
1989,13.98023,419.406888
1990,13.281888,398.456633
1991,14.691964,440.758929
1992,14.853954,445.618622
1993,14.59949,437.984694
1994,14.288265,428.647959
1995,14.848852,445.465561
1996,14.544643,436.339286
1997,16.404974,492.149235
1998,15.260204,457.806122
1999,15.059949,451.798469
2000,14.64477,439.343112
2001,13.835459,415.063776
2002,14.282526,428.475765
2003,13.695791,410.873724
2004,14.597577,437.927296
2005,15.246173,457.385204
2006,15.823342,474.700255
2007,14.161352,424.840561
2008,14.507015,435.210459
2009,15.451531,463.545918
2010,14.204082,426.122449
2011,15.448342,463.450255
2012,15.147959,454.438776
2013,14.89477,446.843112
2014,13.934949,418.048469
2015,15.506378,465.191327
2016,14.335459,430.063776
2017,14.781888,443.456633
2018,13.616709,408.501276
2019,14.922194,447.665816
2020,15.186862,455.605867
2021,15.265944,457.978316
2022,13.883929,416.517857
2023,13.880102,416.403061
2024,14.545281,436.358418
2025,14.957908,448.737245
2026,14.331633,429.94898
2027,14.203444,426.103316
2028,14.007653,420.229592
2029,14.729592,441.887755
2030,13.370536,401.116071
2031,15.425383,462.76148
2032,14.258929,427.767857
2033,13.874362,416.230867
2034,14.978316,449.34949
2035,14.527423,435.822704
2036,14.959184,448.77551
2037,14.762117,442.86352
2038,14.618622,438.558673
2039,14.342474,430.274235
2040,13.273597,398.207908
2041,14.540179,436.205357
2042,12.535077,376.052296
2043,13.585459,407.563776
2044,13.616071,408.482143
2045,13.590561,407.716837
2046,14.819515,444.585459
2047,13.773597,413.207908
2048,14.179209,425.376276
2049,14.621173,438.635204
2050,15.036352,451.090561
2051,15.066964,452.008929
2052,15.013393,450.401786
2053,14.46875,434.0625
2054,14.257653,427.729592
2055,14.554847,436.645408
2056,14.428571,432.857143
2057,16.051658,481.549745
2058,14.897321,446.919643
2059,13.714923,411.447704
2060,14.667092,440.012755
2061,15.196429,455.892857
2062,14.924107,447.723214
2063,14.670281,440.108418
2064,15.020408,450.612245
2065,14.88648,446.594388
2066,15.467474,464.024235
2067,15.053571,451.607143
2068,15.63648,469.094388
2069,14.972577,449.177296
2070,15.846301,475.389031
2071,13.746173,412.385204
2072,14.269133,428.07398
2073,14.186224,425.586735
2074,14.080357,422.410714
2075,14.64477,439.343112
2076,15.181122,455.433673
2077,15.311862,459.355867
2078,15.934311,478.029337
2079,15.72449,471.734694
2080,13.776148,413.284439
2081,15.464923,463.947704
2082,16.112245,483.367347
2083,14.427934,432.83801
2084,14.865434,445.96301
2085,14.336735,430.102041
2086,13.708546,411.256378
2087,14.661352,439.840561
2088,14.212372,426.371173
2089,15.368622,461.058673
2090,16.801658,504.049745
2091,15.954719,478.641582
2092,15.205995,456.179847
2093,13.887117,416.61352
2094,14.750638,442.519133
2095,14.96875,449.0625
2096,14.830995,444.929847
2097,16.854592,505.637755
2098,14.897321,446.919643
2099,14.394133,431.82398
2100,14.853316,445.59949
2101,12.783801,383.514031
2102,14.040816,421.22449
2103,16.411352,492.340561
2104,14.77551,443.265306
2105,15.529974,465.899235
2106,15.25574,457.672194
2107,13.340561,400.216837
2108,14.788265,443.647959
2109,15.078444,452.353316
2110,15.917092,477.512755
2111,15.447066,463.41199
2112,13.850765,415.522959
2113,13.177934,395.33801
2114,13.840561,415.216837
2115,13.982143,419.464286
2116,15.175383,455.26148
2117,15.423469,462.704082
2118,15.929209,477.876276
2119,15.141582,454.247449
2120,15.053571,451.607143
2121,14.007653,420.229592
2122,14.126913,423.807398
2123,15.897959,476.938776
2124,14.242347,427.270408
2125,15.866071,475.982143
2126,14.332908,429.987245
2127,15.0625,451.875
2128,16.304847,489.145408
2129,15.489158,464.674745
2130,14.323342,429.700255
2131,13.541454,406.243622
2132,13.433036,402.991071
2133,14.697066,440.91199
2134,15.610332,468.309949
2135,13.859056,415.771684
2136,15.935587,478.067602
2137,14.293367,428.80102
2138,13.680485,410.414541
2139,14.891582,446.747449
2140,14.604592,438.137755
2141,14.278699,428.360969
2142,14.554209,436.626276
2143,14.730867,441.92602
2144,12.674745,380.242347
2145,14.141582,424.247449
2146,14.350128,430.503827
2147,15.135204,454.056122
2148,15.089286,452.678571
2149,15.944515,478.335459
2150,14.076531,422.295918
2151,14.963648,448.909439
2152,13.74426,412.327806
2153,15.366071,460.982143
2154,15.346939,460.408163
2155,14.779974,443.399235
2156,14.063776,421.913265
2157,13.554847,406.645408
2158,13.638393,409.151786
2159,14.547194,436.415816
2160,14.641582,439.247449
2161,14.642857,439.285714
2162,14.809949,444.298469
2163,14.854592,445.637755
2164,14.036352,421.090561
2165,13.721301,411.639031
2166,14.968112,449.043367
2167,13.158801,394.764031
2168,14.186224,425.586735
2169,13.477679,404.330357
2170,15.971301,479.139031
2171,14.71301,441.390306
2172,13.936224,418.086735
2173,16.936224,508.086735
2174,14.43176,432.952806
2175,15.55676,466.702806
2176,14.972577,449.177296
2177,15.128827,453.864796
2178,15.271684,458.15051
2179,14.133291,423.998724
2180,14.85523,445.656888
2181,15.742985,472.289541
2182,13.71301,411.390306
2183,14.522959,435.688776
2184,15.735969,472.079082
2185,13.572704,407.181122
2186,14.807398,444.221939
2187,14.788265,443.647959
2188,14.385204,431.556122
2189,15.133929,454.017857
2190,14.530612,435.918367
2191,14.32398,429.719388
2192,14.661352,439.840561
2193,13.621173,408.635204
2194,17.598852,527.965561
2195,16.337372,490.121173
2196,15.433036,462.991071
2197,13.397321,401.919643
2198,14.565689,436.970663
2199,14.678571,440.357143
2200,14.184311,425.529337
2201,14.977679,449.330357
2202,15.236607,457.098214
2203,15.026786,450.803571
2204,15.012755,450.382653
2205,15.192602,455.778061
2206,15.508929,465.267857
2207,14.085459,422.563776
2208,12.996811,389.904337
2209,14.046556,421.396684
2210,15.1875,455.625
2211,14.262117,427.86352
2212,14.672194,440.165816
2213,14.908163,447.244898
2214,15.780612,473.418367
2215,14.799745,443.992347
2216,14.464923,433.947704
2217,15.026786,450.803571
2218,14.867347,446.020408
2219,13.404974,402.149235
2220,13.315689,399.470663
2221,14.795281,443.858418
2222,14.212372,426.371173
2223,14.247449,427.423469
2224,15.195153,455.854592
2225,14.981505,449.445153
2226,14.590561,437.716837
2227,15.094388,452.831633
2228,15.71301,471.390306
2229,14.45727,433.718112
2230,15.188138,455.644133
2231,13.040816,391.22449
2232,13.428571,402.857143
2233,16.813138,504.394133
2234,13.731505,411.945153
2235,13.968112,419.043367
2236,13.977041,419.311224
2237,16.479592,494.387755
2238,15.305485,459.164541
2239,15.722577,471.677296
2240,15.489796,464.693878
2241,14.764031,442.920918
2242,14.059311,421.779337
2243,14.710459,441.313776
2244,14.247449,427.423469
2245,14.003189,420.095663
2246,14.491709,434.751276
2247,14.894133,446.82398
2248,14.748087,442.442602
2249,13.922832,417.684949
2250,15.110969,453.329082
2251,14.497449,434.923469
2252,14.425383,432.76148
2253,13.971301,419.139031
2254,14.997449,449.923469
2255,15.293367,458.80102
2256,14.961097,448.832908
2257,13.982781,419.483418
2258,15.421556,462.646684
2259,13.839286,415.178571
2260,14.135204,424.056122
2261,13.57398,407.219388
2262,15.274872,458.246173
2263,13.385204,401.556122
2264,15.239796,457.193878
2265,14.584821,437.544643
2266,14.606505,438.195153
2267,14.963648,448.909439
2268,14.107781,423.233418
2269,14.841837,445.255102
2270,15.406888,462.206633
2271,13.947066,418.41199
2272,15.374362,461.230867
2273,14.728954,441.868622
2274,15.095663,452.869898
2275,14.450255,433.507653
2276,13.881378,416.441327
2277,14.566327,436.989796
2278,13.936862,418.105867
2279,16.106505,483.195153
2280,14.885842,446.575255
2281,15.199617,455.98852
2282,13.597577,407.927296
2283,13.30676,399.202806
2284,15.850765,475.522959
2285,15.413903,462.417092
2286,13.202806,396.084184
2287,15.239158,457.174745
2288,14.413903,432.417092
2289,14.157526,424.725765
2290,14.01148,420.344388
2291,16.762755,502.882653
2292,15.439413,463.182398
2293,14.571429,437.142857
2294,15.520408,465.612245
2295,14.702806,441.084184
2296,14.51148,435.344388
2297,15.559311,466.779337
2298,14.757653,442.729592
2299,13.149872,394.496173
2300,14.270408,428.112245
2301,14.487245,434.617347
2302,14.520408,435.612245
2303,13.805485,414.164541
2304,14.811862,444.355867
2305,15.233418,457.002551
2306,13.783163,413.494898
2307,13.425383,402.76148
2308,14.190689,425.720663
2309,14.864158,445.924745
2310,15.341837,460.255102
2311,15.977041,479.311224
2312,14.560587,436.817602
2313,14.711735,441.352041
2314,13.637117,409.11352
2315,15.091837,452.755102
2316,14.614796,438.443878
2317,14.795281,443.858418
2318,13.41199,402.359694
2319,15.043367,451.30102
2320,15.009566,450.28699
2321,16.007653,480.229592
2322,15.005102,450.153061
2323,14.340561,430.216837
2324,14.004464,420.133929
2325,16.046556,481.396684
2326,13.401786,402.053571
2327,16.872449,506.173469
2328,14.01148,420.344388
2329,14.427934,432.83801
2330,13.272321,398.169643
2331,14.458546,433.756378
2332,14.702806,441.084184
2333,14.138393,424.151786
2334,13.774872,413.246173
2335,13.989796,419.693878
2336,16.198342,485.950255
2337,13.302296,399.068878
2338,13.743622,412.308673
2339,13.85523,415.656888
2340,14.850128,445.503827
2341,16.364796,490.943878
2342,14.429847,432.895408
2343,16.252551,487.576531
2344,14.125638,423.769133
2345,14.473852,434.215561
2346,14.520408,435.612245
2347,14.44898,433.469388
2348,13.709184,411.27551
2349,13.436224,403.086735
2350,15.502551,465.076531
2351,13.982781,419.483418
2352,14.825255,444.757653
2353,15.317602,459.528061
2354,14.205995,426.179847
2355,14.720026,441.600765
2356,14.024235,420.727041
2357,14.394133,431.82398
2358,14.932398,447.971939
2359,14.983418,449.502551
2360,14.549745,436.492347
2361,15.882015,476.460459
2362,15.438138,463.144133
2363,15.546556,466.396684
2364,14.316327,429.489796
2365,14.163265,424.897959
2366,13.31824,399.547194
2367,13.746173,412.385204
2368,16.362883,490.88648
2369,14.134566,424.03699
2370,13.666454,409.993622
2371,14.568878,437.066327
2372,13.227679,396.830357
2373,14.927296,447.818878
2374,16.498087,494.942602
2375,15.044643,451.339286
2376,16.091199,482.735969
2377,13.871173,416.135204
2378,14.360969,430.829082
2379,13.626276,408.788265
2380,15.963648,478.909439
2381,15.153061,454.591837
2382,15.63074,468.922194
2383,13.811224,414.336735
2384,15.60523,468.156888
2385,13.204719,396.141582
2386,14.096301,422.889031
2387,14.359694,430.790816
2388,13.846939,415.408163
2389,13.352041,400.561224
2390,15.084184,452.52551
2391,14.57398,437.219388
2392,15.36352,460.905612
2393,15.334184,460.02551
2394,14.300383,429.01148
2395,14.704082,441.122449
2396,15.489796,464.693878
2397,14.651786,439.553571
2398,15.512117,465.36352
2399,14.725765,441.772959
2400,13.776148,413.284439
2401,13.327806,399.834184
2402,13.947704,418.431122
2403,13.214923,396.447704
2404,14.753189,442.595663
2405,15.963648,478.909439
2406,14.97449,449.234694
2407,13.273597,398.207908
2408,14.676658,440.299745
2409,14.085459,422.563776
2410,13.584821,407.544643
2411,14.941964,448.258929
2412,15.675383,470.26148
2413,14.630102,438.903061
2414,12.918367,387.55102
2415,14.359056,430.771684
2416,14.396046,431.881378
2417,15.180485,455.414541
2418,14.265306,427.959184
2419,14.095663,422.869898
2420,15.441964,463.258929
2421,15.031888,450.956633
2422,14.549107,436.473214
2423,15.635842,469.075255
2424,16.066964,482.008929
2425,13.983418,419.502551
2426,15.605867,468.17602
2427,13.330995,399.929847
2428,14.727041,441.811224
2429,12.413903,372.417092
2430,14.43176,432.952806
2431,15.538903,466.167092
2432,15.007653,450.229592
2433,13.009566,390.28699
2434,13.91773,417.531888
2435,14.535077,436.052296
2436,13.438138,403.144133
2437,15.180485,455.414541
2438,14.328444,429.853316
2439,13.51977,405.593112
2440,14.102679,423.080357
2441,13.864796,415.943878
2442,14.276148,428.284439
2443,14.404337,432.130102
2444,13.292092,398.762755
2445,16.580995,497.429847
2446,14.653061,439.591837
2447,14.543367,436.30102
2448,14.357143,430.714286
2449,14.697704,440.931122
2450,14.131378,423.941327
2451,14.420281,432.608418
2452,17.046556,511.396684
2453,17.35523,520.656888
2454,13.470026,404.100765
2455,14.857781,445.733418
2456,13.501276,405.038265
2457,14.983418,449.502551
2458,14.547832,436.434949
2459,14.797194,443.915816
2460,15.623087,468.692602
2461,15.391582,461.747449
2462,14.146684,424.40051
2463,14.866071,445.982143
2464,14.573342,437.200255
2465,15.219388,456.581633
2466,13.901148,417.034439
2467,14.41773,432.531888
2468,14.665179,439.955357
2469,14.639031,439.170918
2470,14.090561,422.716837
2471,13.89477,416.843112
2472,15.830995,474.929847
2473,14.14477,424.343112
2474,15.026786,450.803571
2475,14.809949,444.298469
2476,15.700255,471.007653
2477,13.656888,409.706633
2478,13.51148,405.344388
2479,14.20727,426.218112
2480,16.522959,495.688776
2481,14.549107,436.473214
2482,15.607143,468.214286
2483,15.563776,466.913265
2484,15.693878,470.816327
2485,13.656888,409.706633
2486,15.040816,451.22449
2487,14.481505,434.445153
2488,14.307398,429.221939
2489,15.441327,463.239796
2490,14.795281,443.858418
2491,14.163265,424.897959
2492,14.700893,441.026786
2493,14.83227,444.968112
2494,15.779974,473.399235
2495,14.642857,439.285714
2496,15.184311,455.529337
2497,13.78125,413.4375
2498,13.466199,403.985969
2499,13.416454,402.493622
2500,15.58801,467.640306
2501,14.957908,448.737245
2502,13.600765,408.022959
2503,14.346301,430.389031
2504,13.903061,417.091837
2505,14.797832,443.934949
2506,14.65625,439.6875
2507,13.753827,412.614796
2508,13.398597,401.957908
2509,13.808036,414.241071
2510,14.40051,432.015306
2511,14.638393,439.151786
2512,15.172832,455.184949
2513,16.341199,490.235969
2514,14.604592,438.137755
2515,14.131378,423.941327
2516,14.595026,437.850765
2517,14.177296,425.318878
2518,15.001276,450.038265
2519,14.649872,439.496173
2520,14.595663,437.869898
2521,14.774872,443.246173
2522,13.91773,417.531888
2523,14.702806,441.084184
2524,14.252551,427.576531
2525,14.482781,434.483418
2526,14.799745,443.992347
2527,13.403699,402.110969
2528,14.732781,441.983418
2529,16.486607,494.598214
2530,13.260842,397.825255
2531,14.049745,421.492347
2532,13.788265,413.647959
2533,14.933036,447.991071
2534,15.471301,464.139031
2535,14.615434,438.46301
2536,15.67602,470.280612
2537,13.791454,413.743622
2538,14.080357,422.410714
2539,16.242985,487.289541
2540,14.558673,436.760204
2541,15.567602,467.028061
2542,12.053571,361.607143
2543,13.910077,417.302296
2544,15.208546,456.256378
2545,15.396684,461.90051
2546,15.433036,462.991071
2547,14.471939,434.158163
2548,15.043367,451.30102
2549,14.005102,420.153061
2550,14.447066,433.41199
2551,13.850128,415.503827
2552,14.941327,448.239796
2553,13.943878,418.316327
2554,14.304209,429.126276
2555,15.03699,451.109694
2556,14.075255,422.257653
2557,13.570153,407.104592
2558,16.964286,508.928571
2559,14.478954,434.368622
2560,14.372449,431.173469
2561,13.713648,411.409439
2562,14.008929,420.267857
2563,14.129464,423.883929
2564,14.723852,441.715561
2565,14.373087,431.192602
2566,13.954082,418.622449
2567,15.543367,466.30102
2568,13.047832,391.434949
2569,15.889031,476.670918
2570,13.679847,410.395408
2571,14.364796,430.943878
2572,15.984056,479.521684
2573,15.48852,464.655612
2574,15.008291,450.248724
2575,15.201531,456.045918
2576,14.374362,431.230867
2577,15.543367,466.30102
2578,14.540816,436.22449
2579,14.75574,442.672194
2580,13.364158,400.924745
2581,14.559311,436.779337
2582,14.887755,446.632653
2583,14.625,438.75
2584,14.917092,447.512755
2585,13.625638,408.769133
2586,12.877551,386.326531
2587,13.6875,410.625
2588,13.360969,400.829082
2589,15.174107,455.223214
2590,14.663903,439.917092
2591,14.219388,426.581633
2592,14.239158,427.174745
2593,14.202806,426.084184
2594,16.327168,489.815051
2595,14.101403,423.042092
2596,14.269133,428.07398
2597,14.215561,426.466837
2598,15.249362,457.480867
2599,13.919643,417.589286
2600,13.274235,398.227041
2601,14.491071,434.732143
2602,14.557398,436.721939
2603,14.94324,448.297194
2604,16.234056,487.021684
2605,13.542092,406.262755
2606,13.811224,414.336735
2607,16.146046,484.381378
2608,15.510842,465.325255
2609,14.214923,426.447704
2610,16.191327,485.739796
2611,13.340561,400.216837
2612,15.685587,470.567602
2613,14.994898,449.846939
2614,14.727041,441.811224
2615,15.990434,479.71301
2616,14.268495,428.054847
2617,15.425383,462.76148
2618,15.669005,470.070153
2619,14.737883,442.13648
2620,16.168367,485.05102
2621,15.32398,459.719388
2622,14.073342,422.200255
2623,14.232781,426.983418
2624,14.295918,428.877551
2625,15.833546,475.006378
2626,15.174107,455.223214
2627,13.16199,394.859694
2628,16.08227,482.468112
2629,13.396046,401.881378
2630,15.017857,450.535714
2631,14.073342,422.200255
2632,14.260204,427.806122
2633,14.188776,425.663265
2634,14.182398,425.471939
2635,13.520408,405.612245
2636,14.80102,444.030612
2637,13.950893,418.526786
2638,15.648597,469.457908
2639,16.324617,489.73852
2640,12.737245,382.117347
2641,14.530612,435.918367
2642,14.074617,422.23852
2643,15.43176,462.952806
2644,15.073342,452.200255
2645,14.776148,443.284439
2646,14.103954,423.118622
2647,14.633929,439.017857
2648,15.393495,461.804847
2649,13.611607,408.348214
2650,14.029337,420.880102
2651,13.564413,406.932398
2652,14.643495,439.304847
2653,14.793367,443.80102
2654,13.993622,419.808673
2655,15.736607,472.098214
2656,14.700893,441.026786
2657,15.021684,450.65051
2658,14.431122,432.933673
2659,15.178571,455.357143
2660,15.603954,468.118622
2661,16.118622,483.558673
2662,14.290179,428.705357
2663,12.868622,386.058673
2664,15.283163,458.494898
2665,16.220026,486.600765
2666,13.90051,417.015306
2667,13.827806,414.834184
2668,14.031888,420.956633
2669,14.946429,448.392857
2670,14.073342,422.200255
2671,14.786352,443.590561
2672,15.393495,461.804847
2673,14.10523,423.156888
2674,12.696429,380.892857
2675,13.888393,416.651786
2676,14.051658,421.549745
2677,14.825255,444.757653
2678,14.348852,430.465561
2679,15.25,457.5
2680,13.163903,394.917092
2681,14.586735,437.602041
2682,14.323342,429.700255
2683,15.722577,471.677296
2684,14.195791,425.873724
2685,14.059311,421.779337
2686,13.807398,414.221939
2687,14.510204,435.306122
2688,14.934949,448.048469
2689,15.801658,474.049745
2690,13.512117,405.36352
2691,13.305485,399.164541
2692,13.897321,416.919643
2693,14.938776,448.163265
2694,16.725765,501.772959
2695,14.543367,436.30102
2696,14.927934,447.83801
2697,14.41199,432.359694
2698,17.087372,512.621173
2699,12.925383,387.76148
2700,14.015306,420.459184
2701,14.060587,421.817602
2702,14.767857,443.035714
2703,14.93176,447.952806
2704,14.893495,446.804847
2705,15.128189,453.845663
2706,13.055485,391.664541
2707,14.332908,429.987245
2708,14.387117,431.61352
2709,15.382015,461.460459
2710,13.621811,408.654337
2711,14.836097,445.082908
2712,13.360332,400.809949
2713,14.847577,445.427296
2714,15.070153,452.104592
2715,14.396684,431.90051
2716,15.83227,474.968112
2717,15.125,453.75
2718,13.699617,410.98852
2719,15.248724,457.461735
2720,15.290816,458.72449
2721,14.252551,427.576531
2722,14.940051,448.201531
2723,14.40625,432.1875
2724,15.329082,459.872449
2725,13.975765,419.272959
2726,13.529337,405.880102
2727,14.063138,421.894133
2728,15.829082,474.872449
2729,14.430485,432.914541
2730,14.697704,440.931122
2731,13.622449,408.673469
2732,14.939413,448.182398
2733,14.314413,429.432398
2734,15.418367,462.55102
2735,15.258291,457.748724
2736,14.651148,439.534439
2737,14.630102,438.903061
2738,14.066327,421.989796
2739,14.939413,448.182398
2740,15.130102,453.903061
2741,15.154337,454.630102
2742,14.082908,422.487245
2743,13.727679,411.830357
2744,14.147959,424.438776
2745,14.558036,436.741071
2746,15.176658,455.299745
2747,12.716199,381.485969
2748,13.934949,418.048469
2749,13.55102,406.530612
2750,14.797194,443.915816
2751,14.142219,424.266582
2752,12.803571,384.107143
2753,14.272321,428.169643
2754,14.367985,431.039541
2755,14.665179,439.955357
2756,13.967474,419.024235
2757,13.684949,410.548469
2758,14.223214,426.696429
2759,13.341837,400.255102
2760,15.278061,458.341837
2761,13.675383,410.26148
2762,13.820153,414.604592
2763,14.299107,428.973214
2764,12.834184,385.02551
2765,15.179209,455.376276
2766,14.532526,435.975765
2767,14.393495,431.804847
2768,13.924745,417.742347
2769,15.90051,477.015306
2770,14.33801,430.140306
2771,15.601403,468.042092
2772,14.23852,427.155612
2773,14.147959,424.438776
2774,14.402423,432.072704
2775,14.473214,434.196429
2776,15.178571,455.357143
2777,15.970663,479.119898
2778,14.059949,421.798469
2779,13.668367,410.05102
2780,14.420281,432.608418
2781,16.230867,486.92602
2782,14.270408,428.112245
2783,14.464286,433.928571
2784,13.904337,417.130102
2785,14.628827,438.864796
2786,14.35523,430.656888
2787,15.003827,450.114796
2788,12.895408,386.862245
2789,14.704719,441.141582
2790,14.610969,438.329082
2791,14.690051,440.701531
2792,15.285714,458.571429
2793,15.427296,462.818878
2794,14.15051,424.515306
2795,17.255102,517.653061
2796,15.028699,450.860969
2797,16.43176,492.952806
2798,13.176658,395.299745
2799,16.112883,483.38648
2800,14.797832,443.934949
2801,14.857781,445.733418
2802,15.389031,461.670918
2803,14.808036,444.241071
2804,15.219388,456.581633
2805,15.28699,458.609694
2806,13.338648,400.159439
2807,15.094388,452.831633
2808,14.542092,436.262755
2809,14.237883,427.13648
2810,14.948342,448.450255
2811,14.184311,425.529337
2812,15.221939,456.658163
2813,14.042092,421.262755
2814,14.15051,424.515306
2815,14.059311,421.779337
2816,13.964923,418.947704
2817,15.695791,470.873724
2818,13.313776,399.413265
2819,13.31824,399.547194
2820,15.343112,460.293367
2821,14.114796,423.443878
2822,15.384566,461.53699
2823,13.792092,413.762755
2824,14.547832,436.434949
2825,13.718112,411.543367
2826,14.740434,442.21301
2827,13.845026,415.350765
2828,15.490434,464.71301
2829,14.250638,427.519133
2830,14.732143,441.964286
2831,14.631378,438.941327
2832,15.043367,451.30102
2833,13.485969,404.579082
2834,14.780612,443.418367
2835,13.819515,414.585459
2836,15.059949,451.798469
2837,15.526148,465.784439
2838,14.710459,441.313776
2839,13.632653,408.979592
2840,13.995536,419.866071
2841,14.449617,433.48852
2842,14.457908,433.737245
2843,14.862245,445.867347
2844,14.485332,434.559949
2845,15.535077,466.052296
2846,14.304847,429.145408
2847,13.748087,412.442602
2848,14.876276,446.288265
2849,15.383929,461.517857
2850,15.357781,460.733418
2851,12.665816,379.97449
2852,14.447066,433.41199
2853,15.091837,452.755102
2854,16.197704,485.931122
2855,13.984694,419.540816
2856,15.734056,472.021684
2857,15.705357,471.160714
2858,14.815689,444.470663
2859,16.285714,488.571429
2860,14.772959,443.188776
2861,13.320791,399.623724
2862,15.680485,470.414541
2863,15.022321,450.669643
2864,13.922832,417.684949
2865,13.802934,414.08801
2866,15.380102,461.403061
2867,12.008929,360.267857
2868,12.745536,382.366071
2869,14.81824,444.547194
2870,14.580357,437.410714
2871,15.853954,475.618622
2872,15.239796,457.193878
2873,15.803571,474.107143
2874,14.86926,446.077806
2875,15.870536,476.116071
2876,14.389668,431.690051
2877,14.66773,440.031888
2878,13.959821,418.794643
2879,15.256378,457.691327
2880,14.732781,441.983418
2881,14.01977,420.593112
2882,14.602679,438.080357
2883,15.082908,452.487245
2884,15.978954,479.368622
2885,14.121173,423.635204
2886,14.892219,446.766582
2887,14.498724,434.961735
2888,13.947066,418.41199
2889,15.57398,467.219388
2890,13.654974,409.649235
2891,14.595663,437.869898
2892,15.381378,461.441327
2893,14.526786,435.803571
2894,14.639031,439.170918
2895,15.619898,468.596939
2896,13.710459,411.313776
2897,14.752551,442.576531
2898,15.117985,453.539541
2899,15.600128,468.003827
2900,15.302934,459.08801
2901,15.045281,451.358418
2902,16.712372,501.371173
2903,14.596301,437.889031
2904,15.763393,472.901786
2905,14.516582,435.497449
2906,14.029974,420.899235
2907,14.640306,439.209184
2908,14.15625,424.6875
2909,15.024872,450.746173
2910,14.322704,429.681122
2911,16.234056,487.021684
2912,13.528699,405.860969
2913,16.158801,484.764031
2914,15.513393,465.401786
2915,13.570153,407.104592
2916,14.263393,427.901786
2917,14.397321,431.919643
2918,14.015944,420.478316
2919,13.647321,409.419643
2920,15.045281,451.358418
2921,15.036352,451.090561
2922,15.052934,451.58801
2923,14.441327,433.239796
2924,15.487245,464.617347
2925,14.702806,441.084184
2926,13.813138,414.394133
2927,14.465561,433.966837
2928,14.204082,426.122449
2929,14.709821,441.294643
2930,15.28125,458.4375
2931,15.085459,452.563776
2932,14.013393,420.401786
2933,17.09375,512.8125
2934,14.404337,432.130102
2935,16.6875,500.625
2936,15.550383,466.51148
2937,13.545918,406.377551
2938,14.042092,421.262755
2939,14.451531,433.545918
2940,14.487883,434.63648
2941,15.370536,461.116071
2942,15.583546,467.506378
2943,14.272321,428.169643
2944,15.16199,454.859694
2945,14.668367,440.05102
2946,15.045918,451.377551
2947,13.65051,409.515306
2948,14.109694,423.290816
2949,15.750638,472.519133
2950,14.791454,443.743622
2951,14.479592,434.387755
2952,14.802934,444.08801
2953,14.126913,423.807398
2954,14.878189,446.345663
2955,16.496811,494.904337
2956,14.078444,422.353316
2957,15.367347,461.020408
2958,15.091199,452.735969
2959,14.110969,423.329082
2960,14.781888,443.456633
2961,14.419005,432.570153
2962,15.90051,477.015306
2963,13.316327,399.489796
2964,15.220026,456.600765
2965,15.019133,450.57398
2966,15.080995,452.429847
2967,12.607143,378.214286
2968,14.483418,434.502551
2969,15.264668,457.940051
2970,15.544643,466.339286
2971,15.114796,453.443878
2972,16.162628,484.878827
2973,14.611607,438.348214
2974,15.142219,454.266582
2975,14.133291,423.998724
2976,15.663265,469.897959
2977,14.515944,435.478316
2978,13.214923,396.447704
2979,13.40051,402.015306
2980,15.103954,453.118622
2981,14.017857,420.535714
2982,14.638393,439.151786
2983,15.911352,477.340561
2984,14.554847,436.645408
2985,14.656888,439.706633
2986,14.715561,441.466837
2987,14.195153,425.854592
2988,15.044643,451.339286
2989,13.515306,405.459184
2990,13.267857,398.035714
2991,14.438776,433.163265
2992,15.383291,461.498724
2993,15.940051,478.201531
2994,13.299745,398.992347
2995,14.797832,443.934949
2996,13.624362,408.730867
2997,14.702806,441.084184
2998,15.589286,467.678571
2999,15.581633,467.44898
3000,13.072066,392.16199
3001,14.392219,431.766582
3002,14.932398,447.971939
3003,15.610969,468.329082
3004,14.662628,439.878827
3005,14.564413,436.932398
3006,14.240434,427.21301
3007,15.267219,458.016582
3008,14.455357,433.660714
3009,14.75574,442.672194
3010,13.061862,391.855867
3011,13.942602,418.278061
3012,14.077168,422.315051
3013,14.01148,420.344388
3014,15.492985,464.789541
3015,15.503827,465.114796
3016,14.507653,435.229592
3017,15.03125,450.9375
3018,14.375638,431.269133
3019,14.210459,426.313776
3020,15.022959,450.688776
3021,14.609694,438.290816
3022,14.550383,436.51148
3023,14.021046,420.631378
3024,14.470026,434.100765
3025,15.399235,461.977041
3026,15.357781,460.733418
3027,14.41199,432.359694
3028,14.431122,432.933673
3029,14.626913,438.807398
3030,16.082908,482.487245
3031,14.997449,449.923469
3032,15.008929,450.267857
3033,15.142219,454.266582
3034,14.07398,422.219388
3035,16.193878,485.816327
3036,15.258291,457.748724
3037,15.5,465.0
3038,13.834821,415.044643
3039,13.73023,411.906888
3040,15.256378,457.691327
3041,15.804209,474.126276
3042,14.504464,435.133929
3043,15.394133,461.82398
3044,13.503189,405.095663
3045,16.27551,488.265306
3046,15.106505,453.195153
3047,14.102041,423.061224
3048,14.506378,435.191327
3049,14.501276,435.038265
3050,15.137117,454.11352
3051,13.02551,390.765306
3052,13.556122,406.683673
3053,14.210459,426.313776
3054,14.614158,438.424745
3055,14.091837,422.755102
3056,16.104592,483.137755
3057,16.018495,480.554847
3058,13.992985,419.789541
3059,14.797832,443.934949
3060,15.872449,476.173469
3061,15.146684,454.40051
3062,14.976403,449.292092
3063,14.835459,445.063776
3064,13.750638,412.519133
3065,13.907526,417.225765
3066,14.056122,421.683673
3067,14.225128,426.753827
3068,15.278699,458.360969
3069,14.046556,421.396684
3070,15.08801,452.640306
3071,16.41773,492.531888
3072,14.598214,437.946429
3073,16.079082,482.372449
3074,14.990434,449.71301
3075,14.443878,433.316327
3076,13.917092,417.512755
3077,13.672832,410.184949
3078,13.643495,409.304847
3079,14.033801,421.014031
3080,14.165179,424.955357
3081,13.670281,410.108418
3082,14.609694,438.290816
3083,14.452806,433.584184
3084,15.279974,458.399235
3085,13.478316,404.34949
3086,13.787628,413.628827
3087,14.558673,436.760204
3088,14.115434,423.46301
3089,15.188138,455.644133
3090,13.913265,417.397959
3091,15.040179,451.205357
3092,13.828444,414.853316
3093,14.116071,423.482143
3094,14.049745,421.492347
3095,14.982143,449.464286
3096,13.879464,416.383929
3097,15.032526,450.975765
3098,14.596939,437.908163
3099,15.996811,479.904337
3100,13.453444,403.603316
3101,14.666454,439.993622
3102,14.266582,427.997449
3103,16.365434,490.96301
3104,14.842474,445.274235
3105,14.524872,435.746173
3106,14.765306,442.959184
3107,14.311862,429.355867
3108,12.840561,385.216837
3109,14.941964,448.258929
3110,14.83801,445.140306
3111,14.788903,443.667092
3112,14.866071,445.982143
3113,13.790179,413.705357
3114,14.545281,436.358418
3115,14.528061,435.841837
3116,14.494898,434.846939
3117,14.158163,424.744898
3118,15.126276,453.788265
3119,14.15625,424.6875
3120,15.183673,455.510204
3121,13.772959,413.188776
3122,13.024235,390.727041
3123,15.133291,453.998724
3124,14.471939,434.158163
3125,14.534439,436.033163
3126,15.440051,463.201531
3127,14.277423,428.322704
3128,14.00574,420.172194
3129,14.054847,421.645408
3130,13.685587,410.567602
3131,15.202168,456.065051
3132,13.737245,412.117347
3133,13.752551,412.576531
3134,14.989158,449.674745
3135,14.364796,430.943878
3136,14.653061,439.591837
3137,15.725128,471.753827
3138,13.826531,414.795918
3139,14.172832,425.184949
3140,14.392857,431.785714
3141,14.152423,424.572704
3142,13.92602,417.780612
3143,15.344388,460.331633
3144,14.216837,426.505102
3145,14.202806,426.084184
3146,14.267857,428.035714
3147,15.533163,465.994898
3148,15.746173,472.385204
3149,14.339923,430.197704
3150,13.280612,398.418367
3151,15.301658,459.049745
3152,14.649872,439.496173
3153,14.102041,423.061224
3154,14.991709,449.751276
3155,14.805485,444.164541
3156,13.392857,401.785714
3157,13.492985,404.789541
3158,15.131378,453.941327
3159,15.096939,452.908163
3160,13.932398,417.971939
3161,12.930485,387.914541
3162,14.241071,427.232143
3163,14.952168,448.565051
3164,14.573342,437.200255
3165,14.635204,439.056122
3166,14.223214,426.696429
3167,12.319515,369.585459
3168,13.223852,396.715561
3169,13.328444,399.853316
3170,13.820791,414.623724
3171,16.186224,485.586735
3172,16.561862,496.855867
3173,14.460459,433.813776
3174,14.473214,434.196429
3175,14.111607,423.348214
3176,14.760842,442.825255
3177,15.198342,455.950255
3178,13.79273,413.781888
3179,13.856505,415.695153
3180,14.571429,437.142857
3181,13.901148,417.034439
3182,14.477041,434.311224
3183,14.772321,443.169643
3184,13.45727,403.718112
3185,14.600765,438.022959
3186,15.121173,453.635204
3187,15.875638,476.269133
3188,14.984694,449.540816
3189,13.028699,390.860969
3190,14.010842,420.325255
3191,14.748087,442.442602
3192,13.712372,411.371173
3193,15.137117,454.11352
3194,14.657526,439.725765
3195,16.570153,497.104592
3196,14.316327,429.489796
3197,15.659439,469.783163
3198,15.711735,471.352041
3199,13.144133,394.32398
3200,14.351403,430.542092
3201,13.771046,413.131378
3202,14.268495,428.054847
3203,14.736607,442.098214
3204,14.385842,431.575255
3205,14.772321,443.169643
3206,14.288265,428.647959
3207,14.236607,427.098214
3208,14.495536,434.866071
3209,15.734056,472.021684
3210,15.297194,458.915816
3211,13.820791,414.623724
3212,14.211097,426.332908
3213,14.688776,440.663265
3214,15.444515,463.335459
3215,14.250638,427.519133
3216,14.725128,441.753827
3217,15.013393,450.401786
3218,14.032526,420.975765
3219,13.924107,417.723214
3220,14.017857,420.535714
3221,16.144133,484.32398
3222,14.343112,430.293367
3223,16.017857,480.535714
3224,15.068878,452.066327
3225,15.367985,461.039541
3226,13.29273,398.781888
3227,15.367985,461.039541
3228,14.351403,430.542092
3229,14.837372,445.121173
3230,13.978954,419.368622
3231,13.65051,409.515306
3232,14.432398,432.971939
3233,14.867985,446.039541
3234,14.627551,438.826531
3235,13.257015,397.710459
3236,15.265944,457.978316
3237,14.815689,444.470663
3238,15.50574,465.172194
3239,14.651148,439.534439
3240,15.357143,460.714286
3241,14.665816,439.97449
3242,13.987245,419.617347
3243,14.038903,421.167092
3244,15.322066,459.66199
3245,14.353316,430.59949
3246,15.674745,470.242347
3247,14.663265,439.897959
3248,14.459821,433.794643
3249,16.795918,503.877551
3250,15.098852,452.965561
3251,14.169005,425.070153
3252,13.375638,401.269133
3253,15.071429,452.142857
3254,13.843112,415.293367
3255,15.352041,460.561224
3256,14.565051,436.951531
3257,13.882015,416.460459
3258,15.298469,458.954082
3259,15.783801,473.514031
3260,13.498724,404.961735
3261,14.004464,420.133929
3262,15.764031,472.920918
3263,15.101403,453.042092
3264,12.96301,388.890306
3265,16.283163,488.494898
3266,15.383291,461.498724
3267,15.659439,469.783163
3268,13.731505,411.945153
3269,14.031888,420.956633
3270,13.076531,392.295918
3271,15.326531,459.795918
3272,13.777423,413.322704
3273,14.680485,440.414541
3274,15.014031,450.420918
3275,14.547832,436.434949
3276,15.673469,470.204082
3277,15.685587,470.567602
3278,15.558036,466.741071
3279,13.770408,413.112245
3280,14.846939,445.408163
3281,13.882015,416.460459
3282,15.348214,460.446429
3283,14.683036,440.491071
3284,14.073342,422.200255
3285,15.496173,464.885204
3286,14.915179,447.455357
3287,14.89477,446.843112
3288,13.996173,419.885204
3289,13.564413,406.932398
3290,13.853316,415.59949
3291,15.130102,453.903061
3292,15.42602,462.780612
3293,14.102679,423.080357
3294,13.366709,401.001276
3295,15.052296,451.568878
3296,14.158801,424.764031
3297,14.753827,442.614796
3298,14.522321,435.669643
3299,15.728316,471.84949
3300,14.239158,427.174745
3301,14.164541,424.936224
3302,16.165179,484.955357
3303,14.204082,426.122449
3304,14.892857,446.785714
3305,16.110332,483.309949
3306,14.710459,441.313776
3307,14.157526,424.725765
3308,13.745536,412.366071
3309,13.821429,414.642857
3310,14.870536,446.116071
3311,16.038265,481.147959
3312,15.329719,459.891582
3313,14.941964,448.258929
3314,15.422194,462.665816
3315,15.485332,464.559949
3316,14.182398,425.471939
3317,14.492347,434.770408
3318,15.115434,453.46301
3319,14.182398,425.471939
3320,14.889031,446.670918
3321,15.691964,470.758929
3322,14.891582,446.747449
3323,14.850765,445.522959
3324,13.75,412.5
3325,15.498087,464.942602
3326,14.023597,420.707908
3327,13.632015,408.960459
3328,15.758291,472.748724
3329,14.828444,444.853316
3330,15.038265,451.147959
3331,13.01977,390.593112
3332,14.723852,441.715561
3333,14.941327,448.239796
3334,14.719388,441.581633
3335,13.600128,408.003827
3336,15.28125,458.4375
3337,14.784439,443.533163
3338,15.68176,470.452806
3339,16.047832,481.434949
3340,13.524235,405.727041
3341,14.239158,427.174745
3342,13.721939,411.658163
3343,14.152423,424.572704
3344,14.872449,446.173469
3345,13.984694,419.540816
3346,14.795281,443.858418
3347,15.079082,452.372449
3348,15.180485,455.414541
3349,14.391582,431.747449
3350,14.577168,437.315051
3351,13.933036,417.991071
3352,14.704719,441.141582
3353,14.452168,433.565051
3354,12.176658,365.299745
3355,15.48023,464.406888
3356,14.49426,434.827806
3357,14.563776,436.913265
3358,15.982781,479.483418
3359,14.470026,434.100765
3360,14.493622,434.808673
3361,14.477679,434.330357
3362,13.934311,418.029337
3363,15.632015,468.960459
3364,14.776148,443.284439
3365,13.8125,414.375
3366,15.924745,477.742347
3367,15.31824,459.547194
3368,14.823342,444.700255
3369,14.410714,432.321429
3370,13.75574,412.672194
3371,14.625,438.75
3372,13.303571,399.107143
3373,14.204719,426.141582
3374,15.453444,463.603316
3375,14.690051,440.701531
3376,13.371173,401.135204
3377,13.91199,417.359694
3378,14.41199,432.359694
3379,14.869898,446.096939
3380,14.96875,449.0625
3381,14.001276,420.038265
3382,13.986607,419.598214
3383,15.191327,455.739796
3384,14.780612,443.418367
3385,16.392219,491.766582
3386,14.11926,423.577806
3387,15.91773,477.531888
3388,15.290816,458.72449
3389,15.251276,457.538265
3390,15.709821,471.294643
3391,15.765306,472.959184
3392,14.784439,443.533163
3393,14.647959,439.438776
3394,14.79273,443.781888
3395,14.622449,438.673469
3396,16.081633,482.44898
3397,13.963648,418.909439
3398,14.723852,441.715561
3399,16.095026,482.850765
3400,14.368622,431.058673
3401,15.415179,462.455357
3402,12.885204,386.556122
3403,14.844388,445.331633
3404,15.876276,476.288265
3405,16.592474,497.774235
3406,14.595663,437.869898
3407,16.605867,498.17602
3408,14.022959,420.688776
3409,14.899872,446.996173
3410,14.23852,427.155612
3411,14.001276,420.038265
3412,14.204082,426.122449
3413,15.112883,453.38648
3414,13.970026,419.100765
3415,14.647959,439.438776
3416,15.303571,459.107143
3417,14.408801,432.264031
3418,14.262755,427.882653
3419,14.11926,423.577806
3420,13.909439,417.283163
3421,15.44324,463.297194
3422,13.938776,418.163265
3423,13.938138,418.144133
3424,16.179209,485.376276
3425,13.726403,411.792092
3426,14.816964,444.508929
3427,14.815689,444.470663
3428,14.466199,433.985969
3429,13.860332,415.809949
3430,15.289541,458.686224
3431,14.126276,423.788265
3432,15.365434,460.96301
3433,14.267857,428.035714
3434,15.41773,462.531888
3435,14.236607,427.098214
3436,13.958546,418.756378
3437,12.708546,381.256378
3438,15.095663,452.869898
3439,14.515944,435.478316
3440,14.047832,421.434949
3441,15.888393,476.651786
3442,14.624362,438.730867
3443,15.602041,468.061224
3444,14.41199,432.359694
3445,13.258291,397.748724
3446,14.924745,447.742347
3447,13.997449,419.923469
3448,13.776148,413.284439
3449,14.415816,432.47449
3450,13.802934,414.08801
3451,14.737245,442.117347
3452,13.573342,407.200255
3453,15.089286,452.678571
3454,15.139668,454.190051
3455,14.027423,420.822704
3456,13.971301,419.139031
3457,15.177296,455.318878
3458,15.730867,471.92602
3459,13.64477,409.343112
3460,14.171556,425.146684
3461,13.885842,416.575255
3462,14.896684,446.90051
3463,13.936224,418.086735
3464,15.444515,463.335459
3465,13.561862,406.855867
3466,15.081633,452.44898
3467,14.045281,421.358418
3468,14.517857,435.535714
3469,14.450255,433.507653
3470,14.691327,440.739796
3471,14.76977,443.093112
3472,12.765944,382.978316
3473,14.846301,445.389031
3474,12.873724,386.211735
3475,14.831633,444.94898
3476,15.006378,450.191327
3477,15.429847,462.895408
3478,16.204082,486.122449
3479,14.122449,423.673469
3480,15.401786,462.053571
3481,14.165179,424.955357
3482,15.440689,463.220663
3483,16.116071,483.482143
3484,15.372449,461.173469
3485,14.681122,440.433673
3486,14.569515,437.085459
3487,13.783163,413.494898
3488,14.787628,443.628827
3489,14.992985,449.789541
3490,15.413265,462.397959
3491,14.476403,434.292092
3492,14.029337,420.880102
3493,14.853954,445.618622
3494,14.515306,435.459184
3495,14.797194,443.915816
3496,15.838648,475.159439
3497,14.445791,433.373724
3498,13.461097,403.832908
3499,15.45727,463.718112
3500,13.373087,401.192602
3501,14.987883,449.63648
3502,14.628827,438.864796
3503,14.036352,421.090561
3504,14.258291,427.748724
3505,13.015306,390.459184
3506,14.182398,425.471939
3507,14.623724,438.711735
3508,13.997449,419.923469
3509,16.033163,480.994898
3510,15.271684,458.15051
3511,14.720026,441.600765
3512,15.357781,460.733418
3513,15.826531,474.795918
3514,16.239796,487.193878
3515,15.309949,459.298469
3516,15.146046,454.381378
3517,14.408801,432.264031
3518,15.419005,462.570153
3519,16.285077,488.552296
3520,13.876913,416.307398
3521,14.628189,438.845663
3522,14.57398,437.219388
3523,13.873087,416.192602
3524,13.583546,407.506378
3525,15.545281,466.358418
3526,14.838648,445.159439
3527,14.664541,439.936224
3528,15.936862,478.105867
3529,14.564413,436.932398
3530,14.809311,444.279337
3531,12.867985,386.039541
3532,13.975765,419.272959
3533,14.833546,445.006378
3534,15.522959,465.688776
3535,14.16773,425.031888
3536,14.422832,432.684949
3537,15.825893,474.776786
3538,14.832908,444.987245
3539,15.399235,461.977041
3540,15.194515,455.835459
3541,16.48852,494.655612
3542,15.54273,466.281888
3543,15.089286,452.678571
3544,14.435587,433.067602
3545,14.16773,425.031888
3546,15.478954,464.368622
3547,15.387117,461.61352
3548,13.455357,403.660714
3549,15.118622,453.558673
3550,14.47449,434.234694
3551,14.367985,431.039541
3552,14.159439,424.783163
3553,12.950255,388.507653
3554,12.629464,378.883929
3555,14.764668,442.940051
3556,14.760204,442.806122
3557,14.680485,440.414541
3558,14.575255,437.257653
3559,14.887117,446.61352
3560,13.858418,415.752551
3561,13.981505,419.445153
3562,13.545281,406.358418
3563,14.451531,433.545918
3564,13.808673,414.260204
3565,15.945791,478.373724
3566,14.240434,427.21301
3567,13.767857,413.035714
3568,15.816327,474.489796
3569,15.072066,452.16199
3570,13.247449,397.423469
3571,12.750638,382.519133
3572,14.741071,442.232143
3573,15.304847,459.145408
3574,14.061224,421.836735
3575,13.831633,414.94898
3576,14.833546,445.006378
3577,13.714286,411.428571
3578,15.371173,461.135204
3579,14.396046,431.881378
3580,14.360332,430.809949
3581,14.614158,438.424745
3582,14.379464,431.383929
3583,13.019133,390.57398
3584,15.253827,457.614796
3585,14.273597,428.207908
3586,14.123724,423.711735
3587,15.138393,454.151786
3588,15.418367,462.55102
3589,14.945153,448.354592
3590,14.288903,428.667092
3591,13.920918,417.627551
3592,14.963648,448.909439
3593,15.390944,461.728316
3594,14.427296,432.818878
3595,15.531888,465.956633
3596,14.491071,434.732143
3597,15.882653,476.479592
3598,14.216837,426.505102
3599,16.20727,486.218112
3600,14.149235,424.477041
3601,14.413903,432.417092
3602,13.596939,407.908163
3603,14.864796,445.943878
3604,13.507653,405.229592
3605,14.645408,439.362245
3606,17.527423,525.822704
3607,13.668367,410.05102
3608,14.117347,423.520408
3609,14.435587,433.067602
3610,13.075893,392.276786
3611,14.258291,427.748724
3612,14.056122,421.683673
3613,14.48852,434.655612
3614,15.276786,458.303571
3615,14.595663,437.869898
3616,14.932398,447.971939
3617,15.16773,455.031888
3618,14.362245,430.867347
3619,14.012117,420.36352
3620,14.072704,422.181122
3621,14.358418,430.752551
3622,15.240434,457.21301
3623,14.642219,439.266582
3624,14.705995,441.179847
3625,13.453444,403.603316
3626,14.566327,436.989796
3627,15.392219,461.766582
3628,15.720026,471.600765
3629,15.142857,454.285714
3630,15.334821,460.044643
3631,15.133291,453.998724
3632,14.423469,432.704082
3633,14.33227,429.968112
3634,14.092474,422.774235
3635,14.162628,424.878827
3636,15.901148,477.034439
3637,15.211735,456.352041
3638,14.078444,422.353316
3639,14.746173,442.385204
3640,13.01148,390.344388
3641,15.117985,453.539541
3642,16.021684,480.65051
3643,15.618622,468.558673
3644,14.654337,439.630102
3645,15.747449,472.423469
3646,15.170918,455.127551
3647,14.251276,427.538265
3648,14.36926,431.077806
3649,15.237883,457.13648
3650,15.200255,456.007653
3651,13.621173,408.635204
3652,14.221301,426.639031
3653,15.450893,463.526786
3654,14.648597,439.457908
3655,13.867347,416.020408
3656,15.299107,458.973214
3657,13.927934,417.83801
3658,14.439413,433.182398
3659,14.723852,441.715561
3660,15.598852,467.965561
3661,15.164541,454.936224
3662,14.248724,427.461735
3663,15.015306,450.459184
3664,14.848214,445.446429
3665,14.384566,431.53699
3666,13.949617,418.48852
3667,15.106505,453.195153
3668,14.300383,429.01148
3669,13.038265,391.147959
3670,14.463648,433.909439
3671,14.92602,447.780612
3672,14.51977,435.593112
3673,15.146046,454.381378
3674,14.343112,430.293367
3675,15.616709,468.501276
3676,14.996173,449.885204
3677,13.871173,416.135204
3678,14.585459,437.563776
3679,14.248087,427.442602
3680,14.524235,435.727041
3681,14.319515,429.585459
3682,13.907526,417.225765
3683,15.907526,477.225765
3684,14.129464,423.883929
3685,15.154974,454.649235
3686,14.461097,433.832908
3687,14.85523,445.656888
3688,14.741709,442.251276
3689,13.741709,412.251276
3690,14.382015,431.460459
3691,14.762117,442.86352
3692,14.294005,428.820153
3693,13.533801,406.014031
3694,14.362883,430.88648
3695,16.316964,489.508929
3696,14.894133,446.82398
3697,13.663903,409.917092
3698,15.467474,464.024235
3699,15.179847,455.395408
3700,14.929847,447.895408
3701,14.491709,434.751276
3702,15.989796,479.693878
3703,14.454719,433.641582
3704,13.572704,407.181122
3705,15.13074,453.922194
3706,14.341199,430.235969
3707,14.925383,447.76148
3708,13.677296,410.318878
3709,14.688138,440.644133
3710,13.702168,411.065051
3711,14.864158,445.924745
3712,15.143495,454.304847
3713,14.770408,443.112245
3714,14.538903,436.167092
3715,15.042092,451.262755
3716,14.084821,422.544643
3717,15.159439,454.783163
3718,13.227041,396.811224
3719,15.177934,455.33801
3720,14.116709,423.501276
3721,14.28699,428.609694
3722,13.700893,411.026786
3723,14.376276,431.288265
3724,13.424745,402.742347
3725,14.996173,449.885204
3726,13.498724,404.961735
3727,14.987245,449.617347
3728,16.452168,493.565051
3729,15.327806,459.834184
3730,14.033801,421.014031
3731,14.015944,420.478316
3732,13.609056,408.271684
3733,13.5625,406.875
3734,13.837372,415.121173
3735,14.735969,442.079082
3736,14.197066,425.91199
3737,14.4375,433.125
3738,13.054847,391.645408
3739,15.607781,468.233418
3740,14.760842,442.825255
3741,14.503827,435.114796
3742,15.130102,453.903061
3743,15.771046,473.131378
3744,13.769133,413.07398
3745,13.842474,415.274235
3746,14.09949,422.984694
3747,14.654974,439.649235
3748,16.01977,480.593112
3749,15.040179,451.205357
3750,13.90625,417.1875
3751,14.422832,432.684949
3752,14.572704,437.181122
3753,14.163265,424.897959
3754,14.5,435.0
3755,13.295918,398.877551
3756,13.181122,395.433673
3757,14.385842,431.575255
3758,15.851403,475.542092
3759,14.919005,447.570153
3760,15.499362,464.980867
3761,15.0625,451.875
3762,14.114796,423.443878
3763,14.867347,446.020408
3764,15.01148,450.344388
3765,14.544005,436.320153
3766,14.947066,448.41199
3767,15.232143,456.964286
3768,14.266582,427.997449
3769,16.185587,485.567602
3770,14.285077,428.552296
3771,14.278699,428.360969
3772,14.097577,422.927296
3773,15.13074,453.922194
3774,15.440051,463.201531
3775,15.32398,459.719388
3776,14.960459,448.813776
3777,14.639668,439.190051
3778,14.971301,449.139031
3779,13.072704,392.181122
3780,15.358418,460.752551
3781,13.940689,418.220663
3782,15.112245,453.367347
3783,14.253189,427.595663
3784,14.110969,423.329082
3785,15.939413,478.182398
3786,15.123087,453.692602
3787,16.323342,489.700255
3788,14.61926,438.577806
3789,16.625638,498.769133
3790,14.50574,435.172194
3791,14.866709,446.001276
3792,15.005102,450.153061
3793,13.619898,408.596939
3794,13.807398,414.221939
3795,15.653699,469.610969
3796,15.436862,463.105867
3797,14.923469,447.704082
3798,15.544005,466.320153
3799,15.00574,450.172194
3800,13.980867,419.42602
3801,14.517857,435.535714
3802,13.77551,413.265306
3803,14.69324,440.797194
3804,15.470663,464.119898
3805,15.618622,468.558673
3806,15.743622,472.308673
3807,14.985332,449.559949
3808,14.71301,441.390306
3809,15.915179,477.455357
3810,14.560587,436.817602
3811,13.517219,405.516582
3812,16.8125,504.375
3813,13.903061,417.091837
3814,13.73852,412.155612
3815,13.567602,407.028061
3816,14.445153,433.354592
3817,14.665816,439.97449
3818,13.875638,416.269133
3819,14.308673,429.260204
3820,12.628827,378.864796
3821,14.577806,437.334184
3822,16.342474,490.274235
3823,15.346939,460.408163
3824,15.202806,456.084184
3825,15.470663,464.119898
3826,14.673469,440.204082
3827,15.366709,461.001276
3828,14.5,435.0
3829,16.309949,489.298469
3830,14.49426,434.827806
3831,14.810587,444.317602
3832,15.271684,458.15051
3833,14.719388,441.581633
3834,13.153061,394.591837
3835,13.845663,415.369898
3836,13.498087,404.942602
3837,15.984694,479.540816
3838,14.818878,444.566327
3839,14.442602,433.278061
3840,14.170281,425.108418
3841,15.973852,479.215561
3842,15.314413,459.432398
3843,13.898597,416.957908
3844,15.485969,464.579082
3845,16.210459,486.313776
3846,13.987245,419.617347
3847,15.545918,466.377551
3848,15.329082,459.872449
3849,14.058673,421.760204
3850,15.359056,460.771684
3851,15.294005,458.820153
3852,15.315689,459.470663
3853,13.783163,413.494898
3854,14.558673,436.760204
3855,12.601403,378.042092
3856,14.200255,426.007653
3857,13.832908,414.987245
3858,14.424107,432.723214
3859,14.02551,420.765306
3860,13.753189,412.595663
3861,14.014031,420.420918
3862,14.887117,446.61352
3863,16.233418,487.002551
3864,16.345663,490.369898
3865,14.665179,439.955357
3866,14.220663,426.619898
3867,15.413265,462.397959
3868,17.177934,515.33801
3869,17.237245,517.117347
3870,14.146684,424.40051
3871,14.193878,425.816327
3872,15.148597,454.457908
3873,13.404974,402.149235
3874,14.67602,440.280612
3875,15.859056,475.771684
3876,15.040179,451.205357
3877,13.654337,409.630102
3878,14.179209,425.376276
3879,15.319515,459.585459
3880,15.096301,452.889031
3881,14.772321,443.169643
3882,15.056122,451.683673
3883,14.755102,442.653061
3884,16.218112,486.543367
3885,14.91199,447.359694
3886,14.225765,426.772959
3887,14.181122,425.433673
3888,14.92602,447.780612
3889,14.867985,446.039541
3890,13.626276,408.788265
3891,15.364796,460.943878
3892,14.030612,420.918367
3893,13.919643,417.589286
3894,14.579082,437.372449
3895,15.537628,466.128827
3896,14.887755,446.632653
3897,13.827806,414.834184
3898,16.356505,490.695153
3899,15.061224,451.836735
3900,14.211735,426.352041
3901,15.390944,461.728316
3902,14.116071,423.482143
3903,14.898597,446.957908
3904,14.752551,442.576531
3905,13.774235,413.227041
3906,14.961735,448.852041
3907,15.315051,459.451531
3908,14.936862,448.105867
3909,14.42602,432.780612
3910,13.839286,415.178571
3911,15.210459,456.313776
3912,15.366709,461.001276
3913,13.058673,391.760204
3914,16.558036,496.741071
3915,13.439413,403.182398
3916,15.703444,471.103316
3917,13.72449,411.734694
3918,14.547194,436.415816
3919,13.991071,419.732143
3920,14.86926,446.077806
3921,14.846939,445.408163
3922,14.750638,442.519133
3923,13.910714,417.321429
3924,13.765306,412.959184
3925,14.057398,421.721939
3926,14.108418,423.252551
3927,15.102041,453.061224
3928,14.507015,435.210459
3929,13.777423,413.322704
3930,14.808036,444.241071
3931,13.576531,407.295918
3932,17.07398,512.219388
3933,15.542092,466.262755
3934,12.955995,388.679847
3935,14.66199,439.859694
3936,14.625,438.75
3937,15.615434,468.46301
3938,14.1875,425.625
3939,14.730867,441.92602
3940,14.633291,438.998724
3941,15.554847,466.645408
3942,14.351403,430.542092
3943,15.298469,458.954082
3944,14.151148,424.534439
3945,14.311224,429.336735
3946,13.600765,408.022959
3947,13.290816,398.72449
3948,14.164541,424.936224
3949,13.815689,414.470663
3950,14.845026,445.350765
3951,14.533801,436.014031
3952,13.115434,393.46301
3953,13.858418,415.752551
3954,14.477679,434.330357
3955,14.910714,447.321429
3956,15.173469,455.204082
3957,14.133291,423.998724
3958,14.989158,449.674745
3959,13.621173,408.635204
3960,14.184311,425.529337
3961,13.779974,413.399235
3962,13.370536,401.116071
3963,15.205357,456.160714
3964,14.845663,445.369898
3965,14.440051,433.201531
3966,13.466837,404.005102
3967,14.824617,444.73852
3968,14.184949,425.548469
3969,15.154337,454.630102
3970,14.31824,429.547194
3971,13.089923,392.697704
3972,14.255102,427.653061
3973,14.778699,443.360969
3974,14.092474,422.774235
3975,13.788265,413.647959
3976,13.818878,414.566327
3977,15.019133,450.57398
3978,13.638393,409.151786
3979,14.804209,444.126276
3980,13.963648,418.909439
3981,15.351403,460.542092
3982,13.860332,415.809949
3983,14.651786,439.553571
3984,14.102041,423.061224
3985,14.649235,439.477041
3986,14.887117,446.61352
3987,14.297832,428.934949
3988,14.328444,429.853316
3989,15.060587,451.817602
3990,14.426658,432.799745
3991,14.107781,423.233418
3992,14.183673,425.510204
3993,14.672194,440.165816
3994,14.086097,422.582908
3995,14.563138,436.894133
3996,14.598852,437.965561
3997,15.535077,466.052296
3998,14.294643,428.839286
3999,14.027423,420.822704
4000,14.184311,425.529337
4001,13.920918,417.627551
4002,15.60523,468.156888
4003,14.222577,426.677296
4004,13.696429,410.892857
4005,14.459821,433.794643
4006,15.115434,453.46301
4007,16.674745,500.242347
4008,14.189413,425.682398
4009,14.577806,437.334184
4010,14.112245,423.367347
4011,14.563776,436.913265
4012,13.48023,404.406888
4013,14.835459,445.063776
4014,15.374362,461.230867
4015,13.84949,415.484694
4016,15.183673,455.510204
4017,13.655612,409.668367
4018,15.378827,461.364796
4019,14.330357,429.910714
4020,13.608418,408.252551
4021,14.024872,420.746173
4022,14.42602,432.780612
4023,14.699617,440.98852
4024,13.302934,399.08801
4025,14.476403,434.292092
4026,14.132653,423.979592
4027,15.402423,462.072704
4028,14.440051,433.201531
4029,14.142219,424.266582
4030,15.315051,459.451531
4031,14.198342,425.950255
4032,14.049745,421.492347
4033,14.297194,428.915816
4034,13.802934,414.08801
4035,14.774235,443.227041
4036,14.697066,440.91199
4037,15.01148,450.344388
4038,15.424107,462.723214
4039,15.365434,460.96301
4040,15.995536,479.866071
4041,14.100765,423.022959
4042,15.598852,467.965561
4043,14.234056,427.021684
4044,16.016582,480.497449
4045,16.598852,497.965561
4046,15.352041,460.561224
4047,14.570791,437.123724
4048,15.388393,461.651786
4049,14.702806,441.084184
4050,15.210459,456.313776
4051,13.63074,408.922194
4052,14.970663,449.119898
4053,14.962372,448.871173
4054,14.258291,427.748724
4055,14.060587,421.817602
4056,12.473852,374.215561
4057,14.626913,438.807398
4058,15.145408,454.362245
4059,14.430485,432.914541
4060,14.024235,420.727041
4061,15.402423,462.072704
4062,16.016582,480.497449
4063,14.630102,438.903061
4064,13.897321,416.919643
4065,14.294005,428.820153
4066,13.971301,419.139031
4067,15.159439,454.783163
4068,16.576531,497.295918
4069,14.40051,432.015306
4070,15.581633,467.44898
4071,15.351403,460.542092
4072,14.875638,446.269133
4073,13.798469,413.954082
4074,15.368622,461.058673
4075,15.206633,456.19898
4076,13.30676,399.202806
4077,13.899235,416.977041
4078,14.584184,437.52551
4079,15.515944,465.478316
4080,15.966199,478.985969
4081,14.075255,422.257653
4082,16.827168,504.815051
4083,15.098852,452.965561
4084,14.375,431.25
4085,14.918367,447.55102
4086,13.500638,405.019133
4087,15.991709,479.751276
4088,14.827806,444.834184
4089,14.549745,436.492347
4090,15.73023,471.906888
4091,13.98852,419.655612
4092,15.702806,471.084184
4093,14.328444,429.853316
4094,15.640306,469.209184
4095,15.570153,467.104592
4096,16.829082,504.872449
4097,14.535077,436.052296
4098,15.873087,476.192602
4099,15.252551,457.576531
4100,13.548469,406.454082
4101,15.259566,457.78699
4102,14.123724,423.711735
4103,14.72449,441.734694
4104,14.29273,428.781888
4105,13.83801,415.140306
4106,15.444515,463.335459
4107,14.976403,449.292092
4108,13.954719,418.641582
4109,15.084184,452.52551
4110,14.379464,431.383929
4111,14.6875,440.625
4112,14.247449,427.423469
4113,15.866709,476.001276
4114,14.397321,431.919643
4115,14.835459,445.063776
4116,13.698342,410.950255
4117,15.192602,455.778061
4118,14.867347,446.020408
4119,15.651786,469.553571
4120,14.478316,434.34949
4121,14.49426,434.827806
4122,14.953444,448.603316
4123,15.468112,464.043367
4124,14.53125,435.9375
4125,13.998724,419.961735
4126,14.657526,439.725765
4127,15.219388,456.581633
4128,14.03699,421.109694
4129,15.397959,461.938776
4130,15.135204,454.056122
4131,14.447704,433.431122
4132,15.515944,465.478316
4133,15.347577,460.427296
4134,15.292092,458.762755
4135,14.230867,426.92602
4136,14.283163,428.494898
4137,15.047194,451.415816
4138,14.050383,421.51148
4139,15.201531,456.045918
4140,14.117347,423.520408
4141,14.887117,446.61352
4142,14.526148,435.784439
4143,13.86926,416.077806
4144,14.530612,435.918367
4145,12.517857,375.535714
4146,14.508929,435.267857
4147,15.140306,454.209184
4148,14.105867,423.17602
4149,13.249362,397.480867
4150,14.359056,430.771684
4151,14.723852,441.715561
4152,14.311224,429.336735
4153,13.959821,418.794643
4154,15.987245,479.617347
4155,14.172832,425.184949
4156,14.273597,428.207908
4157,15.633929,469.017857
4158,13.996811,419.904337
4159,14.760204,442.806122
4160,14.658801,439.764031
4161,14.889031,446.670918
4162,14.325255,429.757653
4163,13.53125,405.9375
4164,14.083546,422.506378
4165,15.614158,468.424745
4166,14.517857,435.535714
4167,15.52551,465.765306
4168,14.878189,446.345663
4169,16.455995,493.679847
4170,15.813776,474.413265
4171,13.652423,409.572704
4172,16.455357,493.660714
4173,14.66773,440.031888
4174,13.892857,416.785714
4175,13.901148,417.034439
4176,14.823342,444.700255
4177,14.196429,425.892857
4178,13.586097,407.582908
4179,13.869898,416.096939
4180,15.202168,456.065051
4181,15.066964,452.008929
4182,14.548469,436.454082
4183,14.173469,425.204082
4184,13.58801,407.640306
4185,14.440051,433.201531
4186,14.623087,438.692602
4187,14.901786,447.053571
4188,14.281888,428.456633
4189,14.821429,444.642857
4190,14.05676,421.702806
4191,13.928571,417.857143
4192,13.560587,406.817602
4193,15.800383,474.01148
4194,14.723852,441.715561
4195,13.658801,409.764031
4196,14.940689,448.220663
4197,15.079719,452.391582
4198,14.436224,433.086735
4199,15.029974,450.899235
4200,15.095663,452.869898
4201,14.059949,421.798469
4202,14.688776,440.663265
4203,15.404974,462.149235
4204,14.291454,428.743622
4205,14.145408,424.362245
4206,14.317602,429.528061
4207,15.160077,454.802296
4208,14.43176,432.952806
4209,14.540179,436.205357
4210,14.711735,441.352041
4211,15.311224,459.336735
4212,14.679847,440.395408
4213,14.466199,433.985969
4214,13.922194,417.665816
4215,14.211735,426.352041
4216,13.70727,411.218112
4217,15.197704,455.931122
4218,14.854592,445.637755
4219,15.26977,458.093112
4220,14.252551,427.576531
4221,14.311224,429.336735
4222,14.225128,426.753827
4223,14.172194,425.165816
4224,14.35523,430.656888
4225,14.516582,435.497449
4226,15.257015,457.710459
4227,15.614796,468.443878
4228,14.253189,427.595663
4229,15.714923,471.447704
4230,15.178571,455.357143
4231,16.235332,487.059949
4232,14.951531,448.545918
4233,13.418367,402.55102
4234,13.922194,417.665816
4235,13.626913,408.807398
4236,14.991071,449.732143
4237,13.735332,412.059949
4238,13.948342,418.450255
4239,14.83801,445.140306
4240,13.595663,407.869898
4241,14.31824,429.547194
4242,13.688138,410.644133
4243,15.257015,457.710459
4244,14.83801,445.140306
4245,13.895408,416.862245
4246,15.741071,472.232143
4247,14.722577,441.677296
4248,15.288265,458.647959
4249,14.728316,441.84949
4250,13.80676,414.202806
4251,14.466199,433.985969
4252,15.13074,453.922194
4253,14.971301,449.139031
4254,14.532526,435.975765
4255,14.626276,438.788265
4256,14.107143,423.214286
4257,16.25574,487.672194
4258,16.628827,498.864796
4259,15.502551,465.076531
4260,15.103954,453.118622
4261,15.852041,475.561224
4262,14.607781,438.233418
4263,14.769133,443.07398
4264,16.0,480.0
4265,13.848214,415.446429
4266,15.225765,456.772959
4267,14.76977,443.093112
4268,15.005102,450.153061
4269,15.234694,457.040816
4270,14.638393,439.151786
4271,14.411352,432.340561
4272,14.007015,420.210459
4273,16.243622,487.308673
4274,14.822704,444.681122
4275,15.177934,455.33801
4276,15.818878,474.566327
4277,14.341199,430.235969
4278,15.344388,460.331633
4279,13.538903,406.167092
4280,14.508929,435.267857
4281,13.777423,413.322704
4282,13.205357,396.160714
4283,14.40625,432.1875
4284,14.445791,433.373724
4285,16.389668,491.690051
4286,15.803571,474.107143
4287,14.439413,433.182398
4288,13.771684,413.15051
4289,14.449617,433.48852
4290,13.862883,415.88648
4291,15.763393,472.901786
4292,16.360332,490.809949
4293,14.663265,439.897959
4294,14.540179,436.205357
4295,15.15051,454.515306
4296,14.560587,436.817602
4297,13.616709,408.501276
4298,16.252551,487.576531
4299,14.8125,444.375
4300,15.514668,465.440051
4301,15.014031,450.420918
4302,16.95727,508.718112
4303,15.219388,456.581633
4304,15.95727,478.718112
4305,15.18176,455.452806
4306,14.721301,441.639031
4307,13.671556,410.146684
4308,13.71301,411.390306
4309,13.336735,400.102041
4310,15.303571,459.107143
4311,15.861607,475.848214
4312,15.767857,473.035714
4313,14.282526,428.475765
4314,14.086097,422.582908
4315,15.133291,453.998724
4316,14.046556,421.396684
4317,13.808036,414.241071
4318,14.890944,446.728316
4319,14.811862,444.355867
4320,14.269133,428.07398
4321,14.865434,445.96301
4322,13.25574,397.672194
4323,16.161352,484.840561
4324,14.26148,427.844388
4325,14.038903,421.167092
4326,15.102679,453.080357
4327,15.91199,477.359694
4328,13.646684,409.40051
4329,15.270408,458.112245
4330,14.170281,425.108418
4331,14.506378,435.191327
4332,14.134566,424.03699
4333,15.490434,464.71301
4334,15.545281,466.358418
4335,14.926658,447.799745
4336,15.000638,450.019133
4337,13.00574,390.172194
4338,13.623087,408.692602
4339,15.088648,452.659439
4340,15.017219,450.516582
4341,15.163903,454.917092
4342,14.9375,448.125
4343,15.251276,457.538265
4344,14.931122,447.933673
4345,14.233418,427.002551
4346,14.503189,435.095663
4347,14.598852,437.965561
4348,13.697704,410.931122
4349,14.391582,431.747449
4350,15.177296,455.318878
4351,13.867347,416.020408
4352,14.635842,439.075255
4353,14.21301,426.390306
4354,13.730867,411.92602
4355,14.445791,433.373724
4356,15.318878,459.566327
4357,14.007015,420.210459
4358,14.001913,420.057398
4359,12.558673,376.760204
4360,14.492347,434.770408
4361,15.934311,478.029337
4362,14.668367,440.05102
4363,15.72449,471.734694
4364,15.438776,463.163265
4365,13.214923,396.447704
4366,13.790179,413.705357
4367,15.065689,451.970663
4368,16.948342,508.450255
4369,15.132653,453.979592
4370,14.160714,424.821429
4371,16.246173,487.385204
4372,13.313138,399.394133
4373,13.947704,418.431122
4374,14.266582,427.997449
4375,15.74426,472.327806
4376,14.691964,440.758929
4377,14.820153,444.604592
4378,15.248087,457.442602
4379,14.459821,433.794643
4380,13.209184,396.27551
4381,13.241071,397.232143
4382,14.568878,437.066327
4383,15.659439,469.783163
4384,14.489158,434.674745
4385,14.253189,427.595663
4386,13.796556,413.896684
4387,15.729592,471.887755
4388,16.040179,481.205357
4389,14.485332,434.559949
4390,14.899235,446.977041
4391,13.862883,415.88648
4392,15.672832,470.184949
4393,14.004464,420.133929
4394,14.941964,448.258929
4395,15.029974,450.899235
4396,14.822066,444.66199
4397,13.128189,393.845663
4398,13.985332,419.559949
4399,13.10523,393.156888
4400,14.907526,447.225765
4401,14.747449,442.423469
4402,15.071429,452.142857
4403,15.23023,456.906888
4404,13.970663,419.119898
4405,13.313776,399.413265
4406,15.860332,475.809949
4407,14.299745,428.992347
4408,14.195791,425.873724
4409,14.893495,446.804847
4410,14.588648,437.659439
4411,14.092474,422.774235
4412,14.094388,422.831633
4413,14.461097,433.832908
4414,14.200255,426.007653
4415,14.195791,425.873724
4416,14.492985,434.789541
4417,14.462372,433.871173
4418,16.279974,488.399235
4419,14.147321,424.419643
4420,14.998724,449.961735
4421,15.053571,451.607143
4422,14.222577,426.677296
4423,16.11352,483.405612
4424,14.995536,449.866071
4425,15.853316,475.59949
4426,14.606505,438.195153
4427,14.698342,440.950255
4428,15.726403,471.792092
4429,15.571429,467.142857
4430,13.487245,404.617347
4431,12.989158,389.674745
4432,14.704719,441.141582
4433,13.517219,405.516582
4434,15.771046,473.131378
4435,14.590561,437.716837
4436,15.242347,457.270408
4437,14.51977,435.593112
4438,14.899235,446.977041
4439,15.987245,479.617347
4440,14.325255,429.757653
4441,16.520408,495.612245
4442,14.876913,446.307398
4443,13.45727,403.718112
4444,14.580995,437.429847
4445,16.53125,495.9375
4446,14.35523,430.656888
4447,13.760842,412.825255
4448,14.358418,430.752551
4449,16.049745,481.492347
4450,14.720663,441.619898
4451,14.257653,427.729592
4452,14.807398,444.221939
4453,15.45727,463.718112
4454,16.728954,501.868622
4455,14.362883,430.88648
4456,15.001276,450.038265
4457,14.208546,426.256378
4458,15.407526,462.225765
4459,16.245536,487.366071
4460,15.790179,473.705357
4461,14.838648,445.159439
4462,14.485969,434.579082
4463,14.091199,422.735969
4464,13.371173,401.135204
4465,14.601403,438.042092
4466,15.477041,464.311224
4467,14.396046,431.881378
4468,15.697704,470.931122
4469,14.587372,437.621173
4470,14.05676,421.702806
4471,15.103316,453.09949
4472,14.443878,433.316327
4473,14.674107,440.223214
4474,16.904974,507.149235
4475,14.387755,431.632653
4476,14.461735,433.852041
4477,16.258929,487.767857
4478,13.323342,399.700255
4479,13.54273,406.281888
4480,14.462372,433.871173
4481,14.737883,442.13648
4482,14.161352,424.840561
4483,14.836735,445.102041
4484,14.303571,429.107143
4485,14.945791,448.373724
4486,14.028699,420.860969
4487,14.294005,428.820153
4488,14.404337,432.130102
4489,13.538903,406.167092
4490,16.286352,488.590561
4491,14.05102,421.530612
4492,14.92602,447.780612
4493,13.925383,417.76148
4494,14.184311,425.529337
4495,13.841837,415.255102
4496,14.709821,441.294643
4497,14.688138,440.644133
4498,14.669643,440.089286
4499,13.741071,412.232143
4500,15.397321,461.919643
4501,14.830995,444.929847
4502,14.571429,437.142857
4503,14.112245,423.367347
4504,15.245536,457.366071
4505,14.284439,428.533163
4506,13.772321,413.169643
4507,12.986607,389.598214
4508,14.371811,431.154337
4509,13.823342,414.700255
4510,15.044643,451.339286
4511,14.567602,437.028061
4512,14.643495,439.304847
4513,13.061862,391.855867
4514,15.120536,453.616071
4515,15.514031,465.420918
4516,15.551658,466.549745
4517,16.216837,486.505102
4518,14.207908,426.237245
4519,13.315689,399.470663
4520,15.508929,465.267857
4521,15.617347,468.520408
4522,13.329719,399.891582
4523,15.497449,464.923469
4524,15.427934,462.83801
4525,13.746173,412.385204
4526,14.478316,434.34949
4527,14.081633,422.44898
4528,16.178571,485.357143
4529,14.189413,425.682398
4530,14.662628,439.878827
4531,13.924107,417.723214
4532,14.371173,431.135204
4533,13.751276,412.538265
4534,14.79273,443.781888
4535,14.827168,444.815051
4536,14.941327,448.239796
4537,14.783163,443.494898
4538,14.628827,438.864796
4539,13.83227,414.968112
4540,14.318878,429.566327
4541,13.184311,395.529337
4542,15.658163,469.744898
4543,13.565689,406.970663
4544,15.179847,455.395408
4545,15.70727,471.218112
4546,15.583546,467.506378
4547,13.452806,403.584184
4548,14.735969,442.079082
4549,16.058036,481.741071
4550,14.4375,433.125
4551,13.999362,419.980867
4552,14.397321,431.919643
4553,14.171556,425.146684
4554,14.273597,428.207908
4555,14.759566,442.78699
4556,16.061862,481.855867
4557,15.446429,463.392857
4558,14.304847,429.145408
4559,13.639031,409.170918
4560,15.70727,471.218112
4561,15.033163,450.994898
4562,14.33227,429.968112
4563,14.035077,421.052296
4564,14.639031,439.170918
4565,15.352679,460.580357
4566,13.737883,412.13648
4567,16.612245,498.367347
4568,15.246173,457.385204
4569,15.646046,469.381378
4570,14.239158,427.174745
4571,15.424107,462.723214
4572,14.656888,439.706633
4573,14.035714,421.071429
4574,15.554847,466.645408
4575,14.408163,432.244898
4576,13.338648,400.159439
4577,14.507653,435.229592
4578,13.772321,413.169643
4579,15.23852,457.155612
4580,13.300383,399.01148
4581,14.44898,433.469388
4582,14.149872,424.496173
4583,15.927934,477.83801
4584,15.193878,455.816327
4585,14.033163,420.994898
4586,14.935587,448.067602
4587,15.734056,472.021684
4588,13.877551,416.326531
4589,15.478954,464.368622
4590,15.125638,453.769133
4591,13.122449,393.673469
4592,15.09949,452.984694
4593,13.262755,397.882653
4594,15.782526,473.475765
4595,15.325893,459.776786
4596,15.408163,462.244898
4597,14.221301,426.639031
4598,15.697066,470.91199
4599,14.362245,430.867347
4600,16.208546,486.256378
4601,14.876913,446.307398
4602,14.215561,426.466837
4603,14.755102,442.653061
4604,15.098852,452.965561
4605,13.48023,404.406888
4606,15.368622,461.058673
4607,14.423469,432.704082
4608,14.850128,445.503827
4609,14.378827,431.364796
4610,13.484694,404.540816
4611,16.426658,492.799745
4612,14.984694,449.540816
4613,15.197704,455.931122
4614,14.725128,441.753827
4615,13.772321,413.169643
4616,15.495536,464.866071
4617,14.878827,446.364796
4618,13.727679,411.830357
4619,16.73852,502.155612
4620,14.371811,431.154337
4621,13.950893,418.526786
4622,13.004464,390.133929
4623,13.739158,412.174745
4624,14.190689,425.720663
4625,15.547832,466.434949
4626,14.748724,442.461735
4627,12.625,378.75
4628,14.773597,443.207908
4629,13.59375,407.8125
4630,15.133929,454.017857
4631,15.384566,461.53699
4632,14.513393,435.401786
4633,14.746811,442.404337
4634,13.870536,416.116071
4635,13.553571,406.607143
4636,14.501913,435.057398
4637,15.169005,455.070153
4638,13.309311,399.279337
4639,14.749362,442.480867
4640,15.259566,457.78699
4641,14.01148,420.344388
4642,14.46875,434.0625
4643,12.770408,383.112245
4644,14.50574,435.172194
4645,14.418367,432.55102
4646,15.811224,474.336735
4647,14.918367,447.55102
4648,15.642857,469.285714
4649,14.424745,432.742347
4650,12.93176,387.952806
4651,14.804847,444.145408
4652,12.716837,381.505102
4653,16.112245,483.367347
4654,14.795918,443.877551
4655,14.887117,446.61352
4656,15.21875,456.5625
4657,13.678571,410.357143
4658,15.746811,472.404337
4659,16.277423,488.322704
4660,15.200893,456.026786
4661,14.874362,446.230867
4662,14.267857,428.035714
4663,15.561862,466.855867
4664,13.822066,414.66199
4665,13.475765,404.272959
4666,15.438138,463.144133
4667,14.02551,420.765306
4668,14.683036,440.491071
4669,15.435587,463.067602
4670,14.829719,444.891582
4671,14.924745,447.742347
4672,14.501913,435.057398
4673,15.174107,455.223214
4674,14.092474,422.774235
4675,13.73852,412.155612
4676,14.264031,427.920918
4677,14.561862,436.855867
4678,14.658163,439.744898
4679,14.984694,449.540816
4680,14.568878,437.066327
4681,14.926658,447.799745
4682,15.260842,457.825255
4683,14.787628,443.628827
4684,14.67602,440.280612
4685,14.864796,445.943878
4686,14.919643,447.589286
4687,15.890944,476.728316
4688,15.269133,458.07398
4689,15.029974,450.899235
4690,15.095663,452.869898
4691,13.528061,405.841837
4692,14.450255,433.507653
4693,14.984694,449.540816
4694,14.921556,447.646684
4695,14.084821,422.544643
4696,13.788903,413.667092
4697,14.700255,441.007653
4698,14.296556,428.896684
4699,14.64477,439.343112
4700,14.594388,437.831633
4701,14.043367,421.30102
4702,15.345026,460.350765
4703,15.071429,452.142857
4704,13.302296,399.068878
4705,15.334821,460.044643
4706,14.587372,437.621173
4707,15.131378,453.941327
4708,12.892857,386.785714
4709,13.477041,404.311224
4710,14.40051,432.015306
4711,14.677296,440.318878
4712,15.272959,458.188776
4713,14.644133,439.32398
4714,14.903699,447.110969
4715,15.533163,465.994898
4716,14.891582,446.747449
4717,13.867985,416.039541
4718,14.022959,420.688776
4719,13.44898,403.469388
4720,15.587372,467.621173
4721,15.774872,473.246173
4722,15.665179,469.955357
4723,14.110332,423.309949
4724,13.134566,394.03699
4725,15.191327,455.739796
4726,15.024872,450.746173
4727,13.959821,418.794643
4728,17.018495,510.554847
4729,15.887117,476.61352
4730,14.225128,426.753827
4731,13.15051,394.515306
4732,13.672832,410.184949
4733,14.75574,442.672194
4734,13.950893,418.526786
4735,14.578444,437.353316
4736,15.313776,459.413265
4737,15.809311,474.279337
4738,14.915816,447.47449
4739,15.304209,459.126276
4740,13.330995,399.929847
4741,14.180485,425.414541
4742,14.545281,436.358418
4743,14.260204,427.806122
4744,15.666454,469.993622
4745,14.768495,443.054847
4746,15.568878,467.066327
4747,14.979592,449.387755
4748,14.653699,439.610969
4749,13.989158,419.674745
4750,14.345663,430.369898
4751,13.972577,419.177296
4752,14.351403,430.542092
4753,14.920281,447.608418
4754,13.930485,417.914541
4755,14.967474,449.024235
4756,15.0625,451.875
4757,16.590561,497.716837
4758,15.944515,478.335459
4759,15.402423,462.072704
4760,13.880102,416.403061
4761,13.685587,410.567602
4762,13.994898,419.846939
4763,13.972577,419.177296
4764,13.858418,415.752551
4765,15.979592,479.387755
4766,14.120536,423.616071
4767,14.359056,430.771684
4768,14.360969,430.829082
4769,14.170281,425.108418
4770,13.597577,407.927296
4771,14.71301,441.390306
4772,15.059949,451.798469
4773,14.924745,447.742347
4774,14.178571,425.357143
4775,15.282526,458.475765
4776,15.129464,453.883929
4777,13.785077,413.552296
4778,17.088648,512.659439
4779,14.764668,442.940051
4780,13.447704,403.431122
4781,14.591837,437.755102
4782,14.692602,440.778061
4783,14.420281,432.608418
4784,15.221939,456.658163
4785,13.785714,413.571429
4786,13.501913,405.057398
4787,13.883929,416.517857
4788,12.995536,389.866071
4789,13.447066,403.41199
4790,13.41773,402.531888
4791,14.263393,427.901786
4792,15.176658,455.299745
4793,14.65625,439.6875
4794,15.67602,470.280612
4795,14.728954,441.868622
4796,15.86352,475.905612
4797,14.732143,441.964286
4798,12.885204,386.556122
4799,16.179847,485.395408
4800,14.829719,444.891582
4801,14.108418,423.252551
4802,14.858418,445.752551
4803,14.93176,447.952806
4804,13.694515,410.835459
4805,14.063138,421.894133
4806,15.216199,456.485969
4807,15.05676,451.702806
4808,14.714923,441.447704
4809,13.487245,404.617347
4810,13.125638,393.769133
4811,14.441327,433.239796
4812,14.530612,435.918367
4813,15.997449,479.923469
4814,14.321429,429.642857
4815,14.073342,422.200255
4816,14.846301,445.389031
4817,15.737883,472.13648
4818,15.008291,450.248724
4819,15.89477,476.843112
4820,15.319515,459.585459
4821,14.75574,442.672194
4822,15.012755,450.382653
4823,14.107143,423.214286
4824,15.186862,455.605867
4825,15.758929,472.767857
4826,15.228316,456.84949
4827,13.860969,415.829082
4828,14.939413,448.182398
4829,14.444515,433.335459
4830,15.376913,461.307398
4831,14.390306,431.709184
4832,14.905612,447.168367
4833,13.998724,419.961735
4834,14.125638,423.769133
4835,14.780612,443.418367
4836,14.459821,433.794643
4837,16.405612,492.168367
4838,14.179209,425.376276
4839,14.327806,429.834184
4840,14.239158,427.174745
4841,14.819515,444.585459
4842,14.825893,444.776786
4843,14.433673,433.010204
4844,15.701531,471.045918
4845,13.860332,415.809949
4846,14.968112,449.043367
4847,15.309311,459.279337
4848,15.732781,471.983418
4849,14.383929,431.517857
4850,14.602041,438.061224
4851,14.853954,445.618622
4852,14.593112,437.793367
4853,15.825255,474.757653
4854,14.957908,448.737245
4855,14.596939,437.908163
4856,13.779337,413.380102
4857,15.300383,459.01148
4858,12.875,386.25
4859,15.286352,458.590561
4860,14.297832,428.934949
4861,13.095663,392.869898
4862,15.448342,463.450255
4863,14.853316,445.59949
4864,15.466199,463.985969
4865,14.773597,443.207908
4866,15.765306,472.959184
4867,15.265306,457.959184
4868,16.225765,486.772959
4869,13.423469,402.704082
4870,15.321429,459.642857
4871,15.398597,461.957908
4872,14.278699,428.360969
4873,13.710459,411.313776
4874,15.23023,456.906888
4875,13.697066,410.91199
4876,14.497449,434.923469
4877,15.419643,462.589286
4878,14.357781,430.733418
4879,14.05676,421.702806
4880,13.623724,408.711735
4881,13.898597,416.957908
4882,16.483418,494.502551
4883,13.965561,418.966837
4884,13.856505,415.695153
4885,14.21875,426.5625
4886,13.997449,419.923469
4887,15.890944,476.728316
4888,14.542092,436.262755
4889,15.161352,454.840561
4890,15.357781,460.733418
4891,14.530612,435.918367
4892,15.497449,464.923469
4893,14.391582,431.747449
4894,15.552296,466.568878
4895,14.902423,447.072704
4896,14.954082,448.622449
4897,14.616709,438.501276
4898,13.926658,417.799745
4899,15.080995,452.429847
4900,14.633929,439.017857
4901,13.933673,418.010204
4902,15.482781,464.483418
4903,13.992347,419.770408
4904,12.470026,374.100765
4905,13.955995,418.679847
4906,14.137117,424.11352
4907,14.783801,443.514031
4908,14.804209,444.126276
4909,13.609056,408.271684
4910,13.884566,416.53699
4911,14.091837,422.755102
4912,14.901148,447.034439
4913,15.920918,477.627551
4914,14.633929,439.017857
4915,15.622449,468.673469
4916,14.581633,437.44898
4917,13.003189,390.095663
4918,16.003189,480.095663
4919,15.193878,455.816327
4920,15.385842,461.575255
4921,16.996173,509.885204
4922,13.088648,392.659439
4923,16.321429,489.642857
4924,13.602679,408.080357
4925,16.091199,482.735969
4926,14.074617,422.23852
4927,13.504464,405.133929
4928,13.734056,412.021684
4929,13.74426,412.327806
4930,15.520408,465.612245
4931,13.793367,413.80102
4932,15.376276,461.288265
4933,14.721939,441.658163
4934,13.18176,395.452806
4935,15.377551,461.326531
4936,15.11352,453.405612
4937,14.348852,430.465561
4938,14.904337,447.130102
4939,14.235969,427.079082
4940,14.706633,441.19898
4941,14.23023,426.906888
4942,13.804209,414.126276
4943,14.365434,430.96301
4944,14.614796,438.443878
4945,14.919643,447.589286
4946,14.653061,439.591837
4947,13.001913,390.057398
4948,14.008929,420.267857
4949,15.841837,475.255102
4950,14.774872,443.246173
4951,15.038265,451.147959
4952,13.21301,396.390306
4953,14.535714,436.071429
4954,15.764668,472.940051
4955,12.964923,388.947704
4956,15.119898,453.596939
4957,15.31824,459.547194
4958,14.433673,433.010204
4959,13.305485,399.164541
4960,13.934949,418.048469
4961,14.542092,436.262755
4962,12.674745,380.242347
4963,12.882653,386.479592
4964,16.640306,499.209184
4965,15.475128,464.253827
4966,15.573342,467.200255
4967,16.440689,493.220663
4968,14.33801,430.140306
4969,14.785077,443.552296
4970,14.499362,434.980867
4971,14.105867,423.17602
4972,15.027423,450.822704
4973,14.801658,444.049745
4974,14.160077,424.802296
4975,14.697066,440.91199
4976,14.310587,429.317602
4977,14.723214,441.696429
4978,14.052296,421.568878
4979,15.241709,457.251276
4980,14.682398,440.471939
4981,13.641582,409.247449
4982,14.629464,438.883929
4983,14.713648,441.409439
4984,14.515944,435.478316
4985,14.026786,420.803571
4986,14.376913,431.307398
4987,14.86352,445.905612
4988,13.472577,404.177296
4989,14.696429,440.892857
4990,13.918367,417.55102
4991,15.438776,463.163265
4992,13.934949,418.048469
4993,14.913265,447.397959
4994,14.933036,447.991071
4995,13.427296,402.818878
4996,15.033163,450.994898
4997,13.851403,415.542092
4998,15.442602,463.278061
4999,15.07398,452.219388
5000,16.132015,483.960459
5001,13.385842,401.575255
5002,14.366709,431.001276
5003,15.074617,452.23852
5004,15.204719,456.141582
5005,14.260204,427.806122
5006,14.116071,423.482143
5007,15.371173,461.135204
5008,14.840561,445.216837
5009,16.764668,502.940051
5010,16.118622,483.558673
5011,15.046556,451.396684
5012,15.940051,478.201531
5013,16.531888,495.956633
5014,14.711735,441.352041
5015,15.253827,457.614796
5016,15.512117,465.36352
5017,15.23023,456.906888
5018,14.645408,439.362245
5019,14.547194,436.415816
5020,14.072704,422.181122
5021,13.717474,411.524235
5022,13.413265,402.397959
5023,15.370536,461.116071
5024,15.105867,453.17602
5025,15.961735,478.852041
5026,14.290816,428.72449
5027,15.188776,455.663265
5028,14.357143,430.714286
5029,15.989158,479.674745
5030,15.765944,472.978316
5031,14.279337,428.380102
5032,14.591837,437.755102
5033,15.532526,465.975765
5034,15.370536,461.116071
5035,14.330357,429.910714
5036,14.154337,424.630102
5037,13.372449,401.173469
5038,15.077168,452.315051
5039,14.663265,439.897959
5040,14.805485,444.164541
5041,15.919643,477.589286
5042,14.17602,425.280612
5043,14.839286,445.178571
5044,15.569515,467.085459
5045,14.52551,435.765306
5046,15.163903,454.917092
5047,13.603316,408.09949
5048,14.244898,427.346939
5049,14.346301,430.389031
5050,14.440051,433.201531
5051,16.405612,492.168367
5052,14.101403,423.042092
5053,14.841837,445.255102
5054,13.731505,411.945153
5055,14.436862,433.105867
5056,13.223214,396.696429
5057,14.943878,448.316327
5058,14.366709,431.001276
5059,13.519133,405.57398
5060,15.887117,476.61352
5061,14.06824,422.047194
5062,15.616709,468.501276
5063,12.981505,389.445153
5064,13.71875,411.5625
5065,13.787628,413.628827
5066,14.805485,444.164541
5067,14.28125,428.4375
5068,13.13074,393.922194
5069,13.972577,419.177296
5070,13.600128,408.003827
5071,14.068878,422.066327
5072,15.140944,454.228316
5073,14.899872,446.996173
5074,13.840561,415.216837
5075,13.853954,415.618622
5076,14.915179,447.455357
5077,14.202168,426.065051
5078,13.680485,410.414541
5079,13.739796,412.193878
5080,13.97449,419.234694
5081,13.811862,414.355867
5082,14.96301,448.890306
5083,15.191327,455.739796
5084,14.94324,448.297194
5085,15.617347,468.520408
5086,14.827806,444.834184
5087,13.304847,399.145408
5088,13.791454,413.743622
5089,14.933673,448.010204
5090,15.125,453.75
5091,14.408163,432.244898
5092,14.341199,430.235969
5093,14.783801,443.514031
5094,13.503827,405.114796
5095,16.411352,492.340561
5096,14.199617,425.98852
5097,14.85523,445.656888
5098,16.614158,498.424745
5099,14.287628,428.628827
5100,14.697704,440.931122
5101,13.986607,419.598214
5102,14.558673,436.760204
5103,15.927934,477.83801
5104,14.783163,443.494898
5105,16.377551,491.326531
5106,15.177934,455.33801
5107,13.401148,402.034439
5108,13.734694,412.040816
5109,14.919005,447.570153
5110,13.51148,405.344388
5111,14.431122,432.933673
5112,15.5,465.0
5113,14.999362,449.980867
5114,14.195153,425.854592
5115,13.705357,411.160714
5116,15.985969,479.579082
5117,14.684949,440.548469
5118,14.189413,425.682398
5119,15.735969,472.079082
5120,16.961735,508.852041
5121,14.787628,443.628827
5122,14.301658,429.049745
5123,15.054847,451.645408
5124,12.668367,380.05102
5125,14.680485,440.414541
5126,14.269133,428.07398
5127,13.797194,413.915816
5128,13.010204,390.306122
5129,13.867347,416.020408
5130,15.528061,465.841837
5131,15.444515,463.335459
5132,13.80676,414.202806
5133,14.83801,445.140306
5134,15.971301,479.139031
5135,13.710459,411.313776
5136,14.401786,432.053571
5137,14.09949,422.984694
5138,13.919005,417.570153
5139,14.914541,447.436224
5140,14.808673,444.260204
5141,14.367985,431.039541
5142,14.466837,434.005102
5143,15.133929,454.017857
5144,14.154974,424.649235
5145,15.473214,464.196429
5146,15.047194,451.415816
5147,14.78125,443.4375
5148,14.322704,429.681122
5149,13.626913,408.807398
5150,16.375638,491.269133
5151,14.02551,420.765306
5152,15.081633,452.44898
5153,13.337372,400.121173
5154,17.320791,519.623724
5155,14.528061,435.841837
5156,15.001276,450.038265
5157,13.966199,418.985969
5158,16.325255,489.757653
5159,13.69898,410.969388
5160,16.61926,498.577806
5161,13.98023,419.406888
5162,14.950893,448.526786
5163,13.702168,411.065051
5164,15.006378,450.191327
5165,14.125,423.75
5166,15.03699,451.109694
5167,13.947704,418.431122
5168,15.267219,458.016582
5169,14.565689,436.970663
5170,14.610969,438.329082
5171,13.965561,418.966837
5172,16.617985,498.539541
5173,14.61926,438.577806
5174,13.586097,407.582908
5175,14.200255,426.007653
5176,15.832908,474.987245
5177,15.18176,455.452806
5178,12.960459,388.813776
5179,13.512117,405.36352
5180,14.294005,428.820153
5181,13.661352,409.840561
5182,14.752551,442.576531
5183,15.001913,450.057398
5184,14.249362,427.480867
5185,14.595663,437.869898
5186,15.586735,467.602041
5187,14.526148,435.784439
5188,14.462372,433.871173
5189,14.961097,448.832908
5190,14.806122,444.183673
5191,14.703444,441.103316
5192,14.48023,434.406888
5193,15.622449,468.673469
5194,15.371173,461.135204
5195,15.598214,467.946429
5196,13.829719,414.891582
5197,13.503189,405.095663
5198,14.612883,438.38648
5199,16.729592,501.887755
5200,14.893495,446.804847
5201,15.086735,452.602041
5202,14.19898,425.969388
5203,14.220026,426.600765
5204,13.496173,404.885204
5205,15.207908,456.237245
5206,14.475765,434.272959
5207,16.059311,481.779337
5208,15.308036,459.241071
5209,14.496811,434.904337
5210,14.012117,420.36352
5211,15.600765,468.022959
5212,14.848214,445.446429
5213,14.746173,442.385204
5214,14.449617,433.48852
5215,14.600128,438.003827
5216,14.540816,436.22449
5217,15.670918,470.127551
5218,14.07398,422.219388
5219,14.458546,433.756378
5220,14.189413,425.682398
5221,14.205995,426.179847
5222,14.669643,440.089286
5223,13.827806,414.834184
5224,14.26148,427.844388
5225,15.520408,465.612245
5226,15.265944,457.978316
5227,15.257015,457.710459
5228,14.515306,435.459184
5229,14.57398,437.219388
5230,14.827168,444.815051
5231,14.252551,427.576531
5232,13.433673,403.010204
5233,15.38648,461.594388
5234,14.286352,428.590561
5235,13.162628,394.878827
5236,13.753189,412.595663
5237,13.764031,412.920918
5238,14.692602,440.778061
5239,16.539541,496.186224
5240,13.996173,419.885204
5241,15.288265,458.647959
5242,14.445153,433.354592
5243,15.938138,478.144133
5244,14.86926,446.077806
5245,15.427934,462.83801
5246,14.954719,448.641582
5247,15.347577,460.427296
5248,15.044643,451.339286
5249,14.225765,426.772959
5250,13.92602,417.780612
5251,13.753189,412.595663
5252,15.951531,478.545918
5253,13.720026,411.600765
5254,15.204719,456.141582
5255,15.487245,464.617347
5256,14.894133,446.82398
5257,14.600765,438.022959
5258,13.755102,412.653061
5259,14.799745,443.992347
5260,14.930485,447.914541
5261,13.616709,408.501276
5262,15.514668,465.440051
5263,13.413265,402.397959
5264,14.623087,438.692602
5265,14.552296,436.568878
5266,13.528699,405.860969
5267,15.949617,478.48852
5268,15.46301,463.890306
5269,15.558673,466.760204
5270,14.046556,421.396684
5271,15.303571,459.107143
5272,14.479592,434.387755
5273,14.959184,448.77551
5274,15.873724,476.211735
5275,13.804209,414.126276
5276,16.040179,481.205357
5277,14.016582,420.497449
5278,14.56824,437.047194
5279,15.380102,461.403061
5280,14.422194,432.665816
5281,14.174107,425.223214
5282,13.516582,405.497449
5283,15.16773,455.031888
5284,14.95727,448.718112
5285,13.827168,414.815051
5286,14.308036,429.241071
5287,15.263393,457.901786
5288,15.335459,460.063776
5289,13.672832,410.184949
5290,13.133291,393.998724
5291,14.489158,434.674745
5292,14.600128,438.003827
5293,15.332908,459.987245
5294,17.16773,515.031888
5295,16.901148,507.034439
5296,15.847577,475.427296
5297,14.561224,436.836735
5298,14.106505,423.195153
5299,14.899235,446.977041
5300,15.826531,474.795918
5301,15.866709,476.001276
5302,13.834821,415.044643
5303,13.600765,408.022959
5304,14.31824,429.547194
5305,13.246811,397.404337
5306,13.800383,414.01148
5307,15.260204,457.806122
5308,15.308036,459.241071
5309,15.472577,464.177296
5310,15.794005,473.820153
5311,14.429847,432.895408
5312,12.688776,380.663265
5313,13.336097,400.082908
5314,14.811224,444.336735
5315,13.960459,418.813776
5316,14.258291,427.748724
5317,15.021684,450.65051
5318,14.788903,443.667092
5319,14.648597,439.457908
5320,14.066327,421.989796
5321,14.648597,439.457908
5322,13.72449,411.734694
5323,15.117347,453.520408
5324,13.746811,412.404337
5325,15.143495,454.304847
5326,13.727679,411.830357
5327,16.280612,488.418367
5328,13.874362,416.230867
5329,15.538265,466.147959
5330,14.158801,424.764031
5331,13.81824,414.547194
5332,13.778699,413.360969
5333,14.861607,445.848214
5334,13.290816,398.72449
5335,14.904974,447.149235
5336,16.923469,507.704082
5337,14.284439,428.533163
5338,14.972577,449.177296
5339,15.77551,473.265306
5340,14.919643,447.589286
5341,14.915816,447.47449
5342,16.232781,486.983418
5343,15.137117,454.11352
5344,14.910077,447.302296
5345,14.460459,433.813776
5346,13.975765,419.272959
5347,14.313138,429.394133
5348,15.5,465.0
5349,14.856505,445.695153
5350,14.875638,446.269133
5351,13.808673,414.260204
5352,13.776148,413.284439
5353,14.501276,435.038265
5354,14.821429,444.642857
5355,14.449617,433.48852
5356,14.195791,425.873724
5357,16.735332,502.059949
5358,14.334821,430.044643
5359,14.791454,443.743622
5360,13.720026,411.600765
5361,14.295918,428.877551
5362,14.801658,444.049745
5363,15.56824,467.047194
5364,14.699617,440.98852
5365,14.833546,445.006378
5366,15.206633,456.19898
5367,14.154337,424.630102
5368,14.172832,425.184949
5369,14.24426,427.327806
5370,14.991709,449.751276
5371,13.345663,400.369898
5372,13.212372,396.371173
5373,13.940051,418.201531
5374,15.234694,457.040816
5375,14.148597,424.457908
5376,13.711097,411.332908
5377,16.140306,484.209184
5378,15.46301,463.890306
5379,15.751276,472.538265
5380,14.132653,423.979592
5381,14.353316,430.59949
5382,14.107781,423.233418
5383,14.265944,427.978316
5384,14.007015,420.210459
5385,14.862245,445.867347
5386,14.165816,424.97449
5387,16.166454,484.993622
5388,14.79273,443.781888
5389,12.669005,380.070153
5390,14.86352,445.905612
5391,16.183673,485.510204
5392,14.830995,444.929847
5393,14.538265,436.147959
5394,14.748087,442.442602
5395,14.083546,422.506378
5396,15.401148,462.034439
5397,14.788903,443.667092
5398,15.295281,458.858418
5399,15.496173,464.885204
5400,14.570153,437.104592
5401,13.867347,416.020408
5402,13.841199,415.235969
5403,14.158801,424.764031
5404,13.856505,415.695153
5405,14.862883,445.88648
5406,15.609694,468.290816
5407,14.265306,427.959184
5408,17.162628,514.878827
5409,14.151786,424.553571
5410,14.816327,444.489796
5411,14.145408,424.362245
5412,13.987883,419.63648
5413,14.072066,422.16199
5414,14.371811,431.154337
5415,15.242985,457.289541
5416,14.178571,425.357143
5417,13.607781,408.233418
5418,14.247449,427.423469
5419,15.754464,472.633929
5420,13.376913,401.307398
5421,14.035077,421.052296
5422,13.98023,419.406888
5423,14.700893,441.026786
5424,14.026786,420.803571
5425,15.077806,452.334184
5426,14.506378,435.191327
5427,14.384566,431.53699
5428,15.277423,458.322704
5429,14.847577,445.427296
5430,13.80676,414.202806
5431,15.357143,460.714286
5432,13.409439,402.283163
5433,14.337372,430.121173
5434,15.063138,451.894133
5435,15.441327,463.239796
5436,14.61352,438.405612
5437,14.205357,426.160714
5438,14.162628,424.878827
5439,14.491071,434.732143
5440,15.781888,473.456633
5441,14.757015,442.710459
5442,14.723214,441.696429
5443,15.71301,471.390306
5444,13.198342,395.950255
5445,16.884566,506.53699
5446,16.091199,482.735969
5447,14.751276,442.538265
5448,15.174107,455.223214
5449,14.08227,422.468112
5450,14.830357,444.910714
5451,15.568878,467.066327
5452,15.297194,458.915816
5453,14.943878,448.316327
5454,14.355867,430.67602
5455,14.34949,430.484694
5456,16.162628,484.878827
5457,15.903061,477.091837
5458,14.446429,433.392857
5459,15.964286,478.928571
5460,14.453444,433.603316
5461,14.076531,422.295918
5462,14.961735,448.852041
5463,14.464286,433.928571
5464,13.968112,419.043367
5465,15.125,453.75
5466,14.242985,427.289541
5467,14.303571,429.107143
5468,14.510842,435.325255
5469,15.358418,460.752551
5470,12.682398,380.471939
5471,13.825255,414.757653
5472,15.041454,451.243622
5473,15.223852,456.715561
5474,13.821429,414.642857
5475,16.126913,483.807398
5476,14.789541,443.686224
5477,15.274235,458.227041
5478,14.55676,436.702806
5479,15.920281,477.608418
5480,13.959821,418.794643
5481,14.304847,429.145408
5482,15.237245,457.117347
5483,15.147959,454.438776
5484,14.545281,436.358418
5485,14.955995,448.679847
5486,15.938138,478.144133
5487,14.409439,432.283163
5488,14.662628,439.878827
5489,15.103316,453.09949
5490,14.087372,422.621173
5491,13.853954,415.618622
5492,15.133291,453.998724
5493,14.432398,432.971939
5494,14.944515,448.335459
5495,15.294005,458.820153
5496,13.514668,405.440051
5497,14.78699,443.609694
5498,13.322066,399.66199
5499,14.508929,435.267857
5500,15.795281,473.858418
5501,14.154974,424.649235
5502,16.500638,495.019133
5503,15.096939,452.908163
5504,13.012755,390.382653
5505,14.151148,424.534439
5506,15.296556,458.896684
5507,15.670918,470.127551
5508,15.204719,456.141582
5509,14.897959,446.938776
5510,15.151786,454.553571
5511,16.300383,489.01148
5512,15.732781,471.983418
5513,12.520408,375.612245
5514,15.152423,454.572704
5515,15.445791,463.373724
5516,15.593112,467.793367
5517,13.823342,414.700255
5518,16.846301,505.389031
5519,13.970663,419.119898
5520,16.25574,487.672194
5521,15.041454,451.243622
5522,14.174107,425.223214
5523,15.454719,463.641582
5524,14.327806,429.834184
5525,14.637755,439.132653
5526,14.684949,440.548469
5527,14.855867,445.67602
5528,13.373087,401.192602
5529,13.279337,398.380102
5530,14.155612,424.668367
5531,16.694515,500.835459
5532,15.178571,455.357143
5533,14.459184,433.77551
5534,13.248724,397.461735
5535,15.260204,457.806122
5536,15.536352,466.090561
5537,15.656888,469.706633
5538,16.232781,486.983418
5539,15.144133,454.32398
5540,14.570153,437.104592
5541,15.299107,458.973214
5542,13.362245,400.867347
5543,13.128827,393.864796
5544,15.294005,458.820153
5545,16.269133,488.07398
5546,14.873087,446.192602
5547,14.310587,429.317602
5548,15.55676,466.702806
5549,14.196429,425.892857
5550,14.555485,436.664541
5551,13.864796,415.943878
5552,14.44324,433.297194
5553,14.543367,436.30102
5554,14.938776,448.163265
5555,13.741071,412.232143
5556,14.302296,429.068878
5557,15.205995,456.179847
5558,15.283163,458.494898
5559,13.802934,414.08801
5560,14.651148,439.534439
5561,13.528061,405.841837
5562,13.251913,397.557398
5563,14.22449,426.734694
5564,15.566964,467.008929
5565,15.446429,463.392857
5566,14.000638,420.019133
5567,15.308673,459.260204
5568,15.411352,462.340561
5569,16.736607,502.098214
5570,14.369898,431.096939
5571,13.446429,403.392857
5572,17.021046,510.631378
5573,16.325893,489.776786
5574,13.867985,416.039541
5575,14.610332,438.309949
5576,13.308036,399.241071
5577,14.262117,427.86352
5578,16.484694,494.540816
5579,12.922832,387.684949
5580,14.321429,429.642857
5581,14.228954,426.868622
5582,15.522321,465.669643
5583,15.479592,464.387755
5584,14.908801,447.264031
5585,14.973214,449.196429
5586,14.595026,437.850765
5587,14.955357,448.660714
5588,15.086735,452.602041
5589,15.173469,455.204082
5590,15.235969,457.079082
5591,14.684311,440.529337
5592,14.365434,430.96301
5593,14.598214,437.946429
5594,14.091199,422.735969
5595,13.913903,417.417092
5596,14.003189,420.095663
5597,15.649872,469.496173
5598,14.423469,432.704082
5599,13.466837,404.005102
5600,16.489158,494.674745
5601,14.96301,448.890306
5602,15.470026,464.100765
5603,16.08801,482.640306
5604,14.481505,434.445153
5605,14.857143,445.714286
5606,16.133929,484.017857
5607,14.688776,440.663265
5608,14.674745,440.242347
5609,14.930485,447.914541
5610,15.910077,477.302296
5611,13.338648,400.159439
5612,14.709184,441.27551
5613,14.642857,439.285714
5614,14.284439,428.533163
5615,15.748087,472.442602
5616,14.785077,443.552296
5617,14.399235,431.977041
5618,14.756378,442.691327
5619,13.949617,418.48852
5620,13.864158,415.924745
5621,14.132653,423.979592
5622,13.392857,401.785714
5623,13.702168,411.065051
5624,14.075893,422.276786
5625,13.409439,402.283163
5626,13.670281,410.108418
5627,15.063138,451.894133
5628,14.280612,428.418367
5629,14.982143,449.464286
5630,13.975128,419.253827
5631,15.945791,478.373724
5632,14.829082,444.872449
5633,13.815689,414.470663
5634,14.748724,442.461735
5635,14.533801,436.014031
5636,15.237245,457.117347
5637,13.407526,402.225765
5638,15.107143,453.214286
5639,13.322704,399.681122
5640,15.220026,456.600765
5641,15.241071,457.232143
5642,14.690051,440.701531
5643,14.211735,426.352041
5644,14.612883,438.38648
5645,14.121173,423.635204
5646,13.244898,397.346939
5647,15.858418,475.752551
5648,13.501913,405.057398
5649,14.001913,420.057398
5650,14.89477,446.843112
5651,14.841837,445.255102
5652,15.619898,468.596939
5653,15.005102,450.153061
5654,13.142219,394.266582
5655,13.339286,400.178571
5656,13.852041,415.561224
5657,15.517219,465.516582
5658,13.811862,414.355867
5659,14.278699,428.360969
5660,14.570153,437.104592
5661,13.790816,413.72449
5662,13.548469,406.454082
5663,13.447704,403.431122
5664,14.03699,421.109694
5665,14.9375,448.125
5666,13.38648,401.594388
5667,13.966199,418.985969
5668,14.001276,420.038265
5669,15.809949,474.298469
5670,13.695153,410.854592
5671,13.591199,407.735969
5672,14.881378,446.441327
5673,13.003189,390.095663
5674,16.110332,483.309949
5675,14.526148,435.784439
5676,14.975128,449.253827
5677,14.938776,448.163265
5678,14.203444,426.103316
5679,14.649872,439.496173
5680,14.999362,449.980867
5681,14.845026,445.350765
5682,13.716199,411.485969
5683,14.595026,437.850765
5684,14.058673,421.760204
5685,15.014031,450.420918
5686,13.814413,414.432398
5687,15.304847,459.145408
5688,15.163265,454.897959
5689,15.325893,459.776786
5690,15.50574,465.172194
5691,13.860332,415.809949
5692,13.837372,415.121173
5693,13.792092,413.762755
5694,16.384566,491.53699
5695,14.066327,421.989796
5696,16.315051,489.451531
5697,14.816964,444.508929
5698,14.822704,444.681122
5699,14.475765,434.272959
5700,15.119898,453.596939
5701,14.234694,427.040816
5702,13.732143,411.964286
5703,14.220663,426.619898
5704,14.602679,438.080357
5705,15.239796,457.193878
5706,14.117985,423.539541
5707,14.267219,428.016582
5708,14.715561,441.466837
5709,13.226403,396.792092
5710,15.521684,465.65051
5711,13.991071,419.732143
5712,13.633929,409.017857
5713,13.695153,410.854592
5714,14.410714,432.321429
5715,15.243622,457.308673
5716,14.940689,448.220663
5717,14.335459,430.063776
5718,16.128189,483.845663
5719,14.087372,422.621173
5720,13.639031,409.170918
5721,13.958546,418.756378
5722,14.509566,435.28699
5723,15.158801,454.764031
5724,14.169643,425.089286
5725,14.788265,443.647959
5726,15.966199,478.985969
5727,15.061224,451.836735
5728,15.038903,451.167092
5729,12.83227,384.968112
5730,14.782526,443.475765
5731,14.709821,441.294643
5732,15.665816,469.97449
5733,14.300383,429.01148
5734,14.876913,446.307398
5735,15.046556,451.396684
5736,16.335459,490.063776
5737,14.908801,447.264031
5738,14.675383,440.26148
5739,14.940689,448.220663
5740,14.909439,447.283163
5741,15.149235,454.477041
5742,14.568878,437.066327
5743,14.097577,422.927296
5744,12.92602,387.780612
5745,13.919005,417.570153
5746,14.989796,449.693878
5747,14.521046,435.631378
5748,13.728954,411.868622
5749,14.985332,449.559949
5750,15.332908,459.987245
5751,16.680485,500.414541
5752,13.339923,400.197704
5753,13.68176,410.452806
5754,15.932398,477.971939
5755,14.802934,444.08801
5756,13.977041,419.311224
5757,14.644133,439.32398
5758,15.578444,467.353316
5759,14.455995,433.679847
5760,14.678571,440.357143
5761,14.4375,433.125
5762,15.854592,475.637755
5763,15.199617,455.98852
5764,16.753827,502.614796
5765,15.309949,459.298469
5766,14.164541,424.936224
5767,14.492985,434.789541
5768,14.899872,446.996173
5769,16.4375,493.125
5770,14.921556,447.646684
5771,14.422832,432.684949
5772,15.529337,465.880102
5773,14.648597,439.457908
5774,15.018495,450.554847
5775,15.922832,477.684949
5776,15.513393,465.401786
5777,14.610969,438.329082
5778,15.053571,451.607143
5779,15.273597,458.207908
5780,13.462372,403.871173
5781,15.066964,452.008929
5782,14.529337,435.880102
5783,15.098214,452.946429
5784,15.845663,475.369898
5785,14.66773,440.031888
5786,14.290816,428.72449
5787,15.746173,472.385204
5788,15.381378,461.441327
5789,15.001913,450.057398
5790,14.535714,436.071429
5791,14.733418,442.002551
5792,13.845663,415.369898
5793,14.203444,426.103316
5794,15.917092,477.512755
5795,14.889668,446.690051
5796,14.248724,427.461735
5797,14.508929,435.267857
5798,13.341199,400.235969
5799,14.991071,449.732143
5800,14.487883,434.63648
5801,14.353316,430.59949
5802,14.694515,440.835459
5803,13.058036,391.741071
5804,16.120536,483.616071
5805,15.430485,462.914541
5806,14.725765,441.772959
5807,14.09949,422.984694
5808,14.885842,446.575255
5809,14.495536,434.866071
5810,14.976403,449.292092
5811,14.991709,449.751276
5812,14.878189,446.345663
5813,13.304209,399.126276
5814,15.315051,459.451531
5815,14.644133,439.32398
5816,13.594388,407.831633
5817,14.005102,420.153061
5818,14.001913,420.057398
5819,13.234694,397.040816
5820,13.663903,409.917092
5821,13.58801,407.640306
5822,14.246811,427.404337
5823,15.179209,455.376276
5824,13.581633,407.44898
5825,14.208546,426.256378
5826,13.212372,396.371173
5827,14.151148,424.534439
5828,13.235332,397.059949
5829,15.484056,464.521684
5830,14.040816,421.22449
5831,13.527423,405.822704
5832,13.91199,417.359694
5833,13.887117,416.61352
5834,14.267219,428.016582
5835,15.935587,478.067602
5836,16.51977,495.593112
5837,16.030612,480.918367
5838,14.73023,441.906888
5839,14.751276,442.538265
5840,14.954719,448.641582
5841,13.9375,418.125
5842,15.169643,455.089286
5843,14.605867,438.17602
5844,13.374362,401.230867
5845,16.747449,502.423469
5846,14.190051,425.701531
5847,15.833546,475.006378
5848,14.454082,433.622449
5849,13.947066,418.41199
5850,14.948342,448.450255
5851,13.626276,408.788265
5852,15.32398,459.719388
5853,15.248087,457.442602
5854,16.360969,490.829082
5855,13.408163,402.244898
5856,13.461097,403.832908
5857,12.816327,384.489796
5858,15.110969,453.329082
5859,15.375,461.25
5860,14.844388,445.331633
5861,16.369898,491.096939
5862,14.539541,436.186224
5863,15.633929,469.017857
5864,15.372449,461.173469
5865,15.006378,450.191327
5866,13.574617,407.23852
5867,16.616071,498.482143
5868,14.728954,441.868622
5869,15.344388,460.331633
5870,13.86352,415.905612
5871,17.533163,525.994898
5872,14.450255,433.507653
5873,14.547832,436.434949
5874,15.573342,467.200255
5875,13.770408,413.112245
5876,16.239158,487.174745
5877,14.183036,425.491071
5878,16.05676,481.702806
5879,12.64477,379.343112
5880,15.385842,461.575255
5881,15.161352,454.840561
5882,14.085459,422.563776
5883,15.225765,456.772959
5884,14.572066,437.16199
5885,15.829082,474.872449
5886,13.780612,413.418367
5887,15.968112,479.043367
5888,13.75,412.5
5889,13.975765,419.272959
5890,14.593112,437.793367
5891,14.029337,420.880102
5892,14.196429,425.892857
5893,13.164541,394.936224
5894,15.032526,450.975765
5895,13.124362,393.730867
5896,15.067602,452.028061
5897,15.548469,466.454082
5898,14.566327,436.989796
5899,12.480867,374.42602
5900,16.390306,491.709184
5901,14.051658,421.549745
5902,12.850765,385.522959
5903,15.741071,472.232143
5904,13.77551,413.265306
5905,15.348852,460.465561
5906,14.101403,423.042092
5907,14.512117,435.36352
5908,13.356505,400.695153
5909,13.971301,419.139031
5910,15.357781,460.733418
5911,15.446429,463.392857
5912,14.9375,448.125
5913,13.598852,407.965561
5914,14.836097,445.082908
5915,14.944515,448.335459
5916,14.02551,420.765306
5917,14.947704,448.431122
5918,15.996811,479.904337
5919,14.324617,429.73852
5920,13.629464,408.883929
5921,14.666454,439.993622
5922,14.877551,446.326531
5923,16.093112,482.793367
5924,15.015306,450.459184
5925,15.785714,473.571429
5926,13.501276,405.038265
5927,13.857781,415.733418
5928,15.174107,455.223214
5929,15.08227,452.468112
5930,13.825255,414.757653
5931,15.232781,456.983418
5932,15.642857,469.285714
5933,14.402423,432.072704
5934,13.142219,394.266582
5935,13.61926,408.577806
5936,14.575255,437.257653
5937,13.825893,414.776786
5938,14.012117,420.36352
5939,13.815689,414.470663
5940,15.967474,479.024235
5941,13.015306,390.459184
5942,14.759566,442.78699
5943,14.122449,423.673469
5944,15.058673,451.760204
5945,16.552296,496.568878
5946,14.410714,432.321429
5947,15.524872,465.746173
5948,13.460459,403.813776
5949,15.829082,474.872449
5950,15.395408,461.862245
5951,13.854592,415.637755
5952,14.058036,421.741071
5953,13.359056,400.771684
5954,14.742347,442.270408
5955,14.496811,434.904337
5956,14.899872,446.996173
5957,14.128827,423.864796
5958,14.984694,449.540816
5959,12.977041,389.311224
5960,15.200255,456.007653
5961,14.891582,446.747449
5962,14.98852,449.655612
5963,16.487245,494.617347
5964,15.385842,461.575255
5965,14.570791,437.123724
5966,15.652423,469.572704
5967,15.188138,455.644133
5968,14.353954,430.618622
5969,13.934949,418.048469
5970,15.820153,474.604592
5971,13.253189,397.595663
5972,15.643495,469.304847
5973,15.844388,475.331633
5974,14.046556,421.396684
5975,14.13074,423.922194
5976,14.597577,437.927296
5977,15.541454,466.243622
5978,14.70727,441.218112
5979,14.66199,439.859694
5980,14.989796,449.693878
5981,13.195791,395.873724
5982,14.539541,436.186224
5983,13.905612,417.168367
5984,15.85523,475.656888
5985,15.010842,450.325255
5986,13.820153,414.604592
5987,13.985332,419.559949
5988,14.722577,441.677296
5989,14.925383,447.76148
5990,14.104592,423.137755
5991,13.845663,415.369898
5992,14.662628,439.878827
5993,14.040816,421.22449
5994,14.197704,425.931122
5995,13.665179,409.955357
5996,14.576531,437.295918
5997,14.278061,428.341837
5998,14.678571,440.357143
5999,14.107781,423.233418
6000,13.196429,395.892857
6001,13.316964,399.508929
6002,14.753827,442.614796
6003,15.344388,460.331633
6004,15.653699,469.610969
6005,15.373087,461.192602
6006,16.858418,505.752551
6007,16.021046,480.631378
6008,14.595026,437.850765
6009,16.83801,505.140306
6010,14.82398,444.719388
6011,15.576531,467.295918
6012,14.936224,448.086735
6013,14.91199,447.359694
6014,13.862245,415.867347
6015,13.415179,402.455357
6016,14.778061,443.341837
6017,14.899872,446.996173
6018,15.617347,468.520408
6019,14.433036,432.991071
6020,16.089286,482.678571
6021,16.230867,486.92602
6022,14.730867,441.92602
6023,15.185587,455.567602
6024,14.485332,434.559949
6025,13.590561,407.716837
6026,14.342474,430.274235
6027,14.551658,436.549745
6028,14.038903,421.167092
6029,12.788265,383.647959
6030,14.526148,435.784439
6031,14.639031,439.170918
6032,14.654337,439.630102
6033,14.933036,447.991071
6034,15.614158,468.424745
6035,14.044005,421.320153
6036,16.376913,491.307398
6037,14.309949,429.298469
6038,15.171556,455.146684
6039,14.071429,422.142857
6040,15.05676,451.702806
6041,13.621811,408.654337
6042,15.616071,468.482143
6043,15.853954,475.618622
6044,14.998724,449.961735
6045,14.040179,421.205357
6046,13.195153,395.854592
6047,15.703444,471.103316
6048,14.061862,421.855867
6049,14.708546,441.256378
6050,14.19898,425.969388
6051,13.628189,408.845663
6052,14.252551,427.576531
6053,13.771046,413.131378
6054,16.367985,491.039541
6055,15.32398,459.719388
6056,14.038265,421.147959
6057,14.540179,436.205357
6058,14.235332,427.059949
6059,14.396046,431.881378
6060,13.723852,411.715561
6061,15.202168,456.065051
6062,14.508929,435.267857
6063,15.313776,459.413265
6064,13.894133,416.82398
6065,13.851403,415.542092
6066,15.510204,465.306122
6067,14.214286,426.428571
6068,12.197704,365.931122
6069,14.876276,446.288265
6070,14.727041,441.811224
6071,13.313138,399.394133
6072,13.936862,418.105867
6073,15.419005,462.570153
6074,15.211735,456.352041
6075,15.628189,468.845663
6076,14.851403,445.542092
6077,15.726403,471.792092
6078,13.802296,414.068878
6079,14.51148,435.344388
6080,14.513393,435.401786
6081,15.11926,453.577806
6082,16.3125,489.375
6083,15.239158,457.174745
6084,15.965561,478.966837
6085,12.741709,382.251276
6086,13.232143,396.964286
6087,13.509566,405.28699
6088,15.517219,465.516582
6089,14.033801,421.014031
6090,14.074617,422.23852
6091,14.703444,441.103316
6092,13.499362,404.980867
6093,15.048469,451.454082
6094,14.098852,422.965561
6095,15.421556,462.646684
6096,12.924107,387.723214
6097,13.179209,395.376276
6098,13.816964,414.508929
6099,13.830357,414.910714
6100,14.508929,435.267857
6101,14.654337,439.630102
6102,15.05102,451.530612
6103,14.721301,441.639031
6104,15.192602,455.778061
6105,15.710459,471.313776
6106,14.711097,441.332908
6107,13.825255,414.757653
6108,14.651786,439.553571
6109,14.390306,431.709184
6110,14.982143,449.464286
6111,14.709821,441.294643
6112,16.229592,486.887755
6113,16.307398,489.221939
6114,14.373724,431.211735
6115,15.097577,452.927296
6116,15.910077,477.302296
6117,13.544643,406.339286
6118,13.970663,419.119898
6119,14.482143,434.464286
6120,14.885204,446.556122
6121,14.647321,439.419643
6122,13.328444,399.853316
6123,14.389668,431.690051
6124,14.309949,429.298469
6125,14.528061,435.841837
6126,15.683036,470.491071
6127,16.028061,480.841837
6128,14.752551,442.576531
6129,15.060587,451.817602
6130,14.427934,432.83801
6131,12.680485,380.414541
6132,13.871811,416.154337
6133,12.986607,389.598214
6134,15.977041,479.311224
6135,13.5625,406.875
6136,15.258291,457.748724
6137,14.964286,448.928571
6138,14.421556,432.646684
6139,14.388393,431.651786
6140,13.589286,407.678571
6141,15.395408,461.862245
6142,15.915179,477.455357
6143,14.899235,446.977041
6144,15.73852,472.155612
6145,14.090561,422.716837
6146,14.887755,446.632653
6147,14.031888,420.956633
6148,15.984694,479.540816
6149,14.586097,437.582908
6150,15.412628,462.378827
6151,15.351403,460.542092
6152,14.75,442.5
6153,13.283801,398.514031
6154,13.54273,406.281888
6155,16.026786,480.803571
6156,14.06824,422.047194
6157,14.120536,423.616071
6158,14.691327,440.739796
6159,15.518495,465.554847
6160,13.489796,404.693878
6161,14.552296,436.568878
6162,13.771046,413.131378
6163,14.472577,434.177296
6164,15.487883,464.63648
6165,16.440051,493.201531
6166,16.244898,487.346939
6167,15.751276,472.538265
6168,14.399872,431.996173
6169,14.274872,428.246173
6170,13.625638,408.769133
6171,13.871173,416.135204
6172,13.843112,415.293367
6173,15.34949,460.484694
6174,14.796556,443.896684
6175,14.345026,430.350765
6176,13.794643,413.839286
6177,16.371811,491.154337
6178,13.229592,396.887755
6179,14.267219,428.016582
6180,14.220026,426.600765
6181,13.194515,395.835459
6182,14.163265,424.897959
6183,14.671556,440.146684
6184,15.105867,453.17602
6185,14.590561,437.716837
6186,14.277423,428.322704
6187,15.220663,456.619898
6188,13.352041,400.561224
6189,15.203444,456.103316
6190,15.13074,453.922194
6191,13.946429,418.392857
6192,14.106505,423.195153
6193,15.014031,450.420918
6194,13.857143,415.714286
6195,14.940689,448.220663
6196,13.859056,415.771684
6197,15.13648,454.094388
6198,14.6875,440.625
6199,14.876913,446.307398
6200,15.061862,451.855867
6201,13.755102,412.653061
6202,13.708546,411.256378
6203,14.138393,424.151786
6204,14.452168,433.565051
6205,15.365434,460.96301
6206,14.875,446.25
6207,14.408163,432.244898
6208,15.656888,469.706633
6209,13.784439,413.533163
6210,13.126276,393.788265
6211,14.966199,448.985969
6212,14.592474,437.774235
6213,15.658163,469.744898
6214,14.410077,432.302296
6215,16.317602,489.528061
6216,13.078444,392.353316
6217,13.58227,407.468112
6218,13.378827,401.364796
6219,14.673469,440.204082
6220,14.295918,428.877551
6221,13.760842,412.825255
6222,13.831633,414.94898
6223,16.873724,506.211735
6224,15.007653,450.229592
6225,15.291454,458.743622
6226,14.610969,438.329082
6227,13.785077,413.552296
6228,14.050383,421.51148
6229,14.336097,430.082908
6230,14.07398,422.219388
6231,14.624362,438.730867
6232,13.641582,409.247449
6233,14.924745,447.742347
6234,14.704719,441.141582
6235,13.777423,413.322704
6236,15.857781,475.733418
6237,15.049745,451.492347
6238,14.905612,447.168367
6239,13.756378,412.691327
6240,13.528061,405.841837
6241,13.409439,402.283163
6242,15.378189,461.345663
6243,14.112883,423.38648
6244,14.424107,432.723214
6245,15.970026,479.100765
6246,13.830995,414.929847
6247,14.772959,443.188776
6248,14.465561,433.966837
6249,13.651786,409.553571
6250,13.927296,417.818878
6251,13.982143,419.464286
6252,13.450255,403.507653
6253,13.922194,417.665816
6254,14.767219,443.016582
6255,13.815051,414.451531
6256,14.723214,441.696429
6257,13.925383,417.76148
6258,16.220663,486.619898
6259,14.288265,428.647959
6260,14.785714,443.571429
6261,14.771684,443.15051
6262,14.503189,435.095663
6263,14.043367,421.30102
6264,15.755102,472.653061
6265,15.813776,474.413265
6266,14.339923,430.197704
6267,15.621173,468.635204
6268,13.036352,391.090561
6269,14.964923,448.947704
6270,15.246811,457.404337
6271,15.434949,463.048469
6272,15.565051,466.951531
6273,14.633291,438.998724
6274,14.841837,445.255102
6275,15.422832,462.684949
6276,14.564413,436.932398
6277,15.668367,470.05102
6278,14.195791,425.873724
6279,15.700255,471.007653
6280,15.309949,459.298469
6281,15.397959,461.938776
6282,16.026786,480.803571
6283,15.017857,450.535714
6284,14.36352,430.905612
6285,15.528061,465.841837
6286,14.810587,444.317602
6287,14.010842,420.325255
6288,14.867985,446.039541
6289,13.711735,411.352041
6290,14.417092,432.512755
6291,14.80102,444.030612
6292,14.504464,435.133929
6293,14.742347,442.270408
6294,15.560587,466.817602
6295,15.183673,455.510204
6296,14.515306,435.459184
6297,15.112245,453.367347
6298,13.913265,417.397959
6299,14.020408,420.612245
6300,15.53125,465.9375
6301,15.251276,457.538265
6302,15.420918,462.627551
6303,14.440689,433.220663
6304,13.605867,408.17602
6305,15.452806,463.584184
6306,13.728316,411.84949
6307,14.411352,432.340561
6308,15.211735,456.352041
6309,14.950255,448.507653
6310,14.179209,425.376276
6311,15.152423,454.572704
6312,13.999362,419.980867
6313,14.135842,424.075255
6314,16.022959,480.688776
6315,15.17602,455.280612
6316,15.529337,465.880102
6317,13.381378,401.441327
6318,16.594388,497.831633
6319,14.197704,425.931122
6320,13.801658,414.049745
6321,15.206633,456.19898
6322,15.943878,478.316327
6323,14.348214,430.446429
6324,13.360969,400.829082
6325,14.416454,432.493622
6326,13.984056,419.521684
6327,15.074617,452.23852
6328,14.55676,436.702806
6329,13.871173,416.135204
6330,14.637755,439.132653
6331,15.952806,478.584184
6332,14.139031,424.170918
6333,14.264031,427.920918
6334,14.858418,445.752551
6335,14.385842,431.575255
6336,13.000638,390.019133
6337,15.583546,467.506378
6338,14.626276,438.788265
6339,15.690689,470.720663
6340,14.568878,437.066327
6341,14.646046,439.381378
6342,13.367985,401.039541
6343,14.227679,426.830357
6344,15.214286,456.428571
6345,13.645408,409.362245
6346,15.059949,451.798469
6347,13.795281,413.858418
6348,15.329719,459.891582
6349,15.418367,462.55102
6350,15.54273,466.281888
6351,15.047832,451.434949
6352,14.247449,427.423469
6353,13.725128,411.753827
6354,15.182398,455.471939
6355,15.125,453.75
6356,14.745536,442.366071
6357,15.919643,477.589286
6358,14.289541,428.686224
6359,14.825893,444.776786
6360,13.813776,414.413265
6361,14.052934,421.58801
6362,14.158163,424.744898
6363,14.195791,425.873724
6364,14.617985,438.539541
6365,14.302296,429.068878
6366,13.885842,416.575255
6367,13.948342,418.450255
6368,13.594388,407.831633
6369,14.385204,431.556122
6370,14.438776,433.163265
6371,16.852679,505.580357
6372,15.408163,462.244898
6373,13.904337,417.130102
6374,14.850765,445.522959
6375,14.632015,438.960459
6376,13.557398,406.721939
6377,14.184311,425.529337
6378,14.072704,422.181122
6379,15.544005,466.320153
6380,14.628189,438.845663
6381,14.375638,431.269133
6382,14.424107,432.723214
6383,15.205995,456.179847
6384,13.84949,415.484694
6385,14.677934,440.33801
6386,13.446429,403.392857
6387,14.047194,421.415816
6388,14.713648,441.409439
6389,14.397959,431.938776
6390,14.852041,445.561224
6391,13.387755,401.632653
6392,13.757015,412.710459
6393,15.971301,479.139031
6394,15.307398,459.221939
6395,14.595026,437.850765
6396,13.397321,401.919643
6397,13.367985,401.039541
6398,13.690051,410.701531
6399,14.567602,437.028061
6400,15.780612,473.418367
6401,14.195791,425.873724
6402,14.083546,422.506378
6403,14.456633,433.69898
6404,14.76148,442.844388
6405,14.904337,447.130102
6406,13.763393,412.901786
6407,13.133291,393.998724
6408,13.90051,417.015306
6409,15.120536,453.616071
6410,13.656888,409.706633
6411,14.354592,430.637755
6412,14.00574,420.172194
6413,15.615434,468.46301
6414,14.96301,448.890306
6415,16.44324,493.297194
6416,14.147959,424.438776
6417,16.256378,487.691327
6418,14.676658,440.299745
6419,14.854592,445.637755
6420,14.331633,429.94898
6421,16.375,491.25
6422,15.184311,455.529337
6423,14.913265,447.397959
6424,14.440689,433.220663
6425,13.774872,413.246173
6426,14.788903,443.667092
6427,15.138393,454.151786
6428,14.307398,429.221939
6429,14.537628,436.128827
6430,15.459184,463.77551
6431,14.024235,420.727041
6432,13.357781,400.733418
6433,13.984694,419.540816
6434,15.396684,461.90051
6435,13.306122,399.183673
6436,14.786352,443.590561
6437,14.390944,431.728316
6438,15.44324,463.297194
6439,13.084821,392.544643
6440,13.975128,419.253827
6441,14.167092,425.012755
6442,14.698342,440.950255
6443,15.391582,461.747449
6444,15.456633,463.69898
6445,14.991709,449.751276
6446,16.054209,481.626276
6447,15.987883,479.63648
6448,14.248087,427.442602
6449,14.941964,448.258929
6450,14.278061,428.341837
6451,13.526148,405.784439
6452,14.824617,444.73852
6453,14.596939,437.908163
6454,15.355867,460.67602
6455,13.173469,395.204082
6456,14.466837,434.005102
6457,13.622449,408.673469
6458,13.682398,410.471939
6459,15.598214,467.946429
6460,16.232143,486.964286
6461,15.225128,456.753827
6462,15.847577,475.427296
6463,14.496811,434.904337
6464,14.629464,438.883929
6465,14.423469,432.704082
6466,13.297832,398.934949
6467,15.80102,474.030612
6468,14.063138,421.894133
6469,15.220663,456.619898
6470,14.77551,443.265306
6471,14.992347,449.770408
6472,14.034439,421.033163
6473,15.402423,462.072704
6474,14.785714,443.571429
6475,14.362245,430.867347
6476,15.021046,450.631378
6477,14.952168,448.565051
6478,15.017857,450.535714
6479,14.608418,438.252551
6480,16.226403,486.792092
6481,14.766582,442.997449
6482,14.881378,446.441327
6483,14.265944,427.978316
6484,13.872449,416.173469
6485,14.052296,421.568878
6486,15.616709,468.501276
6487,14.758291,442.748724
6488,14.068878,422.066327
6489,15.04273,451.281888
6490,14.322066,429.66199
6491,14.408801,432.264031
6492,16.38648,491.594388
6493,14.813776,444.413265
6494,15.067602,452.028061
6495,16.204719,486.141582
6496,15.757015,472.710459
6497,15.036352,451.090561
6498,14.857143,445.714286
6499,15.228316,456.84949
6500,14.555485,436.664541
6501,13.695153,410.854592
6502,14.264031,427.920918
6503,14.641582,439.247449
6504,13.841199,415.235969
6505,13.617985,408.539541
6506,15.354592,460.637755
6507,14.577168,437.315051
6508,14.11352,423.405612
6509,13.385842,401.575255
6510,14.221939,426.658163
6511,14.867347,446.020408
6512,13.186862,395.605867
6513,13.683673,410.510204
6514,15.639031,469.170918
6515,13.352041,400.561224
6516,15.628827,468.864796
6517,13.403699,402.110969
6518,15.334821,460.044643
6519,13.548469,406.454082
6520,15.109694,453.290816
6521,13.087372,392.621173
6522,15.040816,451.22449
6523,13.283163,398.494898
6524,14.680485,440.414541
6525,15.584184,467.52551
6526,13.799107,413.973214
6527,15.246173,457.385204
6528,15.205995,456.179847
6529,14.198342,425.950255
6530,14.637755,439.132653
6531,14.476403,434.292092
6532,14.255102,427.653061
6533,13.531888,405.956633
6534,12.764668,382.940051
6535,14.911352,447.340561
6536,13.59949,407.984694
6537,14.938776,448.163265
6538,15.393495,461.804847
6539,13.68176,410.452806
6540,16.123724,483.711735
6541,16.09949,482.984694
6542,15.014668,450.440051
6543,14.771684,443.15051
6544,13.554847,406.645408
6545,16.35523,490.656888
6546,15.303571,459.107143
6547,13.991709,419.751276
6548,13.353316,400.59949
6549,14.963648,448.909439
6550,14.535077,436.052296
6551,14.910714,447.321429
6552,15.750638,472.519133
6553,14.174745,425.242347
6554,14.180485,425.414541
6555,14.803571,444.107143
6556,12.741709,382.251276
6557,14.578444,437.353316
6558,15.028061,450.841837
6559,16.220663,486.619898
6560,15.147321,454.419643
6561,14.069515,422.085459
6562,14.07398,422.219388
6563,14.346301,430.389031
6564,16.865434,505.96301
6565,16.233418,487.002551
6566,15.90051,477.015306
6567,15.837372,475.121173
6568,13.496811,404.904337
6569,13.78699,413.609694
6570,14.151786,424.553571
6571,13.783163,413.494898
6572,15.40625,462.1875
6573,13.524235,405.727041
6574,15.420281,462.608418
6575,14.897959,446.938776
6576,16.831633,504.94898
6577,16.02551,480.765306
6578,15.575893,467.276786
6579,15.741071,472.232143
6580,13.941964,418.258929
6581,15.003189,450.095663
6582,16.012117,480.36352
6583,14.310587,429.317602
6584,13.714286,411.428571
6585,14.762117,442.86352
6586,15.535714,466.071429
6587,14.616709,438.501276
6588,14.625638,438.769133
6589,13.211735,396.352041
6590,14.09949,422.984694
6591,14.155612,424.668367
6592,15.198342,455.950255
6593,14.475128,434.253827
6594,14.392857,431.785714
6595,15.595026,467.850765
6596,13.772959,413.188776
6597,13.323342,399.700255
6598,15.398597,461.957908
6599,15.471939,464.158163
6600,13.658801,409.764031
6601,14.739158,442.174745
6602,15.128827,453.864796
6603,14.663265,439.897959
6604,14.941964,448.258929
6605,14.397959,431.938776
6606,14.350765,430.522959
6607,15.235969,457.079082
6608,16.252551,487.576531
6609,14.406888,432.206633
6610,14.341837,430.255102
6611,14.330357,429.910714
6612,15.952168,478.565051
6613,16.257015,487.710459
6614,13.633929,409.017857
6615,15.090561,452.716837
6616,15.13648,454.094388
6617,15.385842,461.575255
6618,14.777423,443.322704
6619,13.153699,394.610969
6620,13.537628,406.128827
6621,13.864158,415.924745
6622,13.455995,403.679847
6623,15.621173,468.635204
6624,14.177296,425.318878
6625,14.695153,440.854592
6626,15.053571,451.607143
6627,14.310587,429.317602
6628,14.152423,424.572704
6629,15.00574,450.172194
6630,14.51148,435.344388
6631,14.015944,420.478316
6632,14.741071,442.232143
6633,13.758291,412.748724
6634,14.959184,448.77551
6635,13.779974,413.399235
6636,14.60523,438.156888
6637,15.282526,458.475765
6638,14.614158,438.424745
6639,12.877551,386.326531
6640,14.567602,437.028061
6641,14.179847,425.395408
6642,14.526786,435.803571
6643,14.950255,448.507653
6644,14.521046,435.631378
6645,15.442602,463.278061
6646,15.607143,468.214286
6647,14.404974,432.149235
6648,15.070153,452.104592
6649,14.195791,425.873724
6650,15.891582,476.747449
6651,14.860969,445.829082
6652,14.335459,430.063776
6653,14.674107,440.223214
6654,15.701531,471.045918
6655,15.149235,454.477041
6656,15.631378,468.941327
6657,13.892857,416.785714
6658,15.128189,453.845663
6659,15.947704,478.431122
6660,15.345026,460.350765
6661,14.05102,421.530612
6662,14.54273,436.281888
6663,14.837372,445.121173
6664,14.472577,434.177296
6665,14.227041,426.811224
6666,15.11352,453.405612
6667,14.924107,447.723214
6668,16.021046,480.631378
6669,14.947704,448.431122
6670,13.984056,419.521684
6671,12.970663,389.119898
6672,14.861607,445.848214
6673,15.221939,456.658163
6674,14.285714,428.571429
6675,14.254464,427.633929
6676,15.526786,465.803571
6677,14.039541,421.186224
6678,13.862245,415.867347
6679,14.461735,433.852041
6680,14.790179,443.705357
6681,15.221301,456.639031
6682,14.846301,445.389031
6683,15.521684,465.65051
6684,14.783801,443.514031
6685,14.628827,438.864796
6686,13.866071,415.982143
6687,14.05676,421.702806
6688,14.668367,440.05102
6689,15.067602,452.028061
6690,15.602041,468.061224
6691,14.959184,448.77551
6692,14.045281,421.358418
6693,14.618622,438.558673
6694,14.06824,422.047194
6695,13.684311,410.529337
6696,15.438776,463.163265
6697,15.039541,451.186224
6698,15.484694,464.540816
6699,13.83227,414.968112
6700,13.580357,407.410714
6701,14.80676,444.202806
6702,13.725765,411.772959
6703,14.46301,433.890306
6704,15.26977,458.093112
6705,14.353954,430.618622
6706,14.494898,434.846939
6707,13.919643,417.589286
6708,14.924745,447.742347
6709,14.482143,434.464286
6710,13.811224,414.336735
6711,14.041454,421.243622
6712,14.806122,444.183673
6713,15.216837,456.505102
6714,14.120536,423.616071
6715,14.254464,427.633929
6716,13.34949,400.484694
6717,14.723214,441.696429
6718,15.111607,453.348214
6719,13.836735,415.102041
6720,14.967474,449.024235
6721,14.179209,425.376276
6722,16.117347,483.520408
6723,14.142219,424.266582
6724,14.592474,437.774235
6725,14.894133,446.82398
6726,13.801658,414.049745
6727,16.33801,490.140306
6728,13.912628,417.378827
6729,14.260842,427.825255
6730,14.942602,448.278061
6731,14.241709,427.251276
6732,14.369898,431.096939
6733,14.58801,437.640306
6734,13.376276,401.288265
6735,14.628189,438.845663
6736,13.799107,413.973214
6737,14.006378,420.191327
6738,14.986607,449.598214
6739,15.269133,458.07398
6740,14.795918,443.877551
6741,15.885842,476.575255
6742,14.781888,443.456633
6743,15.98023,479.406888
6744,14.298469,428.954082
6745,14.644133,439.32398
6746,14.194515,425.835459
6747,15.862883,475.88648
6748,14.487883,434.63648
6749,13.536352,406.090561
6750,14.862245,445.867347
6751,13.644133,409.32398
6752,15.436224,463.086735
6753,16.46875,494.0625
6754,15.228954,456.868622
6755,16.317602,489.528061
6756,13.835459,415.063776
6757,13.842474,415.274235
6758,16.270408,488.112245
6759,14.222577,426.677296
6760,15.30676,459.202806
6761,14.140944,424.228316
6762,15.069515,452.085459
6763,15.254464,457.633929
6764,13.864796,415.943878
6765,14.747449,442.423469
6766,14.990434,449.71301
6767,14.906888,447.206633
6768,15.114796,453.443878
6769,14.898597,446.957908
6770,14.440051,433.201531
6771,14.047832,421.434949
6772,13.970026,419.100765
6773,16.961097,508.832908
6774,13.781888,413.456633
6775,14.248087,427.442602
6776,14.08227,422.468112
6777,14.805485,444.164541
6778,16.902423,507.072704
6779,12.901148,387.034439
6780,15.078444,452.353316
6781,15.445791,463.373724
6782,13.247449,397.423469
6783,12.903699,387.110969
6784,14.906888,447.206633
6785,14.45727,433.718112
6786,14.585459,437.563776
6787,15.195153,455.854592
6788,15.122449,453.673469
6789,15.677934,470.33801
6790,14.38074,431.422194
6791,13.97449,419.234694
6792,15.371173,461.135204
6793,15.669005,470.070153
6794,15.506378,465.191327
6795,14.609694,438.290816
6796,14.614796,438.443878
6797,14.274235,428.227041
6798,14.102679,423.080357
6799,14.852041,445.561224
6800,15.438138,463.144133
6801,14.646046,439.381378
6802,15.570791,467.123724
6803,15.428571,462.857143
6804,15.313138,459.394133
6805,14.354592,430.637755
6806,14.403061,432.091837
6807,15.195791,455.873724
6808,14.243622,427.308673
6809,15.741071,472.232143
6810,14.552296,436.568878
6811,14.528699,435.860969
6812,13.772321,413.169643
6813,15.519133,465.57398
6814,15.790816,473.72449
6815,14.777423,443.322704
6816,12.735332,382.059949
6817,13.696429,410.892857
6818,15.415179,462.455357
6819,13.709184,411.27551
6820,13.894133,416.82398
6821,14.142857,424.285714
6822,13.549107,406.473214
6823,15.235969,457.079082
6824,15.267857,458.035714
6825,14.410714,432.321429
6826,14.204719,426.141582
6827,15.243622,457.308673
6828,12.968112,389.043367
6829,13.797832,413.934949
6830,14.516582,435.497449
6831,16.086097,482.582908
6832,15.667092,470.012755
6833,14.075893,422.276786
6834,15.0625,451.875
6835,16.858418,505.752551
6836,14.48852,434.655612
6837,14.374362,431.230867
6838,14.307398,429.221939
6839,15.424107,462.723214
6840,14.52551,435.765306
6841,15.699617,470.98852
6842,16.308036,489.241071
6843,13.316327,399.489796
6844,15.580357,467.410714
6845,14.125638,423.769133
6846,13.973852,419.215561
6847,14.371173,431.135204
6848,14.039541,421.186224
6849,13.253189,397.595663
6850,15.359694,460.790816
6851,14.595663,437.869898
6852,14.940689,448.220663
6853,14.260204,427.806122
6854,13.848852,415.465561
6855,16.058036,481.741071
6856,14.54273,436.281888
6857,15.540179,466.205357
6858,14.065689,421.970663
6859,13.749362,412.480867
6860,13.41773,402.531888
6861,15.623087,468.692602
6862,16.706633,501.19898
6863,14.64477,439.343112
6864,14.339286,430.178571
6865,13.350128,400.503827
6866,15.592474,467.774235
6867,14.366071,430.982143
6868,14.281888,428.456633
6869,13.097577,392.927296
6870,14.294005,428.820153
6871,14.624362,438.730867
6872,15.377551,461.326531
6873,14.725128,441.753827
6874,14.809311,444.279337
6875,15.764031,472.920918
6876,14.938138,448.144133
6877,15.821429,474.642857
6878,14.376276,431.288265
6879,13.271046,398.131378
6880,12.543367,376.30102
6881,14.71301,441.390306
6882,15.949617,478.48852
6883,14.977679,449.330357
6884,13.896046,416.881378
6885,14.735332,442.059949
6886,15.98023,479.406888
6887,13.359694,400.790816
6888,14.581633,437.44898
6889,14.787628,443.628827
6890,15.455357,463.660714
6891,15.561862,466.855867
6892,14.700255,441.007653
6893,14.217474,426.524235
6894,14.621173,438.635204
6895,13.385842,401.575255
6896,14.726403,441.792092
6897,14.55102,436.530612
6898,14.049107,421.473214
6899,14.620536,438.616071
6900,14.600128,438.003827
6901,14.876276,446.288265
6902,13.834821,415.044643
6903,14.497449,434.923469
6904,13.239796,397.193878
6905,15.390306,461.709184
6906,15.410077,462.302296
6907,13.955357,418.660714
6908,14.149235,424.477041
6909,15.560587,466.817602
6910,14.755102,442.653061
6911,16.902423,507.072704
6912,14.124362,423.730867
6913,13.151148,394.534439
6914,14.424745,432.742347
6915,14.061862,421.855867
6916,15.137117,454.11352
6917,13.50574,405.172194
6918,14.602679,438.080357
6919,15.535714,466.071429
6920,14.846939,445.408163
6921,13.674745,410.242347
6922,14.735332,442.059949
6923,13.57398,407.219388
6924,16.700255,501.007653
6925,15.295918,458.877551
6926,13.996173,419.885204
6927,15.63074,468.922194
6928,14.952168,448.565051
6929,15.471301,464.139031
6930,14.029974,420.899235
6931,13.768495,413.054847
6932,14.852679,445.580357
6933,14.610332,438.309949
6934,15.975765,479.272959
6935,16.949617,508.48852
6936,13.549107,406.473214
6937,14.55102,436.530612
6938,13.212372,396.371173
6939,14.200255,426.007653
6940,15.971939,479.158163
6941,15.11352,453.405612
6942,14.591199,437.735969
6943,15.330357,459.910714
6944,13.820153,414.604592
6945,14.647321,439.419643
6946,14.016582,420.497449
6947,13.78699,413.609694
6948,15.383929,461.517857
6949,14.092474,422.774235
6950,13.723852,411.715561
6951,15.221301,456.639031
6952,14.320791,429.623724
6953,15.186862,455.605867
6954,13.901148,417.034439
6955,14.427934,432.83801
6956,15.842474,475.274235
6957,14.183036,425.491071
6958,14.904337,447.130102
6959,15.19898,455.969388
6960,14.952806,448.584184
6961,14.140944,424.228316
6962,14.44324,433.297194
6963,13.811862,414.355867
6964,14.564413,436.932398
6965,13.815051,414.451531
6966,13.470663,404.119898
6967,16.697704,500.931122
6968,14.43176,432.952806
6969,16.481505,494.445153
6970,15.265306,457.959184
6971,13.568878,407.066327
6972,14.616709,438.501276
6973,14.379464,431.383929
6974,15.956633,478.69898
6975,15.316327,459.489796
6976,17.48023,524.406888
6977,15.07398,452.219388
6978,13.927296,417.818878
6979,13.166454,394.993622
6980,15.595026,467.850765
6981,15.654337,469.630102
6982,13.765306,412.959184
6983,15.611607,468.348214
6984,13.190689,395.720663
6985,13.852679,415.580357
6986,13.450255,403.507653
6987,13.690051,410.701531
6988,13.521684,405.65051
6989,15.188776,455.663265
6990,15.019133,450.57398
6991,15.331633,459.94898
6992,15.142219,454.266582
6993,14.31824,429.547194
6994,14.302934,429.08801
6995,15.757015,472.710459
6996,14.971939,449.158163
6997,14.049107,421.473214
6998,15.321429,459.642857
6999,14.170281,425.108418
7000,13.341837,400.255102
7001,14.263393,427.901786
7002,14.003189,420.095663
7003,12.890306,386.709184
7004,13.3125,399.375
7005,15.704719,471.141582
7006,14.318878,429.566327
7007,15.305485,459.164541
7008,14.350765,430.522959
7009,14.998087,449.942602
7010,14.823342,444.700255
7011,15.130102,453.903061
7012,14.797832,443.934949
7013,13.436224,403.086735
7014,14.732781,441.983418
7015,13.324617,399.73852
7016,15.61926,468.577806
7017,14.570153,437.104592
7018,14.544643,436.339286
7019,14.982781,449.483418
7020,15.40625,462.1875
7021,14.632653,438.979592
7022,13.980867,419.42602
7023,14.007015,420.210459
7024,14.126913,423.807398
7025,13.63648,409.094388
7026,13.890306,416.709184
7027,15.482781,464.483418
7028,13.485969,404.579082
7029,14.539541,436.186224
7030,14.033801,421.014031
7031,14.59375,437.8125
7032,14.731505,441.945153
7033,15.649235,469.477041
7034,15.065051,451.951531
7035,14.40051,432.015306
7036,14.408801,432.264031
7037,14.515306,435.459184
7038,13.385842,401.575255
7039,13.559949,406.798469
7040,13.944515,418.335459
7041,15.180485,455.414541
7042,14.972577,449.177296
7043,13.954719,418.641582
7044,15.295918,458.877551
7045,13.419643,402.589286
7046,14.225128,426.753827
7047,13.720026,411.600765
7048,14.93176,447.952806
7049,15.656888,469.706633
7050,13.850765,415.522959
7051,14.934949,448.048469
7052,13.242985,397.289541
7053,14.424745,432.742347
7054,14.674107,440.223214
7055,15.694515,470.835459
7056,15.098214,452.946429
7057,13.789541,413.686224
7058,14.696429,440.892857
7059,14.704082,441.122449
7060,16.396046,491.881378
7061,14.376276,431.288265
7062,14.137117,424.11352
7063,17.116071,513.482143
7064,12.699617,380.98852
7065,14.045918,421.377551
7066,14.833546,445.006378
7067,14.498087,434.942602
7068,15.008291,450.248724
7069,14.564413,436.932398
7070,15.911352,477.340561
7071,14.316964,429.508929
7072,14.930485,447.914541
7073,13.330995,399.929847
7074,12.929209,387.876276
7075,14.848214,445.446429
7076,14.107781,423.233418
7077,14.877551,446.326531
7078,17.040816,511.22449
7079,14.853316,445.59949
7080,14.272959,428.188776
7081,14.860332,445.809949
7082,16.639031,499.170918
7083,15.670281,470.108418
7084,15.285077,458.552296
7085,14.74426,442.327806
7086,13.70727,411.218112
7087,14.607781,438.233418
7088,15.253827,457.614796
7089,15.088648,452.659439
7090,13.881378,416.441327
7091,15.322704,459.681122
7092,14.8125,444.375
7093,13.545281,406.358418
7094,15.035714,451.071429
7095,14.184949,425.548469
7096,14.579082,437.372449
7097,15.640944,469.228316
7098,15.643495,469.304847
7099,13.732781,411.983418
7100,14.765944,442.978316
7101,15.149872,454.496173
7102,14.072704,422.181122
7103,15.088648,452.659439
7104,15.008291,450.248724
7105,14.000638,420.019133
7106,14.744898,442.346939
7107,15.091199,452.735969
7108,13.875,416.25
7109,13.711735,411.352041
7110,14.670918,440.127551
7111,13.600765,408.022959
7112,16.320153,489.604592
7113,14.413265,432.397959
7114,14.117347,423.520408
7115,14.258929,427.767857
7116,14.362245,430.867347
7117,16.315689,489.470663
7118,14.91199,447.359694
7119,12.927934,387.83801
7120,13.86926,416.077806
7121,14.906888,447.206633
7122,16.410714,492.321429
7123,13.730867,411.92602
7124,14.567602,437.028061
7125,14.992985,449.789541
7126,13.452806,403.584184
7127,14.358418,430.752551
7128,14.611607,438.348214
7129,15.284439,458.533163
7130,15.262117,457.86352
7131,14.591837,437.755102
7132,15.246811,457.404337
7133,13.688776,410.663265
7134,14.621173,438.635204
7135,15.695791,470.873724
7136,13.866709,416.001276
7137,13.327168,399.815051
7138,13.872449,416.173469
7139,14.325255,429.757653
7140,15.083546,452.506378
7141,14.232143,426.964286
7142,14.08801,422.640306
7143,15.276148,458.284439
7144,15.355867,460.67602
7145,14.949617,448.48852
7146,14.686862,440.605867
7147,14.830995,444.929847
7148,14.586097,437.582908
7149,14.735332,442.059949
7150,13.711735,411.352041
7151,15.373087,461.192602
7152,13.713648,411.409439
7153,15.045918,451.377551
7154,13.841199,415.235969
7155,14.586097,437.582908
7156,15.855867,475.67602
7157,15.385204,461.556122
7158,14.116071,423.482143
7159,13.683036,410.491071
7160,14.371811,431.154337
7161,16.138393,484.151786
7162,15.762755,472.882653
7163,14.132015,423.960459
7164,13.961735,418.852041
7165,14.669005,440.070153
7166,13.03699,391.109694
7167,15.766582,472.997449
7168,15.565051,466.951531
7169,14.183673,425.510204
7170,14.960459,448.813776
7171,15.389668,461.690051
7172,13.934949,418.048469
7173,14.683036,440.491071
7174,15.269133,458.07398
7175,14.938776,448.163265
7176,15.350128,460.503827
7177,14.596301,437.889031
7178,13.408801,402.264031
7179,13.788903,413.667092
7180,15.940689,478.220663
7181,15.647321,469.419643
7182,13.61926,408.577806
7183,13.537628,406.128827
7184,14.397321,431.919643
7185,15.001276,450.038265
7186,13.625,408.75
7187,14.928571,447.857143
7188,15.837372,475.121173
7189,15.302296,459.068878
7190,13.936224,418.086735
7191,14.350128,430.503827
7192,14.303571,429.107143
7193,15.956633,478.69898
7194,15.41773,462.531888
7195,14.834821,445.044643
7196,14.746173,442.385204
7197,14.133291,423.998724
7198,14.670918,440.127551
7199,14.116709,423.501276
7200,16.648597,499.457908
7201,15.681122,470.433673
7202,13.931122,417.933673
7203,14.638393,439.151786
7204,14.580995,437.429847
7205,16.241709,487.251276
7206,14.36926,431.077806
7207,14.472577,434.177296
7208,14.547832,436.434949
7209,15.246811,457.404337
7210,16.610332,498.309949
7211,14.320153,429.604592
7212,15.283163,458.494898
7213,14.251913,427.557398
7214,13.990434,419.71301
7215,13.383929,401.517857
7216,15.166454,454.993622
7217,14.910077,447.302296
7218,14.573342,437.200255
7219,13.836097,415.082908
7220,15.039541,451.186224
7221,15.06824,452.047194
7222,13.749362,412.480867
7223,14.884566,446.53699
7224,14.493622,434.808673
7225,14.707908,441.237245
7226,13.221939,396.658163
7227,15.135204,454.056122
7228,15.586097,467.582908
7229,14.278699,428.360969
7230,14.565689,436.970663
7231,15.357781,460.733418
7232,15.649235,469.477041
7233,14.758291,442.748724
7234,15.128189,453.845663
7235,15.024872,450.746173
7236,14.452806,433.584184
7237,14.091837,422.755102
7238,14.785714,443.571429
7239,14.192602,425.778061
7240,15.229592,456.887755
7241,14.782526,443.475765
7242,14.23023,426.906888
7243,13.40051,402.015306
7244,15.08227,452.468112
7245,14.080357,422.410714
7246,15.007653,450.229592
7247,13.67602,410.280612
7248,13.982781,419.483418
7249,15.112883,453.38648
7250,15.998087,479.942602
7251,15.074617,452.23852
7252,14.305485,429.164541
7253,13.800383,414.01148
7254,14.370536,431.116071
7255,14.172194,425.165816
7256,13.926658,417.799745
7257,15.096939,452.908163
7258,16.327168,489.815051
7259,14.58801,437.640306
7260,13.391582,401.747449
7261,15.865434,475.96301
7262,14.764031,442.920918
7263,14.526786,435.803571
7264,13.95727,418.718112
7265,14.860969,445.829082
7266,14.732781,441.983418
7267,15.709184,471.27551
7268,14.191327,425.739796
7269,14.772321,443.169643
7270,15.049107,451.473214
7271,14.845663,445.369898
7272,15.235332,457.059949
7273,15.246811,457.404337
7274,14.061224,421.836735
7275,14.908163,447.244898
7276,14.876913,446.307398
7277,14.012117,420.36352
7278,14.968112,449.043367
7279,14.58227,437.468112
7280,14.669005,440.070153
7281,15.970026,479.100765
7282,14.61926,438.577806
7283,14.03699,421.109694
7284,14.648597,439.457908
7285,14.787628,443.628827
7286,14.589923,437.697704
7287,14.28125,428.4375
7288,14.304847,429.145408
7289,14.117985,423.539541
7290,14.558036,436.741071
7291,15.089286,452.678571
7292,15.126276,453.788265
7293,14.29273,428.781888
7294,14.469388,434.081633
7295,13.631378,408.941327
7296,16.468112,494.043367
7297,14.022321,420.669643
7298,14.498724,434.961735
7299,15.794005,473.820153
7300,13.76977,413.093112
7301,15.584821,467.544643
7302,13.760204,412.806122
7303,14.192602,425.778061
7304,12.848214,385.446429
7305,13.265306,397.959184
7306,14.52551,435.765306
7307,14.267219,428.016582
7308,15.477679,464.330357
7309,15.850128,475.503827
7310,14.28125,428.4375
7311,14.858418,445.752551
7312,15.248724,457.461735
7313,14.670918,440.127551
7314,14.99426,449.827806
7315,14.191964,425.758929
7316,14.041454,421.243622
7317,14.501913,435.057398
7318,15.447066,463.41199
7319,14.864796,445.943878
7320,14.351403,430.542092
7321,14.305485,429.164541
7322,15.475128,464.253827
7323,13.350765,400.522959
7324,14.632653,438.979592
7325,14.755102,442.653061
7326,15.095026,452.850765
7327,13.558036,406.741071
7328,15.11926,453.577806
7329,14.373087,431.192602
7330,14.779974,443.399235
7331,15.629464,468.883929
7332,16.185587,485.567602
7333,15.389031,461.670918
7334,14.424107,432.723214
7335,16.610332,498.309949
7336,14.85523,445.656888
7337,15.478316,464.34949
7338,14.14477,424.343112
7339,14.48852,434.655612
7340,15.032526,450.975765
7341,13.658801,409.764031
7342,15.964286,478.928571
7343,13.326531,399.795918
7344,13.950255,418.507653
7345,14.637117,439.11352
7346,15.053571,451.607143
7347,13.658163,409.744898
7348,15.133929,454.017857
7349,14.956633,448.69898
7350,15.038265,451.147959
7351,15.005102,450.153061
7352,14.420281,432.608418
7353,16.169643,485.089286
7354,14.103954,423.118622
7355,13.691964,410.758929
7356,15.671556,470.146684
7357,14.373087,431.192602
7358,13.484694,404.540816
7359,15.370536,461.116071
7360,14.913265,447.397959
7361,15.581633,467.44898
7362,13.771046,413.131378
7363,15.637755,469.132653
7364,13.491071,404.732143
7365,14.535077,436.052296
7366,14.330357,429.910714
7367,15.398597,461.957908
7368,14.23852,427.155612
7369,14.383929,431.517857
7370,16.179209,485.376276
7371,16.404337,492.130102
7372,15.477679,464.330357
7373,13.580357,407.410714
7374,15.811224,474.336735
7375,13.446429,403.392857
7376,14.802934,444.08801
7377,14.551658,436.549745
7378,14.922832,447.684949
7379,13.044005,391.320153
7380,15.509566,465.28699
7381,14.510204,435.306122
7382,14.893495,446.804847
7383,15.402423,462.072704
7384,13.940051,418.201531
7385,14.909439,447.283163
7386,15.085459,452.563776
7387,14.647321,439.419643
7388,14.877551,446.326531
7389,15.253827,457.614796
7390,15.499362,464.980867
7391,14.874362,446.230867
7392,13.491071,404.732143
7393,14.93176,447.952806
7394,14.591837,437.755102
7395,14.98852,449.655612
7396,13.973214,419.196429
7397,14.133291,423.998724
7398,15.169005,455.070153
7399,17.415179,522.455357
7400,15.763393,472.901786
7401,13.799745,413.992347
7402,14.957908,448.737245
7403,13.829082,414.872449
7404,14.705995,441.179847
7405,14.294005,428.820153
7406,13.71301,411.390306
7407,15.250638,457.519133
7408,14.864796,445.943878
7409,13.459184,403.77551
7410,14.42602,432.780612
7411,13.99426,419.827806
7412,15.515306,465.459184
7413,15.821429,474.642857
7414,14.70727,441.218112
7415,14.385842,431.575255
7416,15.570153,467.104592
7417,14.530612,435.918367
7418,14.927296,447.818878
7419,14.167092,425.012755
7420,13.881378,416.441327
7421,14.259566,427.78699
7422,13.893495,416.804847
7423,14.213648,426.409439
7424,13.550383,406.51148
7425,15.164541,454.936224
7426,13.774235,413.227041
7427,14.804209,444.126276
7428,14.645408,439.362245
7429,14.898597,446.957908
7430,14.082908,422.487245
7431,15.039541,451.186224
7432,14.107781,423.233418
7433,13.689413,410.682398
7434,14.885842,446.575255
7435,14.944515,448.335459
7436,13.668367,410.05102
7437,14.702168,441.065051
7438,14.790816,443.72449
7439,16.200255,486.007653
7440,15.106505,453.195153
7441,14.909439,447.283163
7442,14.922194,447.665816
7443,13.685587,410.567602
7444,13.570791,407.123724
7445,14.225765,426.772959
7446,15.061862,451.855867
7447,14.436862,433.105867
7448,15.55676,466.702806
7449,15.336735,460.102041
7450,14.802934,444.08801
7451,15.16199,454.859694
7452,15.021684,450.65051
7453,14.407526,432.225765
7454,14.616071,438.482143
7455,15.198342,455.950255
7456,15.380102,461.403061
7457,17.309311,519.279337
7458,14.345663,430.369898
7459,14.464286,433.928571
7460,13.795281,413.858418
7461,13.739796,412.193878
7462,15.568878,467.066327
7463,15.53699,466.109694
7464,15.961097,478.832908
7465,14.836735,445.102041
7466,13.778061,413.341837
7467,14.716837,441.505102
7468,15.413903,462.417092
7469,17.039541,511.186224
7470,14.674745,440.242347
7471,14.630102,438.903061
7472,16.517219,495.516582
7473,14.634566,439.03699
7474,14.529974,435.899235
7475,15.395408,461.862245
7476,16.267857,488.035714
7477,15.705995,471.179847
7478,14.245536,427.366071
7479,14.200893,426.026786
7480,12.956633,388.69898
7481,13.444515,403.335459
7482,14.691964,440.758929
7483,15.289541,458.686224
7484,14.345663,430.369898
7485,13.408163,402.244898
7486,14.322704,429.681122
7487,14.843112,445.293367
7488,14.976403,449.292092
7489,15.153699,454.610969
7490,13.203444,396.103316
7491,14.495536,434.866071
7492,15.560587,466.817602
7493,13.195153,395.854592
7494,12.986607,389.598214
7495,16.596939,497.908163
7496,14.768495,443.054847
7497,17.05676,511.702806
7498,13.369898,401.096939
7499,13.635204,409.056122
7500,15.649235,469.477041
7501,15.078444,452.353316
7502,14.616071,438.482143
7503,15.283801,458.514031
7504,14.415816,432.47449
7505,14.709821,441.294643
7506,15.035077,451.052296
7507,15.169005,455.070153
7508,14.283163,428.494898
7509,14.114158,423.424745
7510,14.772959,443.188776
7511,16.297832,488.934949
7512,13.611607,408.348214
7513,14.963648,448.909439
7514,13.968112,419.043367
7515,15.684311,470.529337
7516,13.992985,419.789541
7517,14.907526,447.225765
7518,15.869898,476.096939
7519,13.607781,408.233418
7520,16.508929,495.267857
7521,13.345663,400.369898
7522,15.328444,459.853316
7523,14.339286,430.178571
7524,14.844388,445.331633
7525,14.924745,447.742347
7526,15.28699,458.609694
7527,15.321429,459.642857
7528,14.749362,442.480867
7529,14.506378,435.191327
7530,15.264668,457.940051
7531,13.561224,406.836735
7532,13.315689,399.470663
7533,14.001276,420.038265
7534,14.003189,420.095663
7535,12.494898,374.846939
7536,14.776148,443.284439
7537,14.908163,447.244898
7538,13.040179,391.205357
7539,14.903061,447.091837
7540,14.889668,446.690051
7541,14.70727,441.218112
7542,14.827168,444.815051
7543,13.936224,418.086735
7544,14.956633,448.69898
7545,15.565051,466.951531
7546,14.633929,439.017857
7547,14.408801,432.264031
7548,15.077806,452.334184
7549,15.741709,472.251276
7550,14.785077,443.552296
7551,14.501913,435.057398
7552,14.517219,435.516582
7553,14.134566,424.03699
7554,14.894133,446.82398
7555,13.428571,402.857143
7556,12.973852,389.215561
7557,14.200255,426.007653
7558,14.007653,420.229592
7559,15.002551,450.076531
7560,15.069515,452.085459
7561,14.940051,448.201531
7562,15.094388,452.831633
7563,15.26977,458.093112
7564,14.814413,444.432398
7565,14.152423,424.572704
7566,14.852041,445.561224
7567,15.904974,477.149235
7568,14.480867,434.42602
7569,15.924107,477.723214
7570,14.283163,428.494898
7571,15.53125,465.9375
7572,14.98852,449.655612
7573,15.133929,454.017857
7574,14.320791,429.623724
7575,15.822704,474.681122
7576,15.32398,459.719388
7577,14.526786,435.803571
7578,14.49426,434.827806
7579,14.16773,425.031888
7580,14.313776,429.413265
7581,14.288265,428.647959
7582,15.537628,466.128827
7583,15.455357,463.660714
7584,14.208546,426.256378
7585,14.528699,435.860969
7586,14.920918,447.627551
7587,14.776148,443.284439
7588,16.252551,487.576531
7589,14.577168,437.315051
7590,15.007653,450.229592
7591,14.609056,438.271684
7592,14.570791,437.123724
7593,14.808036,444.241071
7594,15.028699,450.860969
7595,14.029974,420.899235
7596,13.194515,395.835459
7597,15.274872,458.246173
7598,13.655612,409.668367
7599,14.237245,427.117347
7600,13.794643,413.839286
7601,15.329082,459.872449
7602,15.54273,466.281888
7603,14.214286,426.428571
7604,13.947704,418.431122
7605,16.384566,491.53699
7606,13.878189,416.345663
7607,14.821429,444.642857
7608,14.135204,424.056122
7609,14.552296,436.568878
7610,13.658801,409.764031
7611,14.821429,444.642857
7612,15.746811,472.404337
7613,13.815689,414.470663
7614,14.696429,440.892857
7615,14.401148,432.034439
7616,14.392857,431.785714
7617,14.258929,427.767857
7618,14.459821,433.794643
7619,15.695153,470.854592
7620,14.096301,422.889031
7621,14.676658,440.299745
7622,14.301658,429.049745
7623,13.725765,411.772959
7624,14.535077,436.052296
7625,13.452168,403.565051
7626,15.263393,457.901786
7627,15.401148,462.034439
7628,14.661352,439.840561
7629,13.311862,399.355867
7630,15.4375,463.125
7631,14.524235,435.727041
7632,16.632015,498.960459
7633,14.945791,448.373724
7634,15.742347,472.270408
7635,15.834821,475.044643
7636,15.200893,456.026786
7637,16.089286,482.678571
7638,15.30102,459.030612
7639,13.544643,406.339286
7640,14.702168,441.065051
7641,12.922194,387.665816
7642,16.408163,492.244898
7643,15.221301,456.639031
7644,14.005102,420.153061
7645,13.305485,399.164541
7646,15.225128,456.753827
7647,14.074617,422.23852
7648,15.223852,456.715561
7649,14.07398,422.219388
7650,15.28699,458.609694
7651,14.797194,443.915816
7652,15.821429,474.642857
7653,15.674107,470.223214
7654,15.25,457.5
7655,14.0625,421.875
7656,15.461735,463.852041
7657,14.116071,423.482143
7658,14.681122,440.433673
7659,14.983418,449.502551
7660,14.607781,438.233418
7661,15.257653,457.729592
7662,14.450893,433.526786
7663,13.288903,398.667092
7664,14.789541,443.686224
7665,15.126913,453.807398
7666,15.496173,464.885204
7667,15.241071,457.232143
7668,13.830357,414.910714
7669,14.324617,429.73852
7670,14.760842,442.825255
7671,14.089923,422.697704
7672,15.91199,477.359694
7673,14.247449,427.423469
7674,16.514668,495.440051
7675,14.282526,428.475765
7676,14.382015,431.460459
7677,13.925383,417.76148
7678,14.311224,429.336735
7679,13.871173,416.135204
7680,14.841199,445.235969
7681,14.403699,432.110969
7682,15.979592,479.387755
7683,14.285714,428.571429
7684,16.214923,486.447704
7685,15.11352,453.405612
7686,14.133291,423.998724
7687,14.244898,427.346939
7688,14.579719,437.391582
7689,13.389668,401.690051
7690,13.815689,414.470663
7691,15.13648,454.094388
7692,14.122449,423.673469
7693,13.977041,419.311224
7694,14.612883,438.38648
7695,15.218112,456.543367
7696,13.827168,414.815051
7697,14.53699,436.109694
7698,14.41773,432.531888
7699,13.851403,415.542092
7700,15.537628,466.128827
7701,14.295281,428.858418
7702,14.222577,426.677296
7703,14.737883,442.13648
7704,13.74426,412.327806
7705,14.683036,440.491071
7706,13.294005,398.820153
7707,15.317602,459.528061
7708,15.067602,452.028061
7709,14.634566,439.03699
7710,14.718112,441.543367
7711,13.690051,410.701531
7712,14.952806,448.584184
7713,14.139668,424.190051
7714,13.445153,403.354592
7715,14.587372,437.621173
7716,15.720663,471.619898
7717,13.834821,415.044643
7718,14.811862,444.355867
7719,16.53125,495.9375
7720,14.784439,443.533163
7721,14.24426,427.327806
7722,15.044643,451.339286
7723,14.28125,428.4375
7724,14.612883,438.38648
7725,14.413903,432.417092
7726,15.710459,471.313776
7727,14.864796,445.943878
7728,13.815051,414.451531
7729,14.089286,422.678571
7730,13.727041,411.811224
7731,15.096301,452.889031
7732,15.253827,457.614796
7733,14.360969,430.829082
7734,14.766582,442.997449
7735,15.615434,468.46301
7736,14.068878,422.066327
7737,14.304847,429.145408
7738,14.306122,429.183673
7739,16.348214,490.446429
7740,15.21301,456.390306
7741,15.093112,452.793367
7742,14.005102,420.153061
7743,13.887755,416.632653
7744,14.155612,424.668367
7745,14.242985,427.289541
7746,14.000638,420.019133
7747,14.05676,421.702806
7748,13.902423,417.072704
7749,14.783801,443.514031
7750,14.290179,428.705357
7751,15.204719,456.141582
7752,15.714286,471.428571
7753,14.306122,429.183673
7754,13.461735,403.852041
7755,15.407526,462.225765
7756,14.237245,427.117347
7757,14.560587,436.817602
7758,15.389031,461.670918
7759,16.373724,491.211735
7760,13.764031,412.920918
7761,13.527423,405.822704
7762,14.07398,422.219388
7763,15.484056,464.521684
7764,14.683673,440.510204
7765,14.697704,440.931122
7766,14.25,427.5
7767,14.45727,433.718112
7768,14.452806,433.584184
7769,15.584184,467.52551
7770,15.547832,466.434949
7771,13.06824,392.047194
7772,13.089923,392.697704
7773,14.243622,427.308673
7774,14.31824,429.547194
7775,15.084184,452.52551
7776,15.195791,455.873724
7777,14.288265,428.647959
7778,13.815689,414.470663
7779,16.444515,493.335459
7780,13.73023,411.906888
7781,14.813138,444.394133
7782,14.609694,438.290816
7783,14.830357,444.910714
7784,14.695153,440.854592
7785,14.102679,423.080357
7786,13.773597,413.207908
7787,15.170281,455.108418
7788,13.760204,412.806122
7789,14.515306,435.459184
7790,14.095663,422.869898
7791,14.457908,433.737245
7792,14.397959,431.938776
7793,14.586097,437.582908
7794,13.371811,401.154337
7795,14.291454,428.743622
7796,15.242985,457.289541
7797,14.656888,439.706633
7798,16.09375,482.8125
7799,14.498087,434.942602
7800,14.632015,438.960459
7801,14.086097,422.582908
7802,14.978316,449.34949
7803,14.209821,426.294643
7804,15.537628,466.128827
7805,14.748087,442.442602
7806,13.711097,411.332908
7807,14.840561,445.216837
7808,14.959821,448.794643
7809,14.014031,420.420918
7810,14.737245,442.117347
7811,14.297832,428.934949
7812,15.194515,455.835459
7813,13.38648,401.594388
7814,16.1875,485.625
7815,14.946429,448.392857
7816,13.821429,414.642857
7817,15.415179,462.455357
7818,14.33227,429.968112
7819,14.815051,444.451531
7820,14.569515,437.085459
7821,15.34949,460.484694
7822,13.586735,407.602041
7823,14.577168,437.315051
7824,15.851403,475.542092
7825,14.713648,441.409439
7826,14.325893,429.776786
7827,14.510842,435.325255
7828,14.896684,446.90051
7829,14.375638,431.269133
7830,15.161352,454.840561
7831,16.239796,487.193878
7832,14.825893,444.776786
7833,15.809311,474.279337
7834,14.177934,425.33801
7835,14.429209,432.876276
7836,14.797832,443.934949
7837,14.340561,430.216837
7838,13.328444,399.853316
7839,14.002551,420.076531
7840,13.655612,409.668367
7841,14.157526,424.725765
7842,14.329082,429.872449
7843,14.247449,427.423469
7844,14.947704,448.431122
7845,14.878189,446.345663
7846,14.996173,449.885204
7847,14.080995,422.429847
7848,17.690051,530.701531
7849,14.014668,420.440051
7850,16.260204,487.806122
7851,12.713648,381.409439
7852,14.426658,432.799745
7853,15.940051,478.201531
7854,13.754464,412.633929
7855,14.260842,427.825255
7856,15.634566,469.03699
7857,15.480867,464.42602
7858,14.799745,443.992347
7859,14.690689,440.720663
7860,13.96875,419.0625
7861,13.44898,403.469388
7862,14.820791,444.623724
7863,13.569515,407.085459
7864,14.648597,439.457908
7865,14.06824,422.047194
7866,14.539541,436.186224
7867,14.259566,427.78699
7868,14.405612,432.168367
7869,13.420918,402.627551
7870,15.578444,467.353316
7871,15.926658,477.799745
7872,15.197704,455.931122
7873,14.572066,437.16199
7874,13.374362,401.230867
7875,14.089923,422.697704
7876,16.549107,496.473214
7877,14.774235,443.227041
7878,15.227041,456.811224
7879,14.121173,423.635204
7880,14.485969,434.579082
7881,14.438138,433.144133
7882,13.75,412.5
7883,14.116709,423.501276
7884,14.054209,421.626276
7885,14.11352,423.405612
7886,15.626276,468.788265
7887,14.825255,444.757653
7888,14.913265,447.397959
7889,13.935587,418.067602
7890,14.264031,427.920918
7891,14.174745,425.242347
7892,14.341199,430.235969
7893,14.679847,440.395408
7894,14.200255,426.007653
7895,15.01148,450.344388
7896,14.03699,421.109694
7897,14.267219,428.016582
7898,14.672832,440.184949
7899,14.026786,420.803571
7900,13.46301,403.890306
7901,15.221939,456.658163
7902,15.384566,461.53699
7903,14.989796,449.693878
7904,13.772321,413.169643
7905,13.59375,407.8125
7906,15.358418,460.752551
7907,15.177296,455.318878
7908,16.114796,483.443878
7909,13.766582,412.997449
7910,13.973214,419.196429
7911,15.211735,456.352041
7912,13.940689,418.220663
7913,14.399235,431.977041
7914,13.523597,405.707908
7915,13.415816,402.47449
7916,15.044005,451.320153
7917,14.750638,442.519133
7918,14.607143,438.214286
7919,13.384566,401.53699
7920,14.80102,444.030612
7921,15.971301,479.139031
7922,15.004464,450.133929
7923,15.442602,463.278061
7924,14.359056,430.771684
7925,14.234056,427.021684
7926,16.501913,495.057398
7927,14.675383,440.26148
7928,15.158801,454.764031
7929,14.292092,428.762755
7930,14.168367,425.05102
7931,15.223214,456.696429
7932,15.825893,474.776786
7933,13.345663,400.369898
7934,14.945153,448.354592
7935,14.80676,444.202806
7936,15.298469,458.954082
7937,14.946429,448.392857
7938,14.835459,445.063776
7939,14.688776,440.663265
7940,16.093112,482.793367
7941,14.383291,431.498724
7942,15.084184,452.52551
7943,15.135204,454.056122
7944,15.872449,476.173469
7945,14.03125,420.9375
7946,14.053571,421.607143
7947,14.809311,444.279337
7948,14.193878,425.816327
7949,13.685587,410.567602
7950,13.954719,418.641582
7951,13.993622,419.808673
7952,13.934311,418.029337
7953,15.420281,462.608418
7954,14.403699,432.110969
7955,13.529974,405.899235
7956,14.41773,432.531888
7957,15.457908,463.737245
7958,14.678571,440.357143
7959,16.726403,501.792092
7960,15.58801,467.640306
7961,14.137117,424.11352
7962,14.084821,422.544643
7963,15.515944,465.478316
7964,13.647959,409.438776
7965,13.264668,397.940051
7966,14.058673,421.760204
7967,13.879464,416.383929
7968,16.153061,484.591837
7969,13.746811,412.404337
7970,13.369898,401.096939
7971,13.654337,409.630102
7972,14.770408,443.112245
7973,15.342474,460.274235
7974,14.348214,430.446429
7975,13.482143,404.464286
7976,14.143495,424.304847
7977,15.371811,461.154337
7978,14.813138,444.394133
7979,15.422194,462.665816
7980,14.839286,445.178571
7981,13.502551,405.076531
7982,14.183673,425.510204
7983,13.910714,417.321429
7984,16.125638,483.769133
7985,15.146684,454.40051
7986,13.452168,403.565051
7987,15.16773,455.031888
7988,15.27551,458.265306
7989,14.82398,444.719388
7990,15.185587,455.567602
7991,13.638393,409.151786
7992,15.356505,460.695153
7993,13.574617,407.23852
7994,14.655612,439.668367
7995,14.237245,427.117347
7996,13.489158,404.674745
7997,16.921556,507.646684
7998,15.823342,474.700255
7999,15.16773,455.031888
8000,15.769133,473.07398
8001,15.503827,465.114796
8002,13.558673,406.760204
8003,14.054847,421.645408
8004,13.167092,395.012755
8005,14.157526,424.725765
8006,15.056122,451.683673
8007,14.035077,421.052296
8008,14.529337,435.880102
8009,14.569515,437.085459
8010,16.745536,502.366071
8011,15.834184,475.02551
8012,15.442602,463.278061
8013,14.52551,435.765306
8014,14.714286,441.428571
8015,15.381378,461.441327
8016,13.553571,406.607143
8017,13.84375,415.3125
8018,16.223214,486.696429
8019,14.503827,435.114796
8020,14.46301,433.890306
8021,14.406888,432.206633
8022,14.293367,428.80102
8023,14.397959,431.938776
8024,14.985332,449.559949
8025,14.925383,447.76148
8026,14.760204,442.806122
8027,15.194515,455.835459
8028,14.359056,430.771684
8029,16.209821,486.294643
8030,14.130102,423.903061
8031,14.420918,432.627551
8032,14.851403,445.542092
8033,14.249362,427.480867
8034,13.942602,418.278061
8035,14.925383,447.76148
8036,15.375,461.25
8037,14.549107,436.473214
8038,16.723214,501.696429
8039,15.538265,466.147959
8040,13.678571,410.357143
8041,14.547832,436.434949
8042,15.01977,450.593112
8043,13.864158,415.924745
8044,15.553571,466.607143
8045,15.135204,454.056122
8046,14.356505,430.695153
8047,13.966199,418.985969
8048,14.649872,439.496173
8049,14.102041,423.061224
8050,13.837372,415.121173
8051,14.329719,429.891582
8052,15.339923,460.197704
8053,15.357143,460.714286
8054,15.5,465.0
8055,14.269133,428.07398
8056,13.806122,414.183673
8057,14.179209,425.376276
8058,15.44898,463.469388
8059,16.245536,487.366071
8060,14.750638,442.519133
8061,13.683036,410.491071
8062,15.11926,453.577806
8063,13.677934,410.33801
8064,14.60523,438.156888
8065,13.104592,393.137755
8066,13.664541,409.936224
8067,16.209184,486.27551
8068,16.030612,480.918367
8069,15.28699,458.609694
8070,13.927296,417.818878
8071,13.572704,407.181122
8072,15.850765,475.522959
8073,15.4375,463.125
8074,14.189413,425.682398
8075,16.889668,506.690051
8076,13.721939,411.658163
8077,14.292092,428.762755
8078,12.787628,383.628827
8079,15.000638,450.019133
8080,14.936862,448.105867
8081,15.646046,469.381378
8082,16.214923,486.447704
8083,14.531888,435.956633
8084,13.864158,415.924745
8085,14.21875,426.5625
8086,14.927934,447.83801
8087,16.804847,504.145408
8088,14.361607,430.848214
8089,16.186862,485.605867
8090,13.642219,409.266582
8091,14.575255,437.257653
8092,14.89477,446.843112
8093,14.805485,444.164541
8094,14.690051,440.701531
8095,14.778061,443.341837
8096,15.055485,451.664541
8097,14.632653,438.979592
8098,15.084821,452.544643
8099,14.512755,435.382653
8100,15.351403,460.542092
8101,13.313776,399.413265
8102,14.598214,437.946429
8103,13.830357,414.910714
8104,14.325893,429.776786
8105,13.921556,417.646684
8106,14.822704,444.681122
8107,15.943878,478.316327
8108,13.957908,418.737245
8109,14.21301,426.390306
8110,15.566327,466.989796
8111,14.686224,440.586735
8112,13.342474,400.274235
8113,14.615434,438.46301
8114,13.567602,407.028061
8115,14.295918,428.877551
8116,16.30676,489.202806
8117,15.742985,472.289541
8118,14.200893,426.026786
8119,15.577806,467.334184
8120,14.740434,442.21301
8121,14.447066,433.41199
8122,13.857143,415.714286
8123,15.007015,450.210459
8124,15.01977,450.593112
8125,14.538265,436.147959
8126,15.362245,460.867347
8127,13.602041,408.061224
8128,15.979592,479.387755
8129,14.697066,440.91199
8130,14.197066,425.91199
8131,16.00574,480.172194
8132,15.278061,458.341837
8133,14.029974,420.899235
8134,14.767857,443.035714
8135,15.133929,454.017857
8136,16.004464,480.133929
8137,14.258929,427.767857
8138,15.527423,465.822704
8139,14.758291,442.748724
8140,15.044643,451.339286
8141,16.11352,483.405612
8142,15.091199,452.735969
8143,14.365434,430.96301
8144,15.246173,457.385204
8145,12.883291,386.498724
8146,14.494898,434.846939
8147,13.607143,408.214286
8148,13.679209,410.376276
8149,14.429209,432.876276
8150,14.244898,427.346939
8151,14.891582,446.747449
8152,14.604592,438.137755
8153,15.664541,469.936224
8154,14.250638,427.519133
8155,15.845663,475.369898
8156,13.58227,407.468112
8157,13.875638,416.269133
8158,15.007653,450.229592
8159,13.260842,397.825255
8160,15.052296,451.568878
8161,14.444515,433.335459
8162,14.711735,441.352041
8163,12.826531,384.795918
8164,13.580995,407.429847
8165,13.626276,408.788265
8166,14.730867,441.92602
8167,14.44324,433.297194
8168,14.065689,421.970663
8169,13.701531,411.045918
8170,14.850128,445.503827
8171,16.079719,482.391582
8172,14.489158,434.674745
8173,14.566327,436.989796
8174,14.053571,421.607143
8175,14.813138,444.394133
8176,13.402423,402.072704
8177,14.160077,424.802296
8178,13.642857,409.285714
8179,15.185587,455.567602
8180,15.820791,474.623724
8181,14.669005,440.070153
8182,13.767857,413.035714
8183,15.149235,454.477041
8184,14.608418,438.252551
8185,15.24426,457.327806
8186,14.16773,425.031888
8187,14.976403,449.292092
8188,15.42602,462.780612
8189,15.595663,467.869898
8190,14.633929,439.017857
8191,16.027423,480.822704
8192,15.329082,459.872449
8193,13.897321,416.919643
8194,14.352041,430.561224
8195,15.532526,465.975765
8196,13.980867,419.42602
8197,13.242985,397.289541
8198,15.933036,477.991071
8199,13.590561,407.716837
8200,14.293367,428.80102
8201,14.246173,427.385204
8202,14.795281,443.858418
8203,14.733418,442.002551
8204,14.109056,423.271684
8205,14.216837,426.505102
8206,14.538265,436.147959
8207,14.576531,437.295918
8208,15.098852,452.965561
8209,14.646684,439.40051
8210,13.993622,419.808673
8211,15.285714,458.571429
8212,13.070153,392.104592
8213,14.93176,447.952806
8214,14.783801,443.514031
8215,13.867985,416.039541
8216,14.482781,434.483418
8217,14.164541,424.936224
8218,14.555485,436.664541
8219,13.507015,405.210459
8220,13.98023,419.406888
8221,13.961097,418.832908
8222,14.596939,437.908163
8223,14.48852,434.655612
8224,14.250638,427.519133
8225,14.598214,437.946429
8226,14.714286,441.428571
8227,16.731505,501.945153
8228,16.202806,486.084184
8229,13.927934,417.83801
8230,15.801658,474.049745
8231,14.719388,441.581633
8232,14.772959,443.188776
8233,15.790816,473.72449
8234,14.629464,438.883929
8235,15.33227,459.968112
8236,14.707908,441.237245
8237,13.972577,419.177296
8238,13.657526,409.725765
8239,18.47449,554.234694
8240,14.038903,421.167092
8241,14.190051,425.701531
8242,14.383929,431.517857
8243,14.73023,441.906888
8244,15.609056,468.271684
8245,15.757653,472.729592
8246,15.047194,451.415816
8247,14.740434,442.21301
8248,14.084821,422.544643
8249,15.805485,474.164541
8250,14.802934,444.08801
8251,13.455357,403.660714
8252,13.855867,415.67602
8253,15.152423,454.572704
8254,14.102679,423.080357
8255,14.728316,441.84949
8256,14.620536,438.616071
8257,15.415816,462.47449
8258,12.95727,388.718112
8259,14.204719,426.141582
8260,14.350128,430.503827
8261,13.858418,415.752551
8262,14.117347,423.520408
8263,14.76148,442.844388
8264,13.955995,418.679847
8265,14.014668,420.440051
8266,15.606505,468.195153
8267,13.9375,418.125
8268,14.727041,441.811224
8269,15.253189,457.595663
8270,14.790179,443.705357
8271,15.090561,452.716837
8272,15.607143,468.214286
8273,14.688776,440.663265
8274,14.797194,443.915816
8275,15.993622,479.808673
8276,14.746173,442.385204
8277,14.90625,447.1875
8278,14.66773,440.031888
8279,14.295281,428.858418
8280,13.771046,413.131378
8281,14.927934,447.83801
8282,13.377551,401.326531
8283,15.0625,451.875
8284,14.817602,444.528061
8285,15.587372,467.621173
8286,14.316327,429.489796
8287,15.1875,455.625
8288,14.539541,436.186224
8289,14.001276,420.038265
8290,15.132653,453.979592
8291,15.36926,461.077806
8292,15.173469,455.204082
8293,14.117347,423.520408
8294,13.880102,416.403061
8295,15.829719,474.891582
8296,15.563138,466.894133
8297,14.171556,425.146684
8298,13.571429,407.142857
8299,13.454719,403.641582
8300,14.595026,437.850765
8301,13.804209,414.126276
8302,14.094388,422.831633
8303,14.353316,430.59949
8304,15.464286,463.928571
8305,15.065051,451.951531
8306,15.330995,459.929847
8307,14.776786,443.303571
8308,14.734694,442.040816
8309,13.407526,402.225765
8310,15.52551,465.765306
8311,14.087372,422.621173
8312,13.729592,411.887755
8313,14.190689,425.720663
8314,14.459184,433.77551
8315,15.239796,457.193878
8316,14.529337,435.880102
8317,17.180485,515.414541
8318,14.720663,441.619898
8319,13.611607,408.348214
8320,13.556122,406.683673
8321,12.158163,364.744898
8322,14.631378,438.941327
8323,15.767219,473.016582
8324,14.81824,444.547194
8325,14.509566,435.28699
8326,14.088648,422.659439
8327,14.320791,429.623724
8328,14.960459,448.813776
8329,14.116071,423.482143
8330,14.533163,435.994898
8331,14.528699,435.860969
8332,16.397321,491.919643
8333,14.748087,442.442602
8334,15.242347,457.270408
8335,14.450255,433.507653
8336,14.90051,447.015306
8337,15.684311,470.529337
8338,15.403061,462.091837
8339,15.047194,451.415816
8340,14.627551,438.826531
8341,14.30676,429.202806
8342,13.315689,399.470663
8343,14.191964,425.758929
8344,13.216837,396.505102
8345,14.321429,429.642857
8346,14.483418,434.502551
8347,13.892857,416.785714
8348,15.891582,476.747449
8349,14.040179,421.205357
8350,14.160077,424.802296
8351,13.982143,419.464286
8352,13.174745,395.242347
8353,15.80676,474.202806
8354,15.472577,464.177296
8355,14.90051,447.015306
8356,14.950255,448.507653
8357,14.675383,440.26148
8358,14.524235,435.727041
8359,15.0625,451.875
8360,14.321429,429.642857
8361,13.910714,417.321429
8362,16.878189,506.345663
8363,13.632653,408.979592
8364,14.44324,433.297194
8365,12.867985,386.039541
8366,14.95727,448.718112
8367,13.996173,419.885204
8368,14.692602,440.778061
8369,15.361607,460.848214
8370,15.038903,451.167092
8371,14.648597,439.457908
8372,14.29273,428.781888
8373,14.517857,435.535714
8374,14.228954,426.868622
8375,15.607781,468.233418
8376,13.887117,416.61352
8377,16.149872,484.496173
8378,15.419005,462.570153
8379,14.5625,436.875
8380,15.353954,460.618622
8381,14.862245,445.867347
8382,14.159439,424.783163
8383,13.751913,412.557398
8384,14.989158,449.674745
8385,13.873724,416.211735
8386,14.778699,443.360969
8387,14.197066,425.91199
8388,14.850765,445.522959
8389,14.366709,431.001276
8390,13.742985,412.289541
8391,15.540179,466.205357
8392,14.616709,438.501276
8393,14.523597,435.707908
8394,14.827168,444.815051
8395,14.297832,428.934949
8396,14.355867,430.67602
8397,14.485969,434.579082
8398,14.504464,435.133929
8399,14.521684,435.65051
8400,13.86926,416.077806
8401,14.570153,437.104592
8402,14.481505,434.445153
8403,15.463648,463.909439
8404,12.94898,388.469388
8405,15.393495,461.804847
8406,14.946429,448.392857
8407,13.836735,415.102041
8408,14.181122,425.433673
8409,13.766582,412.997449
8410,15.221939,456.658163
8411,13.55676,406.702806
8412,14.577168,437.315051
8413,14.723852,441.715561
8414,14.133929,424.017857
8415,14.24426,427.327806
8416,14.695153,440.854592
8417,14.497449,434.923469
8418,15.836097,475.082908
8419,15.330995,459.929847
8420,12.477041,374.311224
8421,14.327168,429.815051
8422,15.160714,454.821429
8423,14.304847,429.145408
8424,14.054209,421.626276
8425,14.663903,439.917092
8426,14.360332,430.809949
8427,13.047194,391.415816
8428,13.154974,394.649235
8429,15.107143,453.214286
8430,13.586097,407.582908
8431,13.889031,416.670918
8432,14.25,427.5
8433,13.51977,405.593112
8434,13.762117,412.86352
8435,15.05102,451.530612
8436,12.765944,382.978316
8437,15.465561,463.966837
8438,15.122449,453.673469
8439,13.26977,398.093112
8440,13.915816,417.47449
8441,14.163265,424.897959
8442,14.111607,423.348214
8443,15.348852,460.465561
8444,13.707908,411.237245
8445,14.935587,448.067602
8446,15.669643,470.089286
8447,13.794643,413.839286
8448,13.105867,393.17602
8449,13.588648,407.659439
8450,14.165816,424.97449
8451,14.295281,428.858418
8452,14.99426,449.827806
8453,16.246811,487.404337
8454,13.251276,397.538265
8455,14.621173,438.635204
8456,13.371811,401.154337
8457,14.547194,436.415816
8458,14.462372,433.871173
8459,12.476403,374.292092
8460,13.655612,409.668367
8461,14.76148,442.844388
8462,14.138393,424.151786
8463,13.739158,412.174745
8464,14.401786,432.053571
8465,16.318878,489.566327
8466,15.219388,456.581633
8467,15.704719,471.141582
8468,15.227041,456.811224
8469,14.024872,420.746173
8470,14.875,446.25
8471,15.802934,474.08801
8472,13.956633,418.69898
8473,15.352679,460.580357
8474,15.479592,464.387755
8475,15.584184,467.52551
8476,14.60523,438.156888
8477,14.665179,439.955357
8478,14.378189,431.345663
8479,15.44898,463.469388
8480,14.021684,420.65051
8481,16.441964,493.258929
8482,15.172194,455.165816
8483,14.186224,425.586735
8484,14.883291,446.498724
8485,14.057398,421.721939
8486,17.13648,514.094388
8487,16.16773,485.031888
8488,14.570153,437.104592
8489,15.555485,466.664541
8490,15.977041,479.311224
8491,14.018495,420.554847
8492,13.899235,416.977041
8493,15.603316,468.09949
8494,13.881378,416.441327
8495,14.114158,423.424745
8496,15.272321,458.169643
8497,13.928571,417.857143
8498,15.284439,458.533163
8499,15.012755,450.382653
8500,15.441327,463.239796
8501,14.517219,435.516582
8502,14.464923,433.947704
8503,14.646046,439.381378
8504,15.149235,454.477041
8505,14.228316,426.84949
8506,13.96301,418.890306
8507,14.054847,421.645408
8508,15.260842,457.825255
8509,15.859056,475.771684
8510,14.022959,420.688776
8511,14.989796,449.693878
8512,14.632653,438.979592
8513,14.21875,426.5625
8514,15.13648,454.094388
8515,14.260842,427.825255
8516,14.262117,427.86352
8517,13.78699,413.609694
8518,13.459184,403.77551
8519,15.135204,454.056122
8520,14.460459,433.813776
8521,13.929847,417.895408
8522,16.476403,494.292092
8523,14.016582,420.497449
8524,14.725765,441.772959
8525,13.776786,413.303571
8526,14.278699,428.360969
8527,14.092474,422.774235
8528,14.057398,421.721939
8529,14.382015,431.460459
8530,16.021046,480.631378
8531,14.21301,426.390306
8532,12.759566,382.78699
8533,13.379464,401.383929
8534,14.765944,442.978316
8535,14.169643,425.089286
8536,14.714286,441.428571
8537,14.510204,435.306122
8538,14.035077,421.052296
8539,14.172832,425.184949
8540,14.254464,427.633929
8541,14.774235,443.227041
8542,14.140944,424.228316
8543,13.626913,408.807398
8544,14.771684,443.15051
8545,13.627551,408.826531
8546,15.902423,477.072704
8547,15.36352,460.905612
8548,14.532526,435.975765
8549,13.595663,407.869898
8550,13.185587,395.567602
8551,15.482143,464.464286
8552,14.299107,428.973214
8553,13.016582,390.497449
8554,14.824617,444.73852
8555,14.771046,443.131378
8556,15.89477,476.843112
8557,13.517219,405.516582
8558,13.952168,418.565051
8559,15.530612,465.918367
8560,14.922832,447.684949
8561,14.521684,435.65051
8562,14.61352,438.405612
8563,13.833546,415.006378
8564,15.375638,461.269133
8565,15.716199,471.485969
8566,14.804209,444.126276
8567,14.338648,430.159439
8568,15.290816,458.72449
8569,15.119898,453.596939
8570,13.947066,418.41199
8571,13.867985,416.039541
8572,13.91199,417.359694
8573,16.38648,491.594388
8574,17.341199,520.235969
8575,14.197704,425.931122
8576,14.742347,442.270408
8577,12.538903,376.167092
8578,14.51148,435.344388
8579,16.530612,495.918367
8580,12.751276,382.538265
8581,13.015306,390.459184
8582,13.977041,419.311224
8583,14.333546,430.006378
8584,14.295918,428.877551
8585,14.13648,424.094388
8586,14.081633,422.44898
8587,12.977041,389.311224
8588,13.577168,407.315051
8589,14.820153,444.604592
8590,14.151786,424.553571
8591,15.089923,452.697704
8592,15.022321,450.669643
8593,15.11926,453.577806
8594,13.763393,412.901786
8595,15.094388,452.831633
8596,15.564413,466.932398
8597,13.690689,410.720663
8598,13.901148,417.034439
8599,14.315051,429.451531
8600,15.874362,476.230867
8601,14.171556,425.146684
8602,15.884566,476.53699
8603,15.330995,459.929847
8604,14.553571,436.607143
8605,14.807398,444.221939
8606,13.809311,414.279337
8607,15.225765,456.772959
8608,15.875638,476.269133
8609,14.052934,421.58801
8610,15.334184,460.02551
8611,15.721939,471.658163
8612,15.381378,461.441327
8613,14.358418,430.752551
8614,15.38074,461.422194
8615,14.765306,442.959184
8616,14.010204,420.306122
8617,15.297194,458.915816
8618,12.665816,379.97449
8619,14.600128,438.003827
8620,14.683036,440.491071
8621,13.787628,413.628827
8622,14.143495,424.304847
8623,13.938138,418.144133
8624,13.841199,415.235969
8625,14.512755,435.382653
8626,14.672194,440.165816
8627,16.177296,485.318878
8628,13.635842,409.075255
8629,14.016582,420.497449
8630,14.838648,445.159439
8631,13.674745,410.242347
8632,14.63074,438.922194
8633,14.614796,438.443878
8634,14.003189,420.095663
8635,14.997449,449.923469
8636,14.32398,429.719388
8637,15.436224,463.086735
8638,14.487245,434.617347
8639,13.79273,413.781888
8640,13.566327,406.989796
8641,14.513393,435.401786
8642,13.747449,412.423469
8643,13.434949,403.048469
8644,15.618622,468.558673
8645,12.911352,387.340561
8646,14.506378,435.191327
8647,13.295918,398.877551
8648,15.316964,459.508929
8649,15.780612,473.418367
8650,14.735969,442.079082
8651,15.585459,467.563776
8652,13.478954,404.368622
8653,14.183036,425.491071
8654,13.348852,400.465561
8655,13.35523,400.656888
8656,13.819515,414.585459
8657,15.204719,456.141582
8658,15.15051,454.515306
8659,15.455995,463.679847
8660,14.68176,440.452806
8661,15.323342,459.700255
8662,14.852041,445.561224
8663,13.570153,407.104592
8664,14.147321,424.419643
8665,14.455995,433.679847
8666,14.834184,445.02551
8667,15.383291,461.498724
8668,14.268495,428.054847
8669,13.913265,417.397959
8670,14.199617,425.98852
8671,16.005102,480.153061
8672,13.89477,416.843112
8673,14.008929,420.267857
8674,13.892219,416.766582
8675,13.881378,416.441327
8676,15.950255,478.507653
8677,14.307398,429.221939
8678,14.954082,448.622449
8679,16.265306,487.959184
8680,14.897959,446.938776
8681,14.146046,424.381378
8682,14.014031,420.420918
8683,16.390944,491.728316
8684,13.787628,413.628827
8685,14.655612,439.668367
8686,15.346301,460.389031
8687,12.719388,381.581633
8688,14.445153,433.354592
8689,14.690689,440.720663
8690,14.976403,449.292092
8691,14.967474,449.024235
8692,14.735969,442.079082
8693,13.869898,416.096939
8694,15.786352,473.590561
8695,14.117347,423.520408
8696,13.588648,407.659439
8697,13.512117,405.36352
8698,14.223852,426.715561
8699,14.440051,433.201531
8700,15.492985,464.789541
8701,14.795918,443.877551
8702,13.438138,403.144133
8703,13.637755,409.132653
8704,17.711097,531.332908
8705,14.887755,446.632653
8706,14.554209,436.626276
8707,14.422194,432.665816
8708,14.711097,441.332908
8709,14.177934,425.33801
8710,13.637117,409.11352
8711,16.070791,482.123724
8712,15.255102,457.653061
8713,12.972577,389.177296
8714,14.396046,431.881378
8715,14.788265,443.647959
8716,14.521684,435.65051
8717,15.941327,478.239796
8718,15.953444,478.603316
8719,13.045281,391.358418
8720,14.748087,442.442602
8721,14.420918,432.627551
8722,14.360332,430.809949
8723,14.545281,436.358418
8724,13.957908,418.737245
8725,15.917092,477.512755
8726,14.286352,428.590561
8727,14.571429,437.142857
8728,14.41199,432.359694
8729,13.533801,406.014031
8730,14.144133,424.32398
8731,14.366709,431.001276
8732,15.167092,455.012755
8733,13.489796,404.693878
8734,16.617985,498.539541
8735,14.221301,426.639031
8736,15.360332,460.809949
8737,14.09949,422.984694
8738,14.645408,439.362245
8739,15.044643,451.339286
8740,15.270408,458.112245
8741,14.035714,421.071429
8742,14.03125,420.9375
8743,15.0,450.0
8744,15.494898,464.846939
8745,15.339923,460.197704
8746,15.621173,468.635204
8747,14.950893,448.526786
8748,15.235969,457.079082
8749,13.982781,419.483418
8750,15.420918,462.627551
8751,14.088648,422.659439
8752,15.496811,464.904337
8753,16.127551,483.826531
8754,14.016582,420.497449
8755,16.358418,490.752551
8756,13.561224,406.836735
8757,14.902423,447.072704
8758,15.704082,471.122449
8759,13.985332,419.559949
8760,15.561224,466.836735
8761,14.130102,423.903061
8762,14.241071,427.232143
8763,14.548469,436.454082
8764,13.387755,401.632653
8765,14.570153,437.104592
8766,15.026148,450.784439
8767,14.86926,446.077806
8768,13.58801,407.640306
8769,14.457908,433.737245
8770,15.320153,459.604592
8771,15.045918,451.377551
8772,14.177296,425.318878
8773,14.387117,431.61352
8774,16.184949,485.548469
8775,14.383929,431.517857
8776,13.959821,418.794643
8777,14.196429,425.892857
8778,13.673469,410.204082
8779,13.452806,403.584184
8780,13.725765,411.772959
8781,16.557398,496.721939
8782,13.92602,417.780612
8783,13.072704,392.181122
8784,16.506378,495.191327
8785,14.15051,424.515306
8786,15.732781,471.983418
8787,15.602679,468.080357
8788,14.928571,447.857143
8789,15.006378,450.191327
8790,15.299107,458.973214
8791,13.862245,415.867347
8792,15.30676,459.202806
8793,14.497449,434.923469
8794,15.463648,463.909439
8795,15.120536,453.616071
8796,15.120536,453.616071
8797,15.352679,460.580357
8798,14.679847,440.395408
8799,13.4375,403.125
8800,16.121173,483.635204
8801,14.71875,441.5625
8802,14.059949,421.798469
8803,14.35523,430.656888
8804,15.071429,452.142857
8805,15.070791,452.123724
8806,15.223214,456.696429
8807,15.10523,453.156888
8808,14.997449,449.923469
8809,15.376276,461.288265
8810,14.294643,428.839286
8811,14.510204,435.306122
8812,14.527423,435.822704
8813,15.216837,456.505102
8814,15.357143,460.714286
8815,14.438138,433.144133
8816,14.276786,428.303571
8817,13.854592,415.637755
8818,12.78699,383.609694
8819,13.998087,419.942602
8820,14.105867,423.17602
8821,14.851403,445.542092
8822,14.531888,435.956633
8823,14.610332,438.309949
8824,15.334184,460.02551
8825,15.321429,459.642857
8826,13.979592,419.387755
8827,15.48852,464.655612
8828,13.370536,401.116071
8829,13.556122,406.683673
8830,14.620536,438.616071
8831,15.401786,462.053571
8832,14.252551,427.576531
8833,13.760842,412.825255
8834,15.151148,454.534439
8835,15.245536,457.366071
8836,14.522959,435.688776
8837,14.763393,442.901786
8838,14.351403,430.542092
8839,13.441964,403.258929
8840,13.936224,418.086735
8841,16.295281,488.858418
8842,15.973852,479.215561
8843,14.241709,427.251276
8844,14.658163,439.744898
8845,16.544643,496.339286
8846,15.922832,477.684949
8847,15.19898,455.969388
8848,15.633291,468.998724
8849,14.758291,442.748724
8850,15.924745,477.742347
8851,15.320153,459.604592
8852,16.887755,506.632653
8853,14.129464,423.883929
8854,13.506378,405.191327
8855,14.324617,429.73852
8856,12.990434,389.71301
8857,15.104592,453.137755
8858,15.482143,464.464286
8859,13.467474,404.024235
8860,13.873087,416.192602
8861,15.272321,458.169643
8862,15.635204,469.056122
8863,14.927934,447.83801
8864,13.773597,413.207908
8865,15.181122,455.433673
8866,13.906888,417.206633
8867,15.453444,463.603316
8868,13.383929,401.517857
8869,14.336097,430.082908
8870,15.661352,469.840561
8871,15.197066,455.91199
8872,14.501276,435.038265
8873,14.389031,431.670918
8874,15.494898,464.846939
8875,13.904337,417.130102
8876,14.223214,426.696429
8877,14.868622,446.058673
8878,15.295281,458.858418
8879,14.18176,425.452806
8880,14.734056,442.021684
8881,13.456633,403.69898
8882,14.620536,438.616071
8883,14.932398,447.971939
8884,14.040816,421.22449
8885,15.225765,456.772959
8886,14.571429,437.142857
8887,14.108418,423.252551
8888,15.696429,470.892857
8889,14.711097,441.332908
8890,14.32398,429.719388
8891,13.8125,414.375
8892,14.952168,448.565051
8893,14.875,446.25
8894,15.308036,459.241071
8895,14.181122,425.433673
8896,13.735332,412.059949
8897,15.640944,469.228316
8898,15.110969,453.329082
8899,14.07398,422.219388
8900,15.315689,459.470663
8901,14.336097,430.082908
8902,14.987883,449.63648
8903,13.853316,415.59949
8904,15.022959,450.688776
8905,13.982781,419.483418
8906,15.375,461.25
8907,13.960459,418.813776
8908,13.746173,412.385204
8909,14.542092,436.262755
8910,15.142857,454.285714
8911,13.867985,416.039541
8912,14.073342,422.200255
8913,15.21875,456.5625
8914,13.915816,417.47449
8915,14.362883,430.88648
8916,14.454719,433.641582
8917,15.43176,462.952806
8918,14.444515,433.335459
8919,15.387117,461.61352
8920,15.165179,454.955357
8921,14.36352,430.905612
8922,15.661352,469.840561
8923,15.478316,464.34949
8924,15.484056,464.521684
8925,14.903061,447.091837
8926,14.475765,434.272959
8927,15.190051,455.701531
8928,14.723852,441.715561
8929,14.223852,426.715561
8930,14.91773,447.531888
8931,14.25574,427.672194
8932,15.03125,450.9375
8933,14.568878,437.066327
8934,12.808036,384.241071
8935,14.126913,423.807398
8936,15.045918,451.377551
8937,14.120536,423.616071
8938,13.262117,397.86352
8939,13.335459,400.063776
8940,14.926658,447.799745
8941,16.065051,481.951531
8942,16.08227,482.468112
8943,13.82398,414.719388
8944,14.331633,429.94898
8945,15.258929,457.767857
8946,15.754464,472.633929
8947,15.13074,453.922194
8948,14.600128,438.003827
8949,14.235332,427.059949
8950,14.834821,445.044643
8951,14.55676,436.702806
8952,14.940051,448.201531
8953,13.222577,396.677296
8954,15.214923,456.447704
8955,12.795281,383.858418
8956,14.209184,426.27551
8957,14.235969,427.079082
8958,14.74426,442.327806
8959,14.89477,446.843112
8960,14.186224,425.586735
8961,14.94324,448.297194
8962,13.718112,411.543367
8963,15.219388,456.581633
8964,14.274235,428.227041
8965,12.395408,371.862245
8966,15.163903,454.917092
8967,15.30102,459.030612
8968,14.656888,439.706633
8969,15.272959,458.188776
8970,14.128189,423.845663
8971,13.590561,407.716837
8972,15.195153,455.854592
8973,14.295918,428.877551
8974,15.713648,471.409439
8975,13.822066,414.66199
8976,13.621173,408.635204
8977,14.183036,425.491071
8978,14.491709,434.751276
8979,14.695791,440.873724
8980,14.064413,421.932398
8981,13.616071,408.482143
8982,15.574617,467.23852
8983,13.379464,401.383929
8984,15.028699,450.860969
8985,14.740434,442.21301
8986,15.195791,455.873724
8987,14.127551,423.826531
8988,15.941964,478.258929
8989,15.065051,451.951531
8990,14.284439,428.533163
8991,14.380102,431.403061
8992,15.438776,463.163265
8993,14.544005,436.320153
8994,13.695153,410.854592
8995,13.841837,415.255102
8996,14.299107,428.973214
8997,15.21301,456.390306
8998,13.196429,395.892857
8999,14.127551,423.826531
9000,13.802934,414.08801
9001,14.89477,446.843112
9002,14.035077,421.052296
9003,14.707908,441.237245
9004,14.535714,436.071429
9005,14.981505,449.445153
9006,14.204082,426.122449
9007,15.057398,451.721939
9008,15.376913,461.307398
9009,13.962372,418.871173
9010,13.596939,407.908163
9011,14.651148,439.534439
9012,13.858418,415.752551
9013,14.297832,428.934949
9014,17.282526,518.475765
9015,14.990434,449.71301
9016,13.672832,410.184949
9017,13.197066,395.91199
9018,14.939413,448.182398
9019,15.0625,451.875
9020,14.153699,424.610969
9021,13.854592,415.637755
9022,15.40625,462.1875
9023,14.077168,422.315051
9024,15.015944,450.478316
9025,15.084184,452.52551
9026,14.178571,425.357143
9027,14.393495,431.804847
9028,15.11926,453.577806
9029,13.472577,404.177296
9030,14.819515,444.585459
9031,14.370536,431.116071
9032,13.697704,410.931122
9033,15.668367,470.05102
9034,15.292092,458.762755
9035,13.684949,410.548469
9036,14.293367,428.80102
9037,13.94898,418.469388
9038,15.050383,451.51148
9039,14.930485,447.914541
9040,14.892219,446.766582
9041,15.000638,450.019133
9042,14.598214,437.946429
9043,13.982781,419.483418
9044,14.181122,425.433673
9045,14.416454,432.493622
9046,17.616709,528.501276
9047,12.883929,386.517857
9048,14.229592,426.887755
9049,13.975128,419.253827
9050,14.211097,426.332908
9051,12.918367,387.55102
9052,14.373724,431.211735
9053,15.205995,456.179847
9054,12.91199,387.359694
9055,14.464923,433.947704
9056,14.891582,446.747449
9057,14.389668,431.690051
9058,14.20727,426.218112
9059,15.57398,467.219388
9060,14.660077,439.802296
9061,15.889668,476.690051
9062,15.799107,473.973214
9063,13.85523,415.656888
9064,14.704719,441.141582
9065,13.873087,416.192602
9066,15.33227,459.968112
9067,15.116709,453.501276
9068,14.262117,427.86352
9069,14.222577,426.677296
9070,13.872449,416.173469
9071,14.265306,427.959184
9072,14.310587,429.317602
9073,14.225765,426.772959
9074,13.820791,414.623724
9075,14.390944,431.728316
9076,14.72449,441.734694
9077,14.851403,445.542092
9078,15.061862,451.855867
9079,14.276148,428.284439
9080,15.335459,460.063776
9081,13.685587,410.567602
9082,15.114796,453.443878
9083,14.132653,423.979592
9084,14.827168,444.815051
9085,14.554847,436.645408
9086,15.069515,452.085459
9087,15.815689,474.470663
9088,15.078444,452.353316
9089,15.313138,459.394133
9090,14.765944,442.978316
9091,15.633291,468.998724
9092,14.304209,429.126276
9093,13.609056,408.271684
9094,14.271046,428.131378
9095,14.945791,448.373724
9096,14.01148,420.344388
9097,14.304847,429.145408
9098,14.741709,442.251276
9099,15.028061,450.841837
9100,15.04273,451.281888
9101,15.614796,468.443878
9102,15.678571,470.357143
9103,14.131378,423.941327
9104,14.807398,444.221939
9105,14.098852,422.965561
9106,16.279337,488.380102
9107,13.01148,390.344388
9108,15.116709,453.501276
9109,13.44898,403.469388
9110,14.16773,425.031888
9111,14.990434,449.71301
9112,13.637117,409.11352
9113,15.517857,465.535714
9114,15.029337,450.880102
9115,14.67602,440.280612
9116,14.284439,428.533163
9117,14.393495,431.804847
9118,13.6875,410.625
9119,14.287628,428.628827
9120,13.26148,397.844388
9121,14.068878,422.066327
9122,15.045281,451.358418
9123,14.259566,427.78699
9124,13.413265,402.397959
9125,15.35523,460.656888
9126,16.419005,492.570153
9127,14.490434,434.71301
9128,14.850128,445.503827
9129,15.607781,468.233418
9130,14.627551,438.826531
9131,15.240434,457.21301
9132,14.286352,428.590561
9133,12.84375,385.3125
9134,16.340561,490.216837
9135,15.36926,461.077806
9136,14.302934,429.08801
9137,14.017219,420.516582
9138,15.413903,462.417092
9139,14.853316,445.59949
9140,13.892219,416.766582
9141,14.518495,435.554847
9142,15.122449,453.673469
9143,14.48023,434.406888
9144,13.443878,403.316327
9145,14.418367,432.55102
9146,14.311224,429.336735
9147,15.49426,464.827806
9148,14.430485,432.914541
9149,15.794005,473.820153
9150,13.96301,418.890306
9151,14.845026,445.350765
9152,14.578444,437.353316
9153,14.28125,428.4375
9154,14.859056,445.771684
9155,14.158163,424.744898
9156,14.779337,443.380102
9157,14.375,431.25
9158,14.586735,437.602041
9159,14.436224,433.086735
9160,15.188138,455.644133
9161,14.862883,445.88648
9162,14.980867,449.42602
9163,14.336097,430.082908
9164,15.645408,469.362245
9165,13.006378,390.191327
9166,14.526148,435.784439
9167,14.957908,448.737245
9168,14.469388,434.081633
9169,14.38648,431.594388
9170,14.455357,433.660714
9171,14.809949,444.298469
9172,16.982781,509.483418
9173,14.835459,445.063776
9174,15.580357,467.410714
9175,15.764031,472.920918
9176,14.478316,434.34949
9177,15.649872,469.496173
9178,12.666454,379.993622
9179,15.605867,468.17602
9180,14.44324,433.297194
9181,13.471939,404.158163
9182,14.987245,449.617347
9183,15.012117,450.36352
9184,15.048469,451.454082
9185,14.382653,431.479592
9186,14.047194,421.415816
9187,14.615434,438.46301
9188,14.023597,420.707908
9189,14.73023,441.906888
9190,15.140944,454.228316
9191,13.315689,399.470663
9192,14.174745,425.242347
9193,14.870536,446.116071
9194,15.524872,465.746173
9195,13.13648,394.094388
9196,15.311862,459.355867
9197,16.531888,495.956633
9198,14.470663,434.119898
9199,16.439413,493.182398
9200,13.579719,407.391582
9201,13.648597,409.457908
9202,15.231505,456.945153
9203,15.117347,453.520408
9204,14.700255,441.007653
9205,13.387117,401.61352
9206,13.637117,409.11352
9207,16.316327,489.489796
9208,14.442602,433.278061
9209,14.67602,440.280612
9210,15.366709,461.001276
9211,15.276786,458.303571
9212,14.877551,446.326531
9213,15.137755,454.132653
9214,15.137117,454.11352
9215,15.552934,466.58801
9216,13.991071,419.732143
9217,13.706633,411.19898
9218,16.642857,499.285714
9219,13.714923,411.447704
9220,15.708546,471.256378
9221,15.695153,470.854592
9222,14.538903,436.167092
9223,15.283801,458.514031
9224,16.396684,491.90051
9225,15.67602,470.280612
9226,14.737245,442.117347
9227,14.077806,422.334184
9228,14.327806,429.834184
9229,15.028061,450.841837
9230,13.130102,393.903061
9231,14.427296,432.818878
9232,13.954082,418.622449
9233,15.221301,456.639031
9234,15.625638,468.769133
9235,15.373087,461.192602
9236,15.660077,469.802296
9237,15.732781,471.983418
9238,14.857781,445.733418
9239,15.500638,465.019133
9240,16.035714,481.071429
9241,14.728316,441.84949
9242,15.466837,464.005102
9243,14.446429,433.392857
9244,13.621811,408.654337
9245,15.56824,467.047194
9246,14.123087,423.692602
9247,14.871173,446.135204
9248,14.575893,437.276786
9249,15.771046,473.131378
9250,15.059311,451.779337
9251,14.85523,445.656888
9252,14.315689,429.470663
9253,14.964286,448.928571
9254,14.709821,441.294643
9255,15.221939,456.658163
9256,13.540179,406.205357
9257,13.399235,401.977041
9258,14.282526,428.475765
9259,15.706633,471.19898
9260,13.921556,417.646684
9261,14.734694,442.040816
9262,15.989796,479.693878
9263,13.855867,415.67602
9264,14.09375,422.8125
9265,13.438138,403.144133
9266,15.338648,460.159439
9267,14.266582,427.997449
9268,14.240434,427.21301
9269,14.302296,429.068878
9270,14.975765,449.272959
9271,14.351403,430.542092
9272,14.624362,438.730867
9273,14.364796,430.943878
9274,13.844388,415.331633
9275,14.184311,425.529337
9276,13.637755,409.132653
9277,13.670281,410.108418
9278,13.126913,393.807398
9279,14.345026,430.350765
9280,15.635204,469.056122
9281,15.626913,468.807398
9282,14.979592,449.387755
9283,14.13648,424.094388
9284,15.30676,459.202806
9285,14.406888,432.206633
9286,15.745536,472.366071
9287,16.450255,493.507653
9288,15.520408,465.612245
9289,13.389031,401.670918
9290,14.932398,447.971939
9291,14.397321,431.919643
9292,14.295918,428.877551
9293,13.75574,412.672194
9294,15.374362,461.230867
9295,15.121811,453.654337
9296,15.642219,469.266582
9297,13.106505,393.195153
9298,13.80102,414.030612
9299,14.873087,446.192602
9300,14.471939,434.158163
9301,16.51148,495.344388
9302,14.698342,440.950255
9303,15.359056,460.771684
9304,14.234694,427.040816
9305,12.568878,377.066327
9306,16.048469,481.454082
9307,14.777423,443.322704
9308,14.093112,422.793367
9309,14.550383,436.51148
9310,13.633291,408.998724
9311,15.209821,456.294643
9312,15.389031,461.670918
9313,15.250638,457.519133
9314,14.401148,432.034439
9315,15.00574,450.172194
9316,14.226403,426.792092
9317,15.542092,466.262755
9318,13.028699,390.860969
9319,15.426658,462.799745
9320,15.721939,471.658163
9321,14.580995,437.429847
9322,13.54273,406.281888
9323,14.485969,434.579082
9324,14.565051,436.951531
9325,13.21301,396.390306
9326,12.432398,372.971939
9327,15.859056,475.771684
9328,14.116071,423.482143
9329,14.427934,432.83801
9330,15.501913,465.057398
9331,14.378189,431.345663
9332,14.065051,421.951531
9333,13.380102,401.403061
9334,14.424107,432.723214
9335,14.765306,442.959184
9336,15.076531,452.295918
9337,15.51977,465.593112
9338,15.9375,478.125
9339,15.422832,462.684949
9340,13.147321,394.419643
9341,15.554209,466.626276
9342,13.717474,411.524235
9343,15.66199,469.859694
9344,15.362245,460.867347
9345,15.751276,472.538265
9346,14.135204,424.056122
9347,15.177934,455.33801
9348,15.403699,462.110969
9349,15.130102,453.903061
9350,15.817602,474.528061
9351,14.86352,445.905612
9352,14.331633,429.94898
9353,14.624362,438.730867
9354,14.20727,426.218112
9355,15.301658,459.049745
9356,13.039541,391.186224
9357,15.346939,460.408163
9358,14.915816,447.47449
9359,16.232781,486.983418
9360,14.903699,447.110969
9361,13.758291,412.748724
9362,14.545281,436.358418
9363,15.41199,462.359694
9364,15.344388,460.331633
9365,13.450893,403.526786
9366,14.436224,433.086735
9367,15.46875,464.0625
9368,14.785077,443.552296
9369,14.018495,420.554847
9370,15.753827,472.614796
9371,15.049107,451.473214
9372,14.081633,422.44898
9373,15.606505,468.195153
9374,14.802296,444.068878
9375,16.954082,508.622449
9376,14.433036,432.991071
9377,15.184311,455.529337
9378,14.00574,420.172194
9379,15.351403,460.542092
9380,13.861607,415.848214
9381,14.161352,424.840561
9382,14.058673,421.760204
9383,14.88648,446.594388
9384,14.188776,425.663265
9385,14.387755,431.632653
9386,15.589286,467.678571
9387,15.415179,462.455357
9388,15.221939,456.658163
9389,14.456633,433.69898
9390,13.804209,414.126276
9391,14.222577,426.677296
9392,15.664541,469.936224
9393,14.796556,443.896684
9394,14.72449,441.734694
9395,15.227679,456.830357
9396,15.558036,466.741071
9397,13.51977,405.593112
9398,14.10523,423.156888
9399,13.868622,416.058673
9400,16.271684,488.15051
9401,13.858418,415.752551
9402,14.878827,446.364796
9403,14.388393,431.651786
9404,14.878827,446.364796
9405,14.709821,441.294643
9406,14.995536,449.866071
9407,15.251913,457.557398
9408,14.589923,437.697704
9409,15.448342,463.450255
9410,14.305485,429.164541
9411,15.028061,450.841837
9412,14.102679,423.080357
9413,15.383929,461.517857
9414,14.227679,426.830357
9415,14.842474,445.274235
9416,15.452168,463.565051
9417,15.334821,460.044643
9418,13.336097,400.082908
9419,14.043367,421.30102
9420,14.356505,430.695153
9421,15.283801,458.514031
9422,13.855867,415.67602
9423,14.397959,431.938776
9424,14.926658,447.799745
9425,15.471939,464.158163
9426,13.885204,416.556122
9427,13.440689,403.220663
9428,14.325893,429.776786
9429,15.107781,453.233418
9430,13.859056,415.771684
9431,14.385204,431.556122
9432,14.508291,435.248724
9433,13.73023,411.906888
9434,16.234694,487.040816
9435,14.845663,445.369898
9436,13.883929,416.517857
9437,14.802934,444.08801
9438,14.626913,438.807398
9439,14.705357,441.160714
9440,15.553571,466.607143
9441,15.494898,464.846939
9442,15.235332,457.059949
9443,13.824617,414.73852
9444,15.149872,454.496173
9445,14.422832,432.684949
9446,14.721301,441.639031
9447,15.058036,451.741071
9448,13.908801,417.264031
9449,14.978954,449.368622
9450,14.74426,442.327806
9451,13.744898,412.346939
9452,13.757015,412.710459
9453,14.839923,445.197704
9454,13.346301,400.389031
9455,15.658163,469.744898
9456,14.577168,437.315051
9457,16.445791,493.373724
9458,13.991071,419.732143
9459,14.144133,424.32398
9460,14.602679,438.080357
9461,13.672832,410.184949
9462,15.072704,452.181122
9463,13.923469,417.704082
9464,14.598214,437.946429
9465,14.515944,435.478316
9466,14.78699,443.609694
9467,14.401786,432.053571
9468,13.802296,414.068878
9469,15.42602,462.780612
9470,13.818878,414.566327
9471,16.697704,500.931122
9472,15.65625,469.6875
9473,15.300383,459.01148
9474,15.033801,451.014031
9475,14.162628,424.878827
9476,15.348852,460.465561
9477,16.066327,481.989796
9478,14.431122,432.933673
9479,13.702806,411.084184
9480,14.272321,428.169643
9481,15.639031,469.170918
9482,15.934311,478.029337
9483,15.067602,452.028061
9484,14.778699,443.360969
9485,15.448342,463.450255
9486,14.067602,422.028061
9487,15.925383,477.76148
9488,14.287628,428.628827
9489,15.675383,470.26148
9490,16.18176,485.452806
9491,16.030612,480.918367
9492,14.313138,429.394133
9493,14.864796,445.943878
9494,14.856505,445.695153
9495,13.121811,393.654337
9496,15.036352,451.090561
9497,16.679847,500.395408
9498,14.755102,442.653061
9499,15.68176,470.452806
9500,14.542092,436.262755
9501,15.022321,450.669643
9502,14.938138,448.144133
9503,13.846301,415.389031
9504,13.739796,412.193878
9505,13.905612,417.168367
9506,15.021046,450.631378
9507,15.627551,468.826531
9508,14.967474,449.024235
9509,13.88074,416.422194
9510,14.521684,435.65051
9511,14.556122,436.683673
9512,15.702806,471.084184
9513,14.808673,444.260204
9514,14.38648,431.594388
9515,15.297832,458.934949
9516,14.241709,427.251276
9517,14.965561,448.966837
9518,13.252551,397.576531
9519,15.620536,468.616071
9520,15.880102,476.403061
9521,14.470026,434.100765
9522,14.408801,432.264031
9523,15.407526,462.225765
9524,15.035714,451.071429
9525,15.205995,456.179847
9526,14.859694,445.790816
9527,15.272959,458.188776
9528,14.574617,437.23852
9529,13.681122,410.433673
9530,14.600765,438.022959
9531,14.476403,434.292092
9532,14.873087,446.192602
9533,13.795281,413.858418
9534,13.946429,418.392857
9535,13.038265,391.147959
9536,16.014668,480.440051
9537,14.543367,436.30102
9538,15.46301,463.890306
9539,15.388393,461.651786
9540,15.215561,456.466837
9541,13.914541,417.436224
9542,14.538903,436.167092
9543,13.960459,418.813776
9544,15.246173,457.385204
9545,14.315689,429.470663
9546,14.071429,422.142857
9547,14.278699,428.360969
9548,14.362245,430.867347
9549,14.080995,422.429847
9550,14.507653,435.229592
9551,14.742985,442.289541
9552,14.4375,433.125
9553,16.184949,485.548469
9554,15.876913,476.307398
9555,14.188776,425.663265
9556,15.58227,467.468112
9557,15.280612,458.418367
9558,15.133929,454.017857
9559,13.764668,412.940051
9560,16.243622,487.308673
9561,13.088648,392.659439
9562,13.452806,403.584184
9563,15.111607,453.348214
9564,13.804209,414.126276
9565,14.395408,431.862245
9566,14.443878,433.316327
9567,14.851403,445.542092
9568,13.783801,413.514031
9569,14.258929,427.767857
9570,13.788265,413.647959
9571,16.028699,480.860969
9572,16.13648,484.094388
9573,14.876276,446.288265
9574,13.827806,414.834184
9575,14.718112,441.543367
9576,14.615434,438.46301
9577,13.659439,409.783163
9578,13.971939,419.158163
9579,15.978954,479.368622
9580,15.321429,459.642857
9581,14.922194,447.665816
9582,13.859694,415.790816
9583,15.053571,451.607143
9584,14.840561,445.216837
9585,15.382015,461.460459
9586,14.311862,429.355867
9587,14.983418,449.502551
9588,14.898597,446.957908
9589,15.419643,462.589286
9590,14.639668,439.190051
9591,15.416454,462.493622
9592,14.825893,444.776786
9593,15.3125,459.375
9594,15.54273,466.281888
9595,15.660714,469.821429
9596,12.982143,389.464286
9597,16.186224,485.586735
9598,14.085459,422.563776
9599,16.892219,506.766582
9600,14.373724,431.211735
9601,13.819515,414.585459
9602,14.507653,435.229592
9603,14.002551,420.076531
9604,15.830357,474.910714
9605,14.71301,441.390306
9606,16.483418,494.502551
9607,15.007653,450.229592
9608,14.397321,431.919643
9609,14.024235,420.727041
9610,16.133929,484.017857
9611,15.140306,454.209184
9612,13.490434,404.71301
9613,13.735969,412.079082
9614,15.258291,457.748724
9615,15.143495,454.304847
9616,13.864158,415.924745
9617,14.297832,428.934949
9618,16.067602,482.028061
9619,15.827168,474.815051
9620,14.253827,427.614796
9621,15.096939,452.908163
9622,14.357143,430.714286
9623,16.675383,500.26148
9624,15.482143,464.464286
9625,13.55676,406.702806
9626,13.804847,414.145408
9627,14.816964,444.508929
9628,15.005102,450.153061
9629,15.66199,469.859694
9630,14.580995,437.429847
9631,14.445153,433.354592
9632,14.024872,420.746173
9633,14.589286,437.678571
9634,13.922194,417.665816
9635,15.800383,474.01148
9636,14.935587,448.067602
9637,14.864796,445.943878
9638,14.938138,448.144133
9639,14.561862,436.855867
9640,14.264031,427.920918
9641,14.894133,446.82398
9642,16.001913,480.057398
9643,14.335459,430.063776
9644,15.316327,459.489796
9645,15.96875,479.0625
9646,14.018495,420.554847
9647,13.498087,404.942602
9648,13.799745,413.992347
9649,16.20727,486.218112
9650,15.010842,450.325255
9651,13.95727,418.718112
9652,13.686224,410.586735
9653,14.876913,446.307398
9654,13.423469,402.704082
9655,14.257653,427.729592
9656,13.477041,404.311224
9657,15.334821,460.044643
9658,13.26977,398.093112
9659,15.375638,461.269133
9660,13.609694,408.290816
9661,15.417092,462.512755
9662,15.433036,462.991071
9663,13.748724,412.461735
9664,16.995536,509.866071
9665,14.040816,421.22449
9666,14.510842,435.325255
9667,13.78125,413.4375
9668,15.906888,477.206633
9669,15.850765,475.522959
9670,15.577168,467.315051
9671,14.799107,443.973214
9672,15.220663,456.619898
9673,13.927934,417.83801
9674,15.969388,479.081633
9675,15.768495,473.054847
9676,14.627551,438.826531
9677,13.322066,399.66199
9678,14.153061,424.591837
9679,14.077806,422.334184
9680,14.678571,440.357143
9681,15.316964,459.508929
9682,16.10523,483.156888
9683,14.458546,433.756378
9684,13.627551,408.826531
9685,14.075255,422.257653
9686,13.554847,406.645408
9687,13.797832,413.934949
9688,15.521046,465.631378
9689,14.057398,421.721939
9690,16.5,495.0
9691,14.721301,441.639031
9692,16.243622,487.308673
9693,15.049745,451.492347
9694,14.711097,441.332908
9695,14.137117,424.11352
9696,15.92602,477.780612
9697,14.138393,424.151786
9698,14.044643,421.339286
9699,14.503827,435.114796
9700,14.58801,437.640306
9701,14.125,423.75
9702,14.665179,439.955357
9703,14.343112,430.293367
9704,14.410714,432.321429
9705,12.980867,389.42602
9706,15.484694,464.540816
9707,14.677934,440.33801
9708,13.605867,408.17602
9709,15.774235,473.227041
9710,14.470663,434.119898
9711,13.715561,411.466837
9712,14.648597,439.457908
9713,14.544643,436.339286
9714,12.496811,374.904337
9715,15.482781,464.483418
9716,14.492347,434.770408
9717,13.772321,413.169643
9718,15.315689,459.470663
9719,13.617985,408.539541
9720,14.953444,448.603316
9721,15.741071,472.232143
9722,14.675383,440.26148
9723,15.482143,464.464286
9724,15.596939,467.908163
9725,14.23852,427.155612
9726,15.670281,470.108418
9727,15.117347,453.520408
9728,14.276786,428.303571
9729,15.302296,459.068878
9730,15.176658,455.299745
9731,15.122449,453.673469
9732,13.967474,419.024235
9733,14.901786,447.053571
9734,16.743622,502.308673
9735,14.570153,437.104592
9736,14.313138,429.394133
9737,15.174107,455.223214
9738,14.65625,439.6875
9739,14.597577,437.927296
9740,15.570153,467.104592
9741,14.155612,424.668367
9742,14.777423,443.322704
9743,13.843112,415.293367
9744,14.290179,428.705357
9745,14.279974,428.399235
9746,13.624362,408.730867
9747,14.253827,427.614796
9748,15.226403,456.792092
9749,14.989796,449.693878
9750,16.794643,503.839286
9751,15.316964,459.508929
9752,16.153061,484.591837
9753,14.459184,433.77551
9754,15.297194,458.915816
9755,14.727041,441.811224
9756,14.904974,447.149235
9757,14.65625,439.6875
9758,13.97449,419.234694
9759,15.673469,470.204082
9760,14.642857,439.285714
9761,14.361607,430.848214
9762,15.658163,469.744898
9763,15.844388,475.331633
9764,14.997449,449.923469
9765,13.204719,396.141582
9766,13.860332,415.809949
9767,13.560587,406.817602
9768,13.694515,410.835459
9769,15.809311,474.279337
9770,14.919643,447.589286
9771,13.346301,400.389031
9772,14.209184,426.27551
9773,15.010842,450.325255
9774,14.25,427.5
9775,14.507653,435.229592
9776,15.429847,462.895408
9777,15.056122,451.683673
9778,13.81824,414.547194
9779,14.754464,442.633929
9780,13.866071,415.982143
9781,14.295918,428.877551
9782,14.5625,436.875
9783,15.061862,451.855867
9784,14.010842,420.325255
9785,14.317602,429.528061
9786,14.220026,426.600765
9787,13.38648,401.594388
9788,14.082908,422.487245
9789,15.367347,461.020408
9790,14.822066,444.66199
9791,14.973214,449.196429
9792,14.59375,437.8125
9793,15.624362,468.730867
9794,13.133929,394.017857
9795,13.969388,419.081633
9796,14.462372,433.871173
9797,15.30676,459.202806
9798,15.174107,455.223214
9799,13.847577,415.427296
9800,14.311862,429.355867
9801,13.748724,412.461735
9802,15.248087,457.442602
9803,13.367985,401.039541
9804,15.232143,456.964286
9805,14.544005,436.320153
9806,13.344388,400.331633
9807,13.903061,417.091837
9808,14.882653,446.479592
9809,14.499362,434.980867
9810,14.975128,449.253827
9811,15.044005,451.320153
9812,15.012117,450.36352
9813,14.980867,449.42602
9814,14.690051,440.701531
9815,14.952806,448.584184
9816,14.755102,442.653061
9817,14.251913,427.557398
9818,14.746173,442.385204
9819,15.734056,472.021684
9820,14.34949,430.484694
9821,15.019133,450.57398
9822,14.364158,430.924745
9823,15.960459,478.813776
9824,12.389031,371.670918
9825,13.747449,412.423469
9826,16.003189,480.095663
9827,15.748087,472.442602
9828,14.370536,431.116071
9829,14.586097,437.582908
9830,14.36352,430.905612
9831,13.853954,415.618622
9832,14.631378,438.941327
9833,15.491071,464.732143
9834,14.635842,439.075255
9835,16.547194,496.415816
9836,15.293367,458.80102
9837,14.820791,444.623724
9838,13.728316,411.84949
9839,14.515944,435.478316
9840,14.864158,445.924745
9841,13.387117,401.61352
9842,14.28699,428.609694
9843,14.973214,449.196429
9844,14.772959,443.188776
9845,15.040816,451.22449
9846,14.75,442.5
9847,15.44898,463.469388
9848,13.992347,419.770408
9849,16.177934,485.33801
9850,15.684949,470.548469
9851,14.151148,424.534439
9852,15.081633,452.44898
9853,13.852041,415.561224
9854,16.480867,494.42602
9855,13.640306,409.209184
9856,15.448342,463.450255
9857,15.955995,478.679847
9858,13.344388,400.331633
9859,14.346301,430.389031
9860,14.267857,428.035714
9861,14.65051,439.515306
9862,15.000638,450.019133
9863,13.649872,409.496173
9864,15.212372,456.371173
9865,15.473852,464.215561
9866,13.887117,416.61352
9867,15.489796,464.693878
9868,16.776148,503.284439
9869,13.503189,405.095663
9870,15.440051,463.201531
9871,14.711097,441.332908
9872,14.912628,447.378827
9873,15.184311,455.529337
9874,15.285077,458.552296
9875,14.783163,443.494898
9876,16.621173,498.635204
9877,15.377551,461.326531
9878,15.751913,472.557398
9879,14.765944,442.978316
9880,15.274872,458.246173
9881,15.140944,454.228316
9882,14.528699,435.860969
9883,15.567602,467.028061
9884,14.919643,447.589286
9885,13.507653,405.229592
9886,13.45727,403.718112
9887,13.640944,409.228316
9888,14.447704,433.431122
9889,14.262755,427.882653
9890,14.379464,431.383929
9891,14.672832,440.184949
9892,15.295918,458.877551
9893,15.114796,453.443878
9894,13.649872,409.496173
9895,14.209184,426.27551
9896,15.464923,463.947704
9897,15.874362,476.230867
9898,12.945791,388.373724
9899,15.266582,457.997449
9900,14.198342,425.950255
9901,14.671556,440.146684
9902,14.290179,428.705357
9903,13.672832,410.184949
9904,15.329082,459.872449
9905,14.885204,446.556122
9906,16.265306,487.959184
9907,15.871811,476.154337
9908,13.529337,405.880102
9909,14.898597,446.957908
9910,14.571429,437.142857
9911,15.230867,456.92602
9912,15.186862,455.605867
9913,13.621811,408.654337
9914,15.140306,454.209184
9915,13.788903,413.667092
9916,13.436224,403.086735
9917,17.547832,526.434949
9918,13.513393,405.401786
9919,14.518495,435.554847
9920,15.169643,455.089286
9921,15.260204,457.806122
9922,14.820153,444.604592
9923,13.510204,405.306122
9924,13.226403,396.792092
9925,15.535077,466.052296
9926,14.506378,435.191327
9927,14.986607,449.598214
9928,14.572066,437.16199
9929,15.479592,464.387755
9930,15.540179,466.205357
9931,13.829719,414.891582
9932,14.757015,442.710459
9933,16.366709,491.001276
9934,14.76148,442.844388
9935,13.959184,418.77551
9936,15.351403,460.542092
9937,15.309311,459.279337
9938,13.430485,402.914541
9939,16.024235,480.727041
9940,14.442602,433.278061
9941,14.910077,447.302296
9942,15.064413,451.932398
9943,14.913903,447.417092
9944,15.250638,457.519133
9945,14.223214,426.696429
9946,14.698342,440.950255
9947,13.491709,404.751276
9948,14.660714,439.821429
9949,14.174745,425.242347
9950,14.174745,425.242347
9951,14.471301,434.139031
9952,14.532526,435.975765
9953,14.573342,437.200255
9954,15.14477,454.343112
9955,14.969388,449.081633
9956,14.92602,447.780612
9957,14.727679,441.830357
9958,15.373087,461.192602
9959,13.991071,419.732143
9960,14.713648,441.409439
9961,13.566964,407.008929
9962,15.920281,477.608418
9963,13.94324,418.297194
9964,13.800383,414.01148
9965,13.339286,400.178571
9966,15.355867,460.67602
9967,14.382653,431.479592
9968,14.201531,426.045918
9969,13.502551,405.076531
9970,14.984694,449.540816
9971,14.476403,434.292092
9972,14.610969,438.329082
9973,15.328444,459.853316
9974,13.782526,413.475765
9975,13.891582,416.747449
9976,14.195791,425.873724
9977,13.671556,410.146684
9978,14.96875,449.0625
9979,14.189413,425.682398
9980,13.487883,404.63648
9981,14.655612,439.668367
9982,14.112883,423.38648
9983,14.876913,446.307398
9984,14.339923,430.197704
9985,15.478316,464.34949
9986,15.138393,454.151786
9987,15.596301,467.889031
9988,14.762755,442.882653
9989,15.68176,470.452806
9990,13.164541,394.936224
9991,14.154337,424.630102
9992,14.878827,446.364796
9993,14.399872,431.996173
9994,14.579082,437.372449
9995,14.083546,422.506378
9996,15.079719,452.391582
9997,13.996173,419.885204
9998,16.237883,487.13648
9999,14.497449,434.923469
10000,13.955995,418.679847
