Date,Russia_Total,Ukraine_Total,Russia_Destroyed,Ukraine_Destroyed,Russia_Damaged,Ukraine_Damaged,Russia_Abandoned,Ukraine_Abandoned,Russia_Captured,Ukraine_Captured,Russia_Tanks,Ukraine_Tanks,Russia_AFV,Ukraine_AFV,Russia_IFV,Ukraine_IFV,Russia_APC,Ukraine_APC,Russia_Artillery,Ukraine_Artillery,Russia_Aircraft,Ukraine_Aircraft,Russia_Vehicles,Ukraine_Vehicles,Russia_Antiair,Ukraine_Antiair,Russia_Engineering,Ukraine_Engineering,Russia_Logistics,Ukraine_Logistics,month
2022-02-25,52,59,25,27,5,5,2,10,20,17,1,3,2,0,3,1,0,0,4,0,1,1,10,10,1,2,0,0,0,0,2022-02
2022-02-26,55,29,17,9,1,0,8,21,29,0,5,5,0,8,7,3,0,1,0,2,0,0,18,6,1,1,9,0,11,0,2022-02
2022-02-27,54,8,29,2,0,0,12,4,13,2,2,0,4,3,4,0,6,0,0,0,1,0,29,2,1,0,0,0,0,0,2022-02
2022-02-28,160,51,68,15,1,0,50,3,41,33,32,6,20,8,28,0,8,6,5,3,1,2,42,1,11,2,4,0,4,0,2022-02
2022-03-01,37,4,15,2,1,0,9,1,12,1,3,0,5,1,5,0,0,0,1,0,2,0,9,0,1,0,1,0,2,0,2022-03
2022-03-02,112,15,37,7,0,0,41,4,35,4,11,4,13,0,14,0,10,0,6,2,3,0,45,5,4,0,6,0,8,0,2022-03
2022-03-03,59,14,26,7,1,0,7,0,25,7,10,10,6,2,9,9,4,4,5,1,0,0,15,4,0,1,1,0,3,0,2022-03
2022-03-04,93,21,29,8,1,0,10,1,53,12,26,9,10,1,9,2,5,1,3,0,3,2,27,3,5,0,2,0,3,0,2022-03
2022-03-05,102,28,39,6,1,0,8,0,54,22,15,2,8,7,25,3,8,2,0,1,7,1,20,9,2,1,7,1,7,1,2022-03
2022-03-06,94,16,34,9,0,0,0,0,60,7,13,4,5,1,13,1,8,0,18,1,0,0,31,8,2,0,2,0,2,0,2022-03
2022-03-07,52,4,29,1,0,0,0,0,23,3,17,1,7,0,8,0,5,0,2,0,2,0,6,0,2,0,1,0,1,0,2022-03
2022-03-08,75,22,29,2,3,1,9,0,34,19,15,0,7,3,12,0,0,1,3,9,0,1,35,6,1,1,1,0,1,0,2022-03
2022-03-09,24,3,9,1,0,0,2,0,13,3,5,0,4,0,3,0,2,0,2,0,0,2,2,0,0,0,0,0,0,0,2022-03
2022-03-10,40,3,21,1,0,0,0,0,20,2,10,1,5,1,10,1,2,0,2,0,3,0,4,0,4,0,0,0,0,0,2022-03
2022-03-11,95,26,48,18,1,0,14,2,32,6,24,6,10,3,14,12,6,1,2,2,2,3,32,6,2,0,0,0,0,0,2022-03
2022-03-12,32,15,19,5,0,0,1,0,12,10,3,5,0,3,6,1,1,0,2,0,3,0,9,3,2,0,1,0,2,0,2022-03
2022-03-13,13,5,8,1,0,0,2,0,3,4,5,2,1,1,2,0,0,1,0,0,1,0,3,0,0,1,1,0,1,0,2022-03
2022-03-14,113,12,54,8,4,0,21,1,34,3,11,3,16,0,12,2,0,0,2,0,2,0,61,4,0,1,3,0,3,0,2022-03
2022-03-15,46,21,18,5,1,0,12,1,15,15,8,1,8,1,9,2,3,0,5,1,1,1,7,2,2,1,0,0,0,0,2022-03
2022-03-16,49,5,33,1,1,0,3,0,12,4,12,0,4,0,7,0,1,2,1,1,17,1,6,0,0,0,0,0,0,0,2022-03
2022-03-17,109,10,79,7,4,0,5,1,21,2,8,1,10,1,10,1,1,1,4,0,0,1,62,2,1,3,2,0,2,0,2022-03
2022-03-18,66,15,43,9,3,0,7,1,13,5,7,1,13,1,14,4,1,2,3,0,3,1,17,2,3,1,0,0,0,0,2022-03
2022-03-19,49,2,39,2,0,0,2,0,8,0,7,0,2,0,7,1,0,0,1,1,1,0,21,0,0,0,0,0,2,0,2022-03
2022-03-20,78,9,51,7,3,0,0,0,27,2,12,0,8,0,12,3,0,1,4,0,4,2,24,0,4,0,1,0,1,0,2022-03
2022-03-21,3,103,1,25,0,5,1,0,1,85,0,4,0,12,1,3,0,0,1,5,1,0,0,74,0,7,0,0,0,0,2022-03
2022-03-22,42,1,24,0,2,0,0,0,17,1,7,0,6,0,10,0,0,1,9,0,1,0,3,0,0,0,2,0,2,0,2022-03
2022-03-23,46,14,30,7,0,1,2,0,14,6,7,2,11,1,5,0,0,0,2,0,3,1,20,8,1,0,0,0,0,0,2022-03
2022-03-24,35,19,17,12,2,5,5,0,11,2,3,1,8,0,2,4,1,0,5,2,0,0,12,8,0,2,1,0,1,0,2022-03
2022-03-25,71,6,45,2,1,0,0,0,25,4,15,3,12,0,18,0,5,0,2,1,1,1,8,1,0,0,5,0,5,0,2022-03
2022-03-26,31,17,20,3,0,0,1,0,10,14,3,2,7,0,9,2,0,2,3,3,0,0,5,0,0,2,3,5,3,5,2022-03
2022-03-27,99,17,49,16,2,0,3,0,45,1,12,0,12,1,14,0,1,0,4,4,1,0,37,6,1,0,5,1,6,1,2022-03
2022-03-28,33,0,19,0,1,0,0,0,13,0,8,0,3,0,4,0,2,0,0,0,0,0,11,0,0,0,1,0,1,0,2022-03
2022-03-29,66,4,37,4,0,0,3,0,26,0,22,0,8,0,15,0,1,0,2,0,2,0,10,1,0,0,3,0,4,0,2022-03
2022-03-30,26,46,20,33,3,1,0,0,5,12,7,1,3,2,3,3,1,0,6,3,1,3,0,14,1,15,1,0,1,0,2022-03
2022-03-31,36,32,24,21,0,1,1,0,11,10,5,9,1,2,21,7,0,2,0,0,0,1,2,4,1,0,2,2,2,2,2022-03
2022-04-01,131,3,70,2,0,0,0,0,62,1,36,0,19,0,28,2,0,0,3,0,4,0,15,0,2,0,3,0,4,0,2022-04
2022-04-02,8,1,3,1,0,0,1,0,4,0,3,0,3,0,0,0,0,0,1,0,0,1,0,0,0,0,0,0,1,0,2022-04
2022-04-03,107,14,49,10,0,1,0,0,60,3,19,4,13,1,25,2,3,0,10,0,4,0,27,0,1,4,3,0,3,0,2022-04
2022-04-04,44,6,28,4,0,1,4,0,14,1,15,1,0,0,11,2,3,0,5,1,1,0,4,0,5,3,4,0,5,0,2022-04
2022-04-05,54,4,35,3,0,0,2,0,18,1,2,0,0,0,36,0,0,0,1,0,0,4,16,0,1,0,3,0,3,0,2022-04
2022-04-06,81,5,52,2,0,1,0,0,29,2,25,1,4,0,7,0,2,1,6,0,0,0,14,1,7,0,6,0,9,0,2022-04
2022-04-07,36,8,29,6,0,3,0,0,8,0,0,1,1,0,12,0,1,0,0,0,0,0,22,4,3,2,0,1,0,1,2022-04
2022-04-08,8,4,7,0,0,0,0,0,1,4,1,2,0,0,1,0,1,1,1,0,2,0,1,1,0,0,1,0,1,0,2022-04
2022-04-09,86,16,61,12,1,0,0,0,25,4,7,1,5,3,19,5,4,0,7,0,2,0,28,5,0,1,5,0,6,0,2022-04
2022-04-10,44,11,24,10,0,0,0,0,23,1,11,0,0,2,4,0,1,0,3,0,1,0,8,7,1,2,7,0,48,0,2022-04
2022-04-11,24,11,13,6,0,0,1,0,10,8,9,7,1,1,8,3,0,0,2,0,1,0,0,1,0,0,2,0,2,0,2022-04
2022-04-12,29,18,16,6,0,0,0,0,13,12,12,4,2,3,6,1,0,2,1,1,0,3,2,0,1,1,1,1,2,1,2022-04
2022-04-13,85,17,66,8,5,0,2,0,12,9,17,4,5,0,17,2,1,6,1,0,1,0,34,1,1,0,3,0,3,0,2022-04
2022-04-14,13,15,7,12,0,0,1,0,5,3,2,1,1,1,0,0,0,0,2,1,3,1,3,6,0,2,0,1,1,1,2022-04
2022-04-15,2,1,3,0,0,0,0,0,0,1,0,0,0,0,0,0,0,0,0,0,2,0,0,0,0,0,0,0,0,0,2022-04
2022-04-16,18,23,3,11,0,0,1,0,14,13,0,11,15,0,1,2,0,5,0,2,0,1,1,0,0,0,1,1,1,1,2022-04
2022-04-17,43,9,19,6,0,0,1,0,23,3,5,1,25,1,2,1,0,1,1,0,3,0,5,5,0,0,2,0,2,0,2022-04
2022-04-18,32,14,11,3,2,0,5,1,14,10,9,0,3,0,9,0,4,1,0,0,2,2,2,7,0,1,1,0,1,0,2022-04
2022-04-19,5,7,5,3,0,0,0,0,0,4,0,0,0,0,0,0,0,2,0,2,3,0,0,1,0,0,0,0,0,0,2022-04
2022-04-20,47,23,29,5,2,0,0,0,17,19,6,7,5,4,25,2,0,3,0,0,2,0,7,4,1,0,1,0,1,0,2022-04
2022-04-21,36,8,20,6,0,0,0,0,17,2,6,3,3,0,4,1,0,1,0,0,6,0,15,1,0,0,1,0,1,0,2022-04
2022-04-22,0,1,0,1,0,0,0,0,0,0,0,0,0,0,0,0,0,0,0,0,0,1,0,0,0,0,0,0,0,0,2022-04
2022-04-23,46,4,18,3,4,0,10,0,14,1,12,0,1,0,15,2,1,0,3,0,3,0,1,0,0,0,3,0,5,0,2022-04
2022-04-24,29,3,16,2,1,0,6,0,6,1,8,0,3,3,15,0,0,0,1,0,0,0,0,1,0,0,0,0,0,0,2022-04
2022-04-25,43,21,26,14,3,0,0,0,14,7,11,5,0,2,19,3,1,0,1,1,1,1,4,6,0,0,4,0,5,0,2022-04
2022-04-26,21,7,20,4,0,0,0,0,1,3,9,0,2,0,3,4,0,1,0,0,4,0,1,2,0,0,0,0,1,0,2022-04
2022-04-27,22,16,14,10,1,0,3,0,4,6,8,1,1,1,6,2,0,1,0,1,1,4,5,5,0,0,0,0,0,0,2022-04
2022-04-28,8,14,5,6,0,0,0,0,3,8,5,2,0,1,2,3,0,0,0,0,2,2,0,1,0,0,1,0,1,0,2022-04
2022-04-29,11,7,8,4,0,0,0,0,3,3,3,2,1,0,1,0,0,2,0,0,0,0,3,2,1,0,0,0,0,0,2022-04
2022-04-30,51,5,35,3,2,0,4,0,10,2,8,0,0,1,26,0,0,0,3,0,1,0,8,3,1,0,2,0,6,0,2022-04
2022-05-01,8,5,9,3,0,0,0,0,0,2,11,1,3,1,3,0,0,0,0,0,0,1,0,0,0,0,0,0,0,0,2022-05
2022-05-02,23,10,19,3,1,0,0,0,3,7,0,0,2,0,1,1,2,2,0,0,1,0,6,2,1,4,0,0,0,0,2022-05
2022-05-03,32,11,21,4,0,0,0,0,11,7,0,4,3,0,9,0,2,0,0,0,4,0,10,8,1,0,1,0,2,0,2022-05
2022-05-04,43,5,34,2,4,0,0,0,5,3,5,0,14,0,6,0,1,0,1,3,2,0,13,2,0,0,1,0,1,0,2022-05
2022-05-05,28,4,23,1,1,0,0,0,6,3,3,0,8,0,8,2,0,0,0,0,2,0,8,0,0,0,0,0,1,0,2022-05
2022-05-06,26,5,23,0,1,1,0,0,2,4,17,2,2,1,11,2,0,1,0,0,0,0,1,0,1,0,0,0,0,0,2022-05
2022-05-07,4,8,2,6,2,1,0,0,2,1,0,2,0,0,0,1,0,1,0,0,0,1,2,0,1,2,0,1,0,1,2022-05
2022-05-08,39,1,19,0,0,0,10,0,10,1,10,1,4,0,8,0,0,0,2,0,4,0,1,0,0,0,7,0,7,0,2022-05
2022-05-09,56,8,42,5,3,0,1,0,10,3,8,1,2,0,8,1,0,2,1,0,1,1,23,3,1,0,4,0,4,0,2022-05
2022-05-10,9,6,3,4,0,0,0,0,6,2,4,2,1,0,2,0,0,1,1,1,1,0,0,0,0,0,0,0,0,0,2022-05
2022-05-11,44,6,34,5,1,0,0,0,9,1,17,3,11,0,1,0,0,0,4,0,2,2,6,1,0,0,0,0,0,0,2022-05
2022-05-12,0,0,0,0,0,0,0,0,0,0,0,0,0,0,0,0,0,0,0,0,0,0,0,0,0,0,0,0,0,0,2022-05
2022-05-13,36,19,21,7,3,0,7,0,5,12,6,0,5,0,11,5,0,2,3,1,3,0,7,4,0,0,1,0,1,2,2022-05
2022-05-14,16,5,7,2,0,0,3,0,6,3,1,3,4,0,5,0,0,1,0,0,0,0,2,1,0,0,2,0,3,0,2022-05
2022-05-15,0,0,0,0,0,0,0,0,0,0,0,0,0,0,0,0,0,0,0,0,0,0,0,0,0,0,0,0,0,0,2022-05
2022-05-16,0,0,0,0,0,0,0,0,0,0,0,0,0,0,0,0,0,0,0,0,0,0,0,0,0,0,0,0,0,0,2022-05
2022-05-17,0,0,0,0,0,0,0,0,0,0,0,0,0,0,0,0,0,0,0,0,0,0,0,0,0,0,0,0,0,0,2022-05
2022-05-18,0,0,0,0,0,0,0,0,0,0,0,0,0,0,0,0,0,0,0,0,0,0,0,0,0,0,0,0,0,0,2022-05
2022-05-19,6,1,1,1,0,0,5,0,0,0,2,0,0,0,4,0,0,0,0,0,0,0,0,0,0,0,0,0,0,0,2022-05
2022-05-20,28,11,20,4,0,1,2,0,6,6,11,6,3,0,5,2,0,0,0,2,3,0,1,0,3,0,0,0,1,0,2022-05
2022-05-21,23,6,20,4,0,0,0,0,3,2,3,2,1,2,7,1,1,0,2,0,2,1,2,0,1,0,0,0,1,0,2022-05
2022-05-22,62,6,42,5,1,0,2,0,17,1,6,5,14,0,17,1,1,0,3,0,9,1,11,1,0,0,0,0,0,0,2022-05
2022-05-23,121,2,111,2,0,0,0,0,10,0,3,0,8,0,2,0,0,0,0,0,1,2,104,0,0,0,0,0,1,0,2022-05
2022-05-24,118,0,102,0,0,0,2,0,14,0,2,0,5,0,7,0,1,0,0,0,0,0,102,0,0,0,2,0,2,0,2022-05
2022-05-25,67,6,52,6,0,0,11,0,4,0,22,1,4,0,30,0,0,0,0,1,2,0,0,3,0,0,5,0,6,0,2022-05
2022-05-26,46,-1,26,0,0,0,12,0,8,0,15,0,4,0,9,0,0,0,0,0,3,0,5,0,0,0,13,0,14,0,2022-05
2022-05-27,9,6,8,1,0,0,0,0,1,5,1,0,1,1,2,0,1,0,0,2,1,0,2,1,1,0,0,0,0,0,2022-05
2022-05-28,18,23,13,14,0,0,0,0,6,9,2,8,6,0,2,1,0,0,2,2,2,4,1,0,0,1,3,0,3,0,2022-05
2022-05-29,5,1,3,1,0,0,0,0,2,0,2,0,0,0,3,0,0,0,1,0,0,1,0,0,0,0,0,0,0,0,2022-05
2022-05-30,9,10,7,4,0,0,0,0,2,7,3,1,0,0,9,7,0,1,0,3,0,0,1,0,0,0,0,0,0,0,2022-05
2022-05-31,4,4,4,2,0,0,0,0,0,2,1,1,1,1,1,1,0,0,0,0,1,0,1,0,0,0,0,0,0,0,2022-05
2022-06-01,14,2,12,3,0,0,0,0,5,0,5,0,1,1,6,0,0,0,0,2,1,0,1,0,0,0,0,0,0,0,2022-06
2022-06-02,6,0,3,0,0,0,0,0,3,0,2,0,0,0,0,0,0,0,0,0,4,0,0,0,0,0,0,0,0,0,2022-06
2022-06-03,2,0,0,0,0,0,0,0,2,0,2,0,0,0,0,0,0,0,0,0,0,0,0,0,0,0,0,0,0,0,2022-06
2022-06-04,24,8,17,6,1,0,2,0,4,2,10,3,3,0,4,1,0,1,1,1,1,0,2,2,0,0,0,0,1,0,2022-06
2022-06-05,0,3,2,0,0,0,0,0,0,3,0,1,1,0,0,0,0,0,0,0,1,0,1,0,0,0,0,0,0,0,2022-06
2022-06-06,8,4,6,2,1,0,0,0,2,2,2,0,0,2,4,0,3,0,0,0,0,1,1,1,0,0,0,0,0,0,2022-06
2022-06-07,9,2,7,2,1,0,0,0,1,0,0,0,2,0,2,1,0,0,0,0,1,1,3,0,0,0,0,0,0,0,2022-06
2022-06-08,17,0,16,0,3,0,0,0,0,0,0,0,0,0,6,0,0,0,1,0,1,0,6,0,0,0,0,0,0,0,2022-06
2022-06-09,2,3,3,0,0,1,0,0,0,2,2,1,1,0,0,0,0,0,0,1,0,0,2,0,0,0,0,0,0,0,2022-06
2022-06-10,33,5,30,3,1,2,2,0,0,0,4,1,2,0,5,0,1,0,1,2,2,1,10,0,0,0,0,0,0,0,2022-06
2022-06-11,6,0,5,0,0,0,0,0,1,0,1,0,0,0,1,0,0,0,1,0,0,0,3,0,0,0,0,0,0,0,2022-06
2022-06-12,26,0,20,0,2,0,0,0,4,0,7,0,4,0,2,0,0,0,1,0,1,0,11,0,0,0,0,0,0,0,2022-06
2022-06-13,11,4,9,2,0,0,2,0,0,2,0,0,4,0,3,2,0,0,0,0,1,2,0,0,0,0,0,0,0,0,2022-06
2022-06-14,4,0,4,0,0,0,0,0,0,0,0,0,2,0,2,0,0,0,0,0,0,0,0,0,0,0,0,0,0,0,2022-06
2022-06-15,0,7,0,7,0,0,0,0,0,0,0,0,0,2,0,1,0,1,0,1,0,1,0,1,0,0,0,0,0,0,2022-06
2022-06-16,-9,1,0,0,0,0,0,0,0,1,7,0,0,0,1,0,0,0,0,0,5,0,0,0,0,0,0,0,0,0,2022-06
2022-06-17,0,0,0,0,0,0,0,0,0,0,0,0,0,0,0,0,0,0,0,0,0,0,0,0,0,0,0,0,0,0,2022-06
2022-06-18,-7,0,12,0,3,0,4,0,0,0,0,0,0,0,0,0,0,0,1,0,1,0,0,0,0,0,11,0,17,0,2022-06
2022-06-19,22,13,18,9,0,1,0,0,6,3,5,2,2,1,11,3,1,1,3,0,2,1,2,0,0,0,0,2,0,3,2022-06
2022-06-20,0,2,0,3,0,0,0,0,0,0,0,0,0,0,0,0,0,0,0,0,0,0,0,0,0,0,0,0,0,0,2022-06
2022-06-21,16,10,13,8,2,0,1,2,0,0,3,2,1,0,8,4,0,0,0,2,3,0,1,2,0,0,0,0,0,0,2022-06
2022-06-22,0,0,0,0,0,0,0,0,0,0,0,0,0,0,0,0,0,0,0,0,0,0,0,0,0,0,0,0,0,0,2022-06
2022-06-23,0,0,0,0,0,0,0,0,0,0,0,0,0,0,0,0,0,0,0,0,0,0,0,0,0,0,0,0,0,0,2022-06
2022-06-24,0,0,0,0,0,0,0,0,0,0,0,0,0,0,0,0,0,0,0,0,0,0,0,0,0,0,0,0,0,0,2022-06
2022-06-25,0,0,0,0,0,0,0,0,0,0,0,0,0,0,0,0,0,0,0,0,0,0,0,0,0,0,0,0,0,0,2022-06
2022-06-26,9,0,8,0,1,0,0,0,0,0,0,0,0,0,0,1,0,0,0,0,0,0,7,0,0,0,1,0,1,0,2022-06
2022-06-27,8,0,8,0,0,0,0,0,0,0,0,0,0,0,0,0,0,0,0,0,0,0,6,0,0,0,0,0,0,0,2022-06
2022-06-28,71,14,55,8,4,1,1,0,11,5,34,2,22,0,14,2,3,0,5,1,3,3,5,0,0,0,2,1,3,1,2022-06
2022-06-29,48,1,42,1,2,0,7,0,0,0,4,0,10,0,28,0,1,0,6,0,0,0,0,1,0,0,2,0,3,0,2022-06
2022-06-30,-1,0,1,0,0,0,0,0,0,0,0,0,1,0,0,0,0,0,0,0,0,0,0,0,0,0,0,0,0,0,2022-06
2022-07-01,0,0,0,0,0,0,0,0,0,0,0,0,0,0,0,0,0,0,0,0,0,0,0,0,0,0,0,0,0,0,2022-07
2022-07-02,58,2,47,2,6,0,0,0,5,0,13,0,10,0,9,0,1,0,1,2,1,0,15,0,0,0,1,0,2,0,2022-07
2022-07-03,-1,8,0,4,0,1,0,0,2,3,3,0,0,1,0,0,0,0,0,4,0,0,0,1,0,0,0,0,0,0,2022-07
2022-07-04,7,-2,8,1,0,0,0,0,0,0,7,0,0,0,0,0,1,0,0,0,2,0,2,0,2,0,0,0,1,0,2022-07
2022-07-05,12,0,8,0,2,0,0,0,2,0,3,0,0,0,5,0,0,0,0,0,1,0,3,0,0,0,0,0,1,0,2022-07
2022-07-06,5,2,7,2,1,0,0,0,0,0,2,0,1,1,0,1,0,0,0,0,0,0,3,0,0,0,0,0,0,0,2022-07
2022-07-07,31,13,23,11,4,0,0,0,4,2,12,0,3,3,0,0,0,0,0,0,0,0,0,3,0,0,0,1,0,1,2022-07
2022-07-08,20,4,20,2,0,0,2,0,1,2,5,2,1,0,5,2,0,0,0,0,0,0,11,0,1,0,0,0,0,0,2022-07
2022-07-09,16,0,14,0,0,0,0,0,2,0,4,0,4,0,3,0,0,0,1,0,0,0,3,0,0,0,1,0,1,0,2022-07
2022-07-10,6,7,4,7,0,0,2,0,0,0,5,0,1,0,0,0,0,0,0,0,0,7,1,0,0,0,0,0,0,0,2022-07
2022-07-11,19,20,16,5,1,0,0,0,2,15,7,3,2,3,2,5,0,0,3,2,1,0,5,2,0,0,0,2,0,2,2022-07
2022-07-12,9,-1,4,0,0,0,0,0,5,0,0,0,4,0,4,0,1,0,0,0,0,0,0,0,0,0,0,0,0,0,2022-07
2022-07-13,14,3,13,3,0,0,1,0,0,0,0,0,3,0,2,1,1,0,1,1,0,0,1,0,0,0,0,0,0,0,2022-07
2022-07-14,16,5,15,5,1,0,0,0,0,0,1,0,1,0,2,0,2,0,0,0,1,3,9,0,0,0,0,0,0,2,2022-07
2022-07-15,12,0,10,0,0,0,1,0,1,0,4,0,0,0,0,0,0,0,1,0,0,0,7,0,0,0,0,0,0,0,2022-07
2022-07-16,13,3,12,2,0,0,0,0,1,1,3,0,4,0,1,1,1,1,1,0,0,0,1,0,0,0,0,0,0,0,2022-07
2022-07-17,10,2,9,2,0,0,0,0,1,0,6,0,1,0,0,0,0,0,0,2,0,0,4,0,0,0,0,0,0,0,2022-07
2022-07-18,-24,3,0,2,0,0,0,0,0,1,0,1,0,0,25,0,0,0,2,1,1,0,0,0,0,0,0,0,1,0,2022-07
2022-07-19,19,1,15,1,0,0,0,0,5,0,4,1,4,0,2,0,1,0,1,0,3,0,0,0,1,0,2,0,5,0,2022-07
2022-07-20,11,38,11,25,0,0,0,0,0,13,3,10,0,4,2,6,1,4,2,0,0,0,0,8,0,0,1,0,2,1,2022-07
2022-07-21,0,0,1,2,0,0,0,0,0,0,0,1,0,0,0,1,0,0,3,0,0,0,0,0,0,0,0,0,0,0,2022-07
2022-07-22,0,0,0,0,0,0,0,0,0,0,0,0,0,0,0,0,0,0,0,0,0,0,0,0,0,0,0,0,0,0,2022-07
2022-07-23,31,55,27,50,1,0,0,0,3,5,9,9,5,14,5,10,2,8,0,2,0,1,4,3,0,0,0,2,0,2,2022-07
2022-07-24,22,-1,43,0,0,0,0,0,0,0,3,0,1,0,7,0,0,0,2,0,2,0,4,0,2,0,0,0,0,0,2022-07
2022-07-25,8,9,5,8,0,0,0,0,4,1,2,2,2,0,0,1,0,0,1,0,0,1,3,5,0,0,1,0,1,0,2022-07
2022-07-26,10,4,6,3,0,0,0,0,4,1,5,1,0,0,3,0,1,0,0,0,0,1,0,1,0,0,1,0,1,0,2022-07
2022-07-27,132,0,121,0,0,0,3,0,8,0,6,0,0,0,12,0,6,0,2,0,0,0,101,0,0,0,3,0,6,0,2022-07
2022-07-28,9,4,7,3,1,0,1,0,0,1,2,0,1,0,3,0,0,0,0,1,1,0,0,0,0,0,0,1,0,2,2022-07
2022-07-29,12,0,10,0,0,0,0,0,2,0,3,0,0,0,2,0,0,0,0,0,1,0,4,0,0,0,0,0,0,0,2022-07
2022-07-30,10,8,8,6,0,0,0,0,2,2,7,3,0,1,2,0,0,0,0,0,0,1,2,1,0,0,0,0,0,0,2022-07
2022-07-31,23,2,19,1,0,0,0,0,4,1,6,0,1,0,2,0,0,0,2,1,1,1,5,0,1,0,0,0,2,0,2022-07
2022-08-01,13,6,8,3,1,0,0,0,4,3,4,0,2,0,3,4,0,0,2,0,0,0,1,1,0,0,0,0,0,0,2022-08
2022-08-02,12,6,6,5,0,0,1,0,5,1,3,0,3,0,3,0,1,0,0,1,0,0,1,2,1,1,0,0,0,0,2022-08
2022-08-03,9,1,7,1,0,0,0,0,2,0,2,0,1,0,4,1,1,0,2,0,0,0,1,0,0,0,1,0,2,0,2022-08
2022-08-04,8,0,2,0,2,0,0,0,4,0,0,0,3,0,3,0,0,0,0,0,0,0,2,0,0,0,0,0,0,0,2022-08
2022-08-05,6,0,3,0,2,0,0,0,1,0,1,0,0,0,3,0,1,0,0,0,0,0,2,0,0,0,0,0,0,0,2022-08
2022-08-06,15,29,10,26,1,1,2,0,2,2,3,0,3,10,1,7,2,6,0,2,2,2,2,11,0,0,0,0,1,0,2022-08
2022-08-07,12,11,10,13,0,0,0,0,2,0,2,0,3,0,6,2,0,3,0,12,0,0,2,0,0,0,0,1,0,1,2022-08
2022-08-08,8,13,4,10,1,1,0,0,4,2,0,1,0,0,7,0,0,6,0,3,0,0,1,2,1,0,0,0,0,0,2022-08
2022-08-09,12,20,12,18,0,1,1,0,0,1,3,1,7,4,0,9,0,2,0,1,1,1,2,2,1,0,0,0,1,0,2022-08
2022-08-10,24,2,18,2,5,0,1,0,0,0,3,2,2,0,0,0,0,0,0,1,11,0,6,1,0,0,1,0,2,0,2022-08
2022-08-11,20,0,16,0,0,0,0,0,4,0,3,0,4,0,4,0,0,0,1,0,1,0,5,0,0,0,0,0,1,0,2022-08
2022-08-12,10,0,6,0,1,0,0,0,3,0,1,0,0,0,4,0,1,0,0,0,0,0,1,0,0,0,0,0,1,0,2022-08
2022-08-13,13,5,12,3,0,1,0,0,1,1,2,0,0,0,2,3,0,0,53,1,5,0,0,0,0,0,0,0,0,0,2022-08
2022-08-14,4,5,12,1,2,0,0,0,2,4,4,4,2,0,1,1,0,0,2,0,0,0,0,0,0,0,0,0,0,0,2022-08
2022-08-15,14,3,13,3,0,0,0,0,1,0,6,0,1,0,2,1,0,0,0,1,2,0,1,0,0,0,0,0,0,0,2022-08
2022-08-16,7,9,4,7,1,0,0,0,2,2,3,1,2,0,0,7,0,0,0,0,1,1,1,0,0,0,0,0,0,0,2022-08
2022-08-17,14,1,10,1,1,0,2,0,1,0,6,0,3,0,0,0,0,0,0,0,0,1,2,0,0,0,0,0,0,0,2022-08
2022-08-18,8,2,7,1,0,1,0,0,1,0,3,0,0,0,1,0,0,0,1,1,0,0,2,0,0,1,0,0,0,0,2022-08
2022-08-19,12,7,10,6,0,1,0,0,2,0,5,1,2,1,3,1,0,0,0,0,1,1,0,0,0,0,1,0,1,0,2022-08
2022-08-20,6,5,6,4,0,0,0,0,0,1,1,0,1,0,2,2,0,0,0,2,0,0,0,0,1,0,0,0,0,0,2022-08
2022-08-21,-6,0,1,0,2,0,0,0,0,0,0,0,0,0,12,0,0,0,0,0,0,0,0,0,0,0,0,0,0,0,2022-08
2022-08-22,80,4,75,4,3,0,0,0,8,0,2,1,0,1,13,0,0,0,7,0,5,2,48,0,0,0,3,0,9,0,2022-08
2022-08-23,11,0,10,0,0,0,0,0,8,0,0,0,1,0,0,0,1,0,1,0,0,0,8,0,0,0,1,0,1,0,2022-08
2022-08-24,-10,1,0,1,2,0,0,0,0,0,2,1,2,0,0,0,0,0,0,0,0,0,0,0,0,0,0,0,0,0,2022-08
2022-08-25,18,1,11,0,1,0,0,0,6,1,6,1,3,0,5,0,0,0,2,0,1,0,0,0,0,0,0,0,0,0,2022-08
2022-08-26,0,0,0,0,0,0,0,0,0,0,0,0,0,0,0,0,0,0,0,0,0,0,0,0,0,0,0,0,0,0,2022-08
2022-08-27,4,-2,2,3,0,0,0,0,4,0,2,0,1,2,6,0,0,0,0,0,0,0,0,0,0,0,0,0,0,0,2022-08
2022-08-28,18,3,16,2,1,0,1,0,0,1,9,0,0,1,4,0,0,0,0,0,2,0,3,0,0,0,0,0,0,0,2022-08
2022-08-29,0,3,0,3,0,0,0,0,1,0,0,0,0,0,0,1,0,0,1,1,0,0,1,1,0,0,0,0,0,0,2022-08
2022-08-30,13,11,11,8,2,0,0,3,0,0,2,3,3,1,2,4,0,0,2,0,0,0,4,0,0,0,0,0,0,0,2022-08
2022-08-31,13,2,13,2,0,0,0,0,1,0,4,0,0,0,6,0,0,0,0,0,1,0,2,0,0,1,0,0,0,0,2022-08
2022-09-01,8,6,5,6,1,0,0,0,2,0,0,5,1,0,1,0,0,0,1,0,0,0,1,0,0,1,0,0,0,0,2022-09
2022-09-02,15,1,14,0,0,0,0,0,1,1,4,0,2,0,5,0,2,1,0,0,1,0,0,0,0,0,1,0,1,0,2022-09
2022-09-03,24,1,16,0,3,0,0,1,5,1,6,1,5,0,9,1,0,0,0,0,1,0,2,0,1,0,0,0,0,0,2022-09
2022-09-04,19,9,11,7,0,2,0,0,8,0,4,2,2,0,3,2,1,3,1,0,1,2,1,0,0,0,0,0,1,0,2022-09
2022-09-05,24,3,14,3,0,0,0,0,10,0,4,0,2,1,9,0,0,0,1,0,0,0,3,0,3,0,0,0,0,0,2022-09
2022-09-06,0,0,0,0,0,0,0,0,0,0,0,0,0,0,0,0,0,0,0,0,0,0,0,0,0,0,0,0,0,0,2022-09
2022-09-07,71,5,49,5,0,0,0,0,22,0,11,2,3,0,19,0,4,1,8,1,1,0,11,1,0,0,1,0,2,0,2022-09
2022-09-08,48,3,15,3,1,0,1,0,31,0,6,1,1,0,21,1,1,0,3,0,0,0,10,0,0,0,1,0,2,0,2022-09
2022-09-09,38,10,9,6,0,1,0,3,29,0,8,0,2,1,9,3,2,0,2,0,0,5,14,0,2,0,0,0,0,0,2022-09
2022-09-10,65,2,25,0,1,2,0,0,39,0,12,0,4,0,16,0,1,2,6,0,1,0,17,0,1,0,3,0,9,0,2022-09
2022-09-11,100,5,5,3,0,0,1,2,94,0,24,3,11,1,31,2,0,1,3,0,0,0,20,0,0,0,5,0,7,0,2022-09
2022-09-12,102,3,45,3,0,0,0,0,57,0,14,1,15,0,20,0,2,0,15,0,4,0,14,1,0,1,4,0,7,0,2022-09
2022-09-13,79,5,42,4,0,0,0,0,37,1,25,1,9,1,18,2,2,0,5,1,1,0,10,0,0,0,1,2,7,2,2022-09
2022-09-14,68,4,14,4,1,0,0,0,53,2,10,4,4,0,21,1,5,1,8,0,0,0,9,0,0,0,1,0,8,0,2022-09
2022-09-15,48,2,19,3,3,0,0,0,26,0,8,0,11,1,11,1,1,0,3,0,0,0,5,0,0,0,2,0,4,0,2022-09
2022-09-16,0,0,0,0,0,0,0,0,0,0,0,0,0,0,0,0,0,0,0,0,0,0,1,0,0,0,0,0,0,0,2022-09
2022-09-17,71,7,38,7,1,0,0,0,32,0,7,0,11,1,9,4,1,2,4,0,1,0,35,0,0,0,1,0,1,0,2022-09
2022-09-18,25,4,10,4,1,0,0,0,14,0,12,2,3,0,4,0,0,0,3,1,0,0,4,1,0,0,0,0,0,0,2022-09
2022-09-19,9,5,9,3,1,1,0,0,0,1,9,1,3,0,3,1,0,0,0,1,1,1,0,0,0,0,0,0,0,0,2022-09
2022-09-20,-1,0,0,0,0,0,0,0,0,0,1,0,0,0,0,0,0,0,1,0,0,0,0,0,0,0,0,0,0,0,2022-09
2022-09-21,108,20,49,11,1,0,1,7,57,2,19,1,3,1,11,11,2,0,6,0,0,1,43,0,0,0,1,0,15,0,2022-09
2022-09-22,30,0,8,0,0,0,0,0,22,0,7,0,3,0,13,0,0,0,1,0,1,0,4,0,0,0,1,0,2,0,2022-09
2022-09-23,32,1,14,1,1,0,1,0,16,0,3,0,4,0,4,1,1,0,3,0,3,0,12,0,0,0,1,0,2,0,2022-09
2022-09-24,20,0,11,0,1,0,0,0,8,0,2,0,4,0,6,0,1,0,0,0,2,0,5,0,2,0,1,0,1,0,2022-09
2022-09-25,6,1,2,1,0,0,2,0,2,0,4,0,0,0,1,0,0,0,1,0,0,1,0,0,0,0,0,0,0,0,2022-09
2022-09-26,-1,22,0,12,8,3,0,2,0,5,0,3,5,3,6,9,0,3,0,0,0,0,1,2,0,0,1,0,0,0,2022-09
2022-09-27,32,4,25,3,0,1,0,0,10,0,7,0,2,0,3,1,0,3,5,0,0,0,10,0,2,0,2,0,3,0,2022-09
2022-09-28,40,5,20,5,4,0,0,0,17,0,3,0,4,0,12,2,1,0,1,1,1,0,12,2,0,0,1,0,3,0,2022-09
2022-09-29,58,5,37,5,2,0,0,0,21,0,21,1,0,0,9,0,40,1,4,0,1,1,14,2,0,0,2,0,3,0,2022-09
2022-09-30,41,3,18,3,0,0,0,0,23,0,13,3,4,0,10,1,0,0,3,0,0,0,3,0,0,0,2,0,6,0,2022-09
2022-10-01,41,2,18,1,1,1,0,0,22,0,8,0,0,1,11,0,0,0,0,1,2,1,11,0,0,0,1,0,2,0,2022-10
2022-10-02,39,0,20,0,0,0,0,0,19,0,9,0,5,0,11,0,1,0,1,0,2,0,5,0,0,0,2,0,3,0,2022-10
2022-10-03,34,15,14,11,1,0,1,4,18,0,7,3,4,0,3,1,3,5,1,0,2,2,11,0,0,0,1,0,1,0,2022-10
2022-10-04,42,7,16,5,0,2,2,0,24,0,14,1,4,1,7,0,4,0,0,0,1,1,8,2,0,0,0,0,1,0,2022-10
2022-10-05,48,6,20,4,0,1,2,0,27,1,18,1,2,0,13,0,2,1,2,0,0,0,5,2,0,0,1,0,1,0,2022-10
2022-10-06,41,1,22,1,0,0,0,0,19,0,12,0,4,0,6,0,1,1,5,0,0,0,6,0,0,0,0,0,0,0,2022-10
2022-10-07,37,11,12,7,0,2,0,0,25,2,6,2,9,0,9,1,0,4,2,2,1,0,7,0,0,0,1,0,1,0,2022-10
2022-10-08,34,34,15,14,2,6,0,12,18,2,2,8,3,4,14,7,3,1,3,0,1,0,5,0,1,1,0,0,0,0,2022-10
2022-10-09,58,35,30,31,1,1,0,2,27,1,12,3,10,7,14,8,2,5,4,0,2,0,10,4,1,0,1,0,1,0,2022-10
2022-10-10,-4,-6,0,0,0,0,0,0,0,0,0,0,0,0,0,0,0,0,0,0,0,0,0,0,0,0,0,0,0,0,2022-10
2022-10-11,55,19,35,20,2,1,0,0,19,5,13,2,3,1,10,0,5,2,6,3,1,1,15,3,0,1,0,1,1,1,2022-10
2022-10-12,30,10,15,7,1,2,0,0,14,1,5,2,1,0,7,3,2,2,3,1,0,1,6,0,1,1,0,0,0,0,2022-10
2022-10-13,-4,-1,0,0,0,0,0,0,0,0,0,1,0,0,0,0,0,0,0,0,0,0,0,0,0,0,0,0,0,0,2022-10
2022-10-14,67,9,42,7,1,0,0,0,24,2,8,0,9,0,7,2,3,2,6,0,0,2,8,1,0,0,0,0,3,0,2022-10
2022-10-15,23,11,13,9,0,0,1,1,9,1,5,2,3,0,8,4,1,1,1,0,0,0,3,1,0,2,0,0,1,0,2022-10
2022-10-16,9,34,4,12,0,2,2,0,3,20,5,5,1,3,1,3,0,2,0,7,0,1,2,3,0,2,0,0,0,0,2022-10
2022-10-17,279,138,232,54,2,0,0,0,49,85,46,14,28,12,95,26,10,22,14,15,1,0,67,12,2,4,8,4,16,4,2022-10
2022-10-18,25,17,16,4,1,3,0,0,8,10,7,0,1,1,6,0,1,8,6,0,0,0,4,1,0,2,1,1,1,1,2022-10
2022-10-19,7,12,0,9,0,0,1,0,8,3,0,3,0,2,2,5,2,2,4,0,2,0,3,1,0,0,0,0,1,0,2022-10
2022-10-20,24,15,18,6,0,3,1,0,5,6,5,4,4,4,4,2,1,0,2,0,1,0,2,1,0,3,2,1,2,1,2022-10
2022-10-21,11,13,5,10,2,0,0,0,4,3,1,4,0,1,5,5,0,0,1,0,0,0,2,0,0,0,0,0,0,0,2022-10
2022-10-22,11,16,8,11,0,0,0,0,3,5,2,6,0,5,7,2,0,5,2,0,0,0,1,0,0,1,1,0,2,0,2022-10
2022-10-23,24,3,17,2,0,0,0,0,7,1,6,0,1,0,8,3,1,0,0,0,1,0,4,0,0,0,0,0,2,0,2022-10
2022-10-24,33,2,23,4,0,0,1,0,9,0,8,2,1,0,8,1,1,0,2,0,0,0,4,0,0,0,0,0,2,0,2022-10
2022-10-25,28,11,18,7,1,1,0,1,9,2,5,0,0,0,3,2,3,0,1,0,0,6,8,2,0,0,2,0,3,0,2022-10
2022-10-26,36,19,22,12,1,5,0,0,13,2,6,3,4,2,5,3,3,3,1,0,0,7,16,0,0,0,0,0,1,0,2022-10
2022-10-27,17,7,13,3,0,1,0,2,4,1,3,1,1,0,4,0,0,0,2,1,0,2,5,1,0,0,0,0,0,0,2022-10
2022-10-28,-33,4,0,3,1,0,0,1,0,0,0,1,0,1,0,2,0,0,0,0,0,0,2,0,0,0,0,1,0,1,2022-10
2022-10-29,-27,6,0,9,3,0,0,0,2,0,7,0,2,0,5,6,0,0,5,2,0,0,0,0,0,1,0,0,0,0,2022-10
2022-10-30,0,0,0,0,0,0,0,0,0,0,0,0,0,0,0,0,0,0,0,0,0,0,0,0,0,0,0,0,0,0,2022-10
2022-10-31,47,6,33,3,3,0,1,3,10,0,10,2,2,0,15,1,0,0,4,0,3,2,9,0,0,0,0,0,2,0,2022-10
2022-11-01,-43,1,0,1,2,0,0,0,0,0,0,0,0,0,0,0,1,0,0,0,0,0,0,0,0,0,2,0,3,0,2022-11
2022-11-02,27,24,24,19,0,1,1,0,3,4,3,1,1,3,8,1,1,1,0,2,2,2,10,2,2,7,0,0,0,0,2022-11
2022-11-03,0,0,0,0,0,0,0,0,0,0,0,0,0,0,0,0,0,0,0,0,0,0,0,0,0,0,0,0,0,0,2022-11
2022-11-04,0,10,0,7,0,3,0,0,0,0,0,1,0,0,0,1,0,0,0,4,0,0,0,1,0,2,0,0,0,0,2022-11
2022-11-05,-2,1,0,1,0,0,0,0,0,0,0,0,0,0,0,0,0,0,0,1,0,0,0,0,0,0,0,0,0,0,2022-11
2022-11-06,0,20,0,20,0,1,0,0,0,0,0,5,0,5,0,1,0,0,0,6,0,0,0,2,0,0,0,0,0,0,2022-11
2022-11-07,90,3,58,2,10,1,1,0,21,0,25,0,1,0,34,0,2,0,1,2,0,0,12,0,3,1,4,0,7,0,2022-11
2022-11-08,16,9,8,10,0,0,0,0,9,0,5,0,0,0,1,4,1,1,1,3,3,0,1,1,1,0,0,0,1,0,2022-11
2022-11-09,30,4,18,0,0,3,2,0,11,2,10,3,2,0,8,0,5,0,3,0,4,1,4,0,0,0,1,0,1,0,2022-11
2022-11-10,46,6,25,4,3,1,0,0,18,1,5,0,5,1,13,2,0,0,11,0,0,1,7,0,0,0,0,0,2,0,2022-11
2022-11-11,48,7,34,7,0,0,1,0,13,0,11,1,3,1,8,2,4,0,1,1,0,0,17,2,1,0,1,0,1,0,2022-11
2022-11-12,47,9,30,9,0,1,1,0,16,0,1,1,5,1,22,5,2,0,7,0,0,1,6,0,2,0,2,0,2,0,2022-11
2022-11-13,62,36,47,33,0,2,0,0,15,1,8,11,4,13,11,2,1,1,8,2,6,0,16,3,2,2,0,1,1,1,2022-11
2022-11-14,0,-30,0,0,0,0,0,0,0,0,0,0,0,0,0,0,0,0,0,0,0,0,0,0,0,0,0,0,0,0,2022-11
2022-11-15,47,12,25,8,4,3,1,0,17,1,6,2,2,3,9,0,0,3,14,1,0,0,13,1,0,0,0,0,0,0,2022-11
2022-11-16,0,-3,0,0,0,0,0,0,0,0,0,0,0,0,0,0,0,0,0,0,0,0,0,0,0,0,0,0,0,0,2022-11
2022-11-17,24,27,7,26,3,1,1,0,13,0,3,10,9,3,7,5,3,2,5,1,0,1,0,1,0,3,0,1,1,1,2022-11
2022-11-18,31,22,14,23,4,3,0,0,13,0,5,0,1,1,6,0,0,1,4,1,4,0,5,3,0,0,0,0,1,0,2022-11
2022-11-19,1,0,1,0,0,0,0,0,0,0,1,0,0,0,0,0,0,0,0,0,0,0,0,0,0,0,0,0,0,0,2022-11
2022-11-20,21,2,13,1,0,0,0,0,8,1,4,0,3,0,5,0,0,0,4,0,0,0,2,0,0,0,0,0,0,0,2022-11
2022-11-21,3,4,2,3,0,0,0,0,1,1,0,1,0,0,6,1,1,1,0,0,0,0,2,0,0,0,0,0,0,0,2022-11
2022-11-22,0,0,0,0,0,0,0,0,0,0,0,0,0,0,0,0,0,0,0,0,0,0,0,0,0,0,0,0,0,0,2022-11
2022-11-23,15,15,10,14,0,0,0,0,5,1,2,0,3,3,4,2,1,1,0,0,0,3,4,3,0,0,0,0,1,0,2022-11
2022-11-24,0,-2,0,0,0,0,0,0,0,0,0,0,0,0,0,0,0,0,0,0,0,0,0,0,0,0,0,0,0,0,2022-11
2022-11-25,23,21,16,16,0,1,0,4,7,0,8,1,0,4,4,7,1,1,2,1,0,1,3,6,0,0,1,1,1,1,2022-11
2022-11-26,29,5,25,4,0,1,1,0,3,0,4,1,1,0,2,0,0,0,3,3,0,0,12,1,0,0,1,0,2,0,2022-11
2022-11-27,23,22,20,21,1,0,1,0,1,1,3,2,2,0,10,0,2,1,1,0,0,1,4,18,0,1,0,0,0,0,2022-11
2022-11-28,0,0,0,0,0,0,0,0,0,0,0,0,0,0,0,0,0,0,0,0,0,0,0,0,0,0,0,0,0,0,2022-11
2022-11-29,39,2,33,0,0,0,0,0,7,2,3,0,4,0,13,0,0,2,2,0,0,0,10,4,0,0,0,0,3,0,2022-11
2022-11-30,0,0,0,0,0,0,0,0,0,0,0,0,0,0,0,0,0,0,0,0,0,0,0,0,0,0,0,0,0,0,2022-11
2022-12-01,24,8,14,7,0,0,0,0,10,1,7,2,1,1,4,1,0,0,2,1,0,0,8,1,0,0,0,0,1,0,2022-12
2022-12-02,0,0,0,0,0,0,0,0,0,0,0,0,0,0,0,0,0,0,0,0,0,0,0,0,0,0,0,0,0,0,2022-12
2022-12-03,48,9,32,6,0,1,1,0,15,2,8,1,4,0,9,2,0,2,2,3,0,1,10,0,1,0,0,0,2,0,2022-12
2022-12-04,0,186,0,140,0,8,0,0,0,38,0,58,0,13,0,39,0,8,0,12,0,1,0,28,0,6,0,0,0,0,2022-12
2022-12-05,24,-1,23,0,2,0,0,0,0,0,3,0,2,0,12,0,0,1,0,0,4,0,8,0,0,2,2,0,4,0,2022-12
2022-12-06,0,0,0,0,0,0,0,0,0,0,0,0,0,0,0,0,0,0,0,0,0,0,0,0,0,0,0,0,0,0,2022-12
2022-12-07,23,6,17,4,1,2,0,0,6,0,4,0,0,0,7,1,1,0,3,1,0,0,4,2,0,0,0,0,1,0,2022-12
2022-12-08,81,0,68,0,0,0,0,0,13,0,6,0,4,0,11,0,0,0,2,0,0,0,51,0,0,0,3,0,4,0,2022-12
2022-12-09,0,0,0,0,0,0,0,0,0,0,0,0,0,0,0,0,0,0,0,0,0,0,0,0,0,0,0,0,0,0,2022-12
2022-12-10,22,23,29,20,3,2,2,1,0,0,15,3,0,2,5,6,3,2,6,0,1,2,12,0,0,1,0,0,1,0,2022-12
2022-12-11,0,0,0,0,0,0,0,0,0,0,0,0,0,0,0,0,0,0,0,0,0,0,0,0,0,0,0,0,0,0,2022-12
2022-12-12,26,12,20,10,1,0,0,1,6,1,4,0,0,0,15,2,1,2,5,0,0,2,0,3,1,0,0,0,1,0,2022-12
2022-12-13,0,0,0,0,0,0,0,0,0,0,0,0,0,0,0,0,0,0,0,0,0,0,0,0,0,0,0,0,0,0,2022-12
2022-12-14,39,6,27,5,3,0,2,0,7,1,9,0,3,1,9,1,1,0,0,0,0,1,12,2,1,0,3,0,4,1,2022-12
2022-12-15,0,0,0,0,0,0,0,0,0,0,0,0,0,0,0,0,0,0,0,0,0,0,0,0,0,0,0,0,0,0,2022-12
2022-12-16,17,9,14,8,1,0,0,1,2,0,0,1,2,1,3,1,0,0,0,0,0,1,12,1,0,3,0,0,0,0,2022-12
2022-12-17,0,0,0,0,0,0,0,0,0,0,0,0,0,0,0,0,0,0,0,0,0,0,0,0,0,0,0,0,0,0,2022-12
2022-12-18,0,0,0,0,0,0,0,0,0,0,0,0,0,0,0,0,0,0,0,0,0,0,0,0,0,0,0,0,0,0,2022-12
2022-12-19,0,0,0,0,0,0,0,0,0,0,0,0,0,0,0,0,0,0,0,0,0,0,0,0,0,0,0,0,0,0,2022-12
2022-12-20,35,10,30,5,0,1,0,0,5,4,6,0,2,0,7,1,0,0,2,1,0,1,8,3,1,1,4,2,6,2,2022-12
2022-12-21,6,4,5,4,0,0,0,0,1,0,0,0,1,0,0,0,0,0,1,2,1,0,1,0,6,2,0,0,1,0,2022-12
2022-12-22,12,10,11,8,0,0,0,0,1,2,4,0,0,1,3,5,0,1,0,0,0,0,2,0,0,0,0,0,0,0,2022-12
2022-12-23,3,4,1,4,0,0,0,0,2,0,1,0,0,0,0,0,0,1,0,0,0,0,2,0,0,1,0,0,0,0,2022-12
2022-12-24,0,0,0,0,0,0,0,0,0,0,0,0,0,0,0,0,0,0,0,0,0,0,0,0,0,0,0,0,0,0,2022-12
2022-12-25,-65,5,0,4,0,1,0,0,0,0,0,2,0,0,0,2,0,0,0,1,1,0,0,0,0,0,1,0,2,0,2022-12
2022-12-26,0,0,0,0,0,0,0,0,0,0,0,0,0,0,0,0,0,0,0,0,0,0,0,0,0,0,0,0,0,0,2022-12
2022-12-27,26,5,18,5,5,0,0,0,3,0,7,0,3,0,0,1,0,0,0,2,0,0,1,1,0,0,0,0,0,0,2022-12
2022-12-28,0,0,0,0,0,0,0,0,0,0,0,0,0,0,0,0,0,0,0,0,0,0,0,0,0,0,0,0,0,0,2022-12
2022-12-29,32,10,21,9,2,1,2,0,7,0,9,0,4,4,8,1,0,3,2,0,0,0,3,1,0,0,1,0,3,0,2022-12
2022-12-30,0,0,0,0,0,0,0,0,0,0,0,0,0,0,0,0,0,0,0,0,0,0,0,0,0,0,0,0,0,0,2022-12
2022-12-31,31,16,25,12,2,0,0,1,7,3,7,1,1,1,3,6,3,0,2,1,0,0,7,5,1,2,1,0,4,0,2022-12
2023-01-01,0,0,0,0,0,0,0,0,0,0,0,0,0,0,0,0,0,0,0,0,0,0,0,0,0,0,0,0,0,0,2023-01
2023-01-02,0,0,0,0,0,0,0,0,0,0,0,0,0,0,0,0,0,0,0,0,0,0,0,0,0,0,0,0,0,0,2023-01
2023-01-03,30,22,23,19,0,2,0,0,8,1,3,2,7,6,7,6,0,2,3,1,0,0,7,0,0,0,0,0,0,0,2023-01
2023-01-04,0,0,0,0,0,0,0,0,0,0,0,0,0,0,0,0,0,0,0,0,0,0,0,0,0,0,0,0,0,0,2023-01
2023-01-05,30,6,20,0,0,2,1,0,9,8,4,0,1,0,10,2,0,0,0,0,1,2,10,0,1,0,1,1,1,1,2023-01
2023-01-06,0,0,0,0,0,0,0,0,0,0,0,0,0,0,0,0,0,0,0,0,0,0,0,0,0,0,0,0,0,0,2023-01
2023-01-07,14,5,13,2,1,3,0,0,5,0,3,0,0,1,6,0,1,1,1,1,0,1,3,1,0,0,0,0,0,0,2023-01
2023-01-08,0,0,0,0,0,0,0,0,0,0,0,0,0,0,0,0,0,0,0,0,0,0,0,0,0,0,0,0,0,0,2023-01
2023-01-09,47,32,38,18,0,4,0,0,9,10,5,3,1,0,7,3,3,1,5,2,1,1,15,11,2,2,2,0,5,0,2023-01
2023-01-10,-2,0,0,0,0,0,0,0,0,0,0,0,0,0,0,2,0,1,0,0,0,0,0,0,0,0,0,0,0,0,2023-01
2023-01-11,35,16,28,11,0,4,0,0,7,1,6,3,1,0,7,1,2,2,2,4,0,0,15,2,0,0,0,2,1,2,2023-01
2023-01-12,0,0,0,0,0,0,0,0,0,0,0,0,0,0,0,0,0,0,0,0,0,0,0,0,0,0,0,0,0,0,2023-01
2023-01-13,30,12,24,10,1,1,0,0,5,1,5,1,3,2,4,0,0,2,3,1,0,0,10,3,0,0,1,0,1,0,2023-01
2023-01-14,-53,1,0,1,0,0,0,0,0,0,0,0,0,1,0,0,0,0,0,0,0,0,0,0,0,0,0,0,0,0,2023-01
2023-01-15,17,38,13,36,1,1,0,1,3,0,0,1,3,3,8,1,2,0,1,8,0,0,2,0,0,21,0,0,0,0,2023-01
2023-01-16,0,-7,0,0,0,0,0,0,0,0,0,0,0,0,0,0,0,0,0,0,0,0,0,0,0,0,0,0,0,0,2023-01
2023-01-17,28,7,24,6,1,0,0,0,3,2,5,0,0,0,15,2,0,2,1,0,0,0,5,2,0,0,1,0,1,0,2023-01
2023-01-18,0,0,0,0,0,0,0,0,0,0,0,0,0,0,0,0,0,0,0,0,0,0,0,0,0,0,0,0,0,0,2023-01
2023-01-19,49,26,32,22,3,1,0,0,15,3,11,1,3,1,8,5,2,1,4,1,0,3,10,8,2,3,0,1,0,1,2023-01
2023-01-20,0,0,0,0,0,0,0,0,0,0,0,0,0,0,0,0,0,0,0,0,0,0,0,0,0,0,0,0,0,0,2023-01
2023-01-21,33,9,22,4,1,0,0,1,10,4,4,0,2,1,8,2,0,0,3,0,0,6,10,0,0,0,0,0,2,0,2023-01
2023-01-22,0,0,0,0,0,0,0,0,0,0,0,0,0,0,0,0,0,0,0,0,1,0,0,0,0,0,0,0,0,0,2023-01
2023-01-23,33,1,15,0,6,0,5,0,7,2,8,0,0,0,17,1,0,0,2,0,0,0,5,0,0,0,0,0,2,0,2023-01
2023-01-24,0,0,0,0,0,0,0,0,0,0,0,0,0,0,0,0,0,0,0,0,0,0,0,0,0,0,0,0,0,0,2023-01
2023-01-25,36,7,30,5,1,1,2,1,3,0,4,0,5,1,10,2,1,0,5,2,0,0,3,0,2,0,1,0,2,0,2023-01
2023-01-26,0,0,0,0,0,0,0,0,0,0,0,0,0,0,0,0,0,0,0,0,0,0,0,0,0,0,0,0,0,0,2023-01
2023-01-27,4,14,0,12,5,2,1,1,0,0,4,1,0,0,12,3,0,1,2,4,0,0,1,1,0,2,0,0,0,0,2023-01
2023-01-28,0,0,0,0,0,0,0,0,0,0,0,0,0,0,0,0,0,0,0,0,0,0,0,0,0,0,0,0,0,0,2023-01
2023-01-29,62,20,50,9,1,2,5,0,6,9,11,3,4,1,7,7,2,0,7,4,0,1,8,1,0,0,1,2,1,2,2023-01
2023-01-30,0,-1,0,0,0,0,0,0,0,0,0,0,0,0,0,0,0,0,0,0,0,0,0,0,0,0,0,0,0,0,2023-01
2023-01-31,0,0,0,0,0,0,0,0,0,0,3,0,0,0,4,0,1,0,0,1,0,0,0,0,0,0,0,0,0,0,2023-01
2023-02-01,48,0,40,0,3,0,1,0,4,0,7,0,4,0,7,0,0,0,3,0,0,0,11,0,1,0,0,0,0,0,2023-02
2023-02-02,0,0,0,0,0,0,0,0,0,0,0,0,0,0,0,0,0,0,0,0,0,0,0,0,0,0,0,0,0,0,2023-02
2023-02-03,18,31,14,15,1,3,1,3,2,10,2,8,1,2,5,3,0,2,4,2,0,5,3,5,1,0,0,0,0,0,2023-02
2023-02-04,0,-1,0,0,0,0,0,0,0,0,0,0,0,0,0,0,0,0,0,0,0,0,0,0,0,0,0,0,0,0,2023-02
2023-02-05,0,0,0,0,0,0,0,0,0,0,0,0,0,0,0,0,0,0,0,0,0,0,0,0,0,0,0,0,0,0,2023-02
2023-02-06,15,2,9,2,0,0,3,0,3,0,5,0,0,0,3,2,0,0,4,0,0,0,0,0,0,0,0,0,0,0,2023-02
2023-02-07,51,16,34,13,5,0,8,0,4,6,10,0,3,2,16,1,0,0,0,1,3,0,4,2,3,0,2,0,7,0,2023-02
2023-02-08,0,0,0,0,0,0,0,0,0,0,0,0,0,0,0,0,0,0,0,0,0,0,0,0,0,0,0,0,0,0,2023-02
2023-02-09,68,3,48,3,4,0,16,0,0,0,25,0,4,0,15,2,0,0,8,0,2,1,4,0,2,1,3,0,4,0,2023-02
2023-02-10,36,4,11,4,0,0,24,0,2,0,7,0,3,1,16,0,0,0,5,1,0,1,2,1,0,0,0,0,0,0,2023-02
2023-02-11,-3,0,0,0,1,0,0,0,0,0,0,0,0,0,0,0,0,0,0,0,0,0,0,0,0,0,2,0,2,0,2023-02
2023-02-12,38,24,31,11,1,2,3,1,3,10,9,4,5,3,10,10,0,0,1,3,0,0,12,0,1,0,0,0,0,0,2023-02
2023-02-13,0,0,0,0,0,0,0,0,0,0,0,0,0,0,0,0,0,0,0,0,0,0,0,0,0,0,0,0,0,0,2023-02
2023-02-14,31,10,19,8,6,1,6,0,0,1,6,0,2,1,13,2,0,0,5,2,1,1,0,0,0,0,0,0,0,0,2023-02
2023-02-15,0,0,0,0,0,0,0,0,0,0,0,0,0,0,1,0,0,0,0,0,0,0,0,0,0,0,0,0,0,0,2023-02
2023-02-16,0,0,0,0,0,0,0,0,0,0,0,0,0,0,0,0,0,0,0,0,0,0,0,0,0,0,0,0,0,0,2023-02
2023-02-17,42,13,27,8,3,4,2,1,10,0,15,6,0,0,11,1,1,0,1,2,0,1,5,0,0,1,3,0,3,0,2023-02
2023-02-18,0,0,0,0,0,0,0,0,0,0,0,0,0,0,0,0,0,0,0,0,0,0,0,0,0,0,0,0,0,0,2023-02
2023-02-19,-9,-8,0,0,0,0,0,0,0,0,0,0,0,0,0,0,0,0,0,0,0,0,0,0,0,0,0,0,0,0,2023-02
2023-02-20,54,22,44,17,4,0,4,1,2,4,16,3,3,1,13,5,1,1,1,0,1,6,11,4,0,0,3,0,5,0,2023-02
2023-02-21,0,0,0,0,0,0,0,0,0,0,0,0,0,0,0,0,0,0,0,0,0,0,2,0,0,0,0,0,0,0,2023-02
2023-02-22,26,0,18,9,2,1,7,0,0,0,7,0,1,0,12,0,1,0,4,5,1,1,0,0,0,1,0,3,0,4,2023-02
2023-02-23,25,1,23,1,1,0,0,0,3,0,3,0,4,0,10,0,0,0,3,0,1,0,3,0,0,0,2,1,2,1,2023-02
2023-02-24,0,0,0,0,0,0,0,0,0,0,0,0,0,0,0,0,0,0,0,0,0,0,0,0,0,0,0,0,0,0,2023-02
2023-02-25,0,0,0,0,0,0,0,0,0,0,0,0,0,0,0,0,0,0,0,0,0,0,0,0,0,0,0,0,0,0,2023-02
2023-02-26,2,11,0,7,1,3,1,0,1,1,9,2,1,2,8,0,0,1,1,2,0,2,7,1,1,0,2,0,2,0,2023-02
2023-02-27,31,0,31,0,0,0,0,0,0,0,0,0,0,0,4,0,0,0,0,0,0,0,0,0,0,0,0,0,0,0,2023-02
2023-02-28,15,8,12,7,0,1,1,0,2,0,3,0,0,0,5,1,1,1,1,1,1,1,2,3,0,0,1,0,1,0,2023-02
2023-03-01,0,0,0,0,0,0,0,0,0,0,0,0,0,0,0,0,0,0,0,0,0,0,0,0,0,0,0,0,0,0,2023-03
2023-03-02,-2,-1,0,0,0,0,0,0,0,0,0,0,0,0,0,0,0,0,0,0,0,0,0,0,0,0,0,0,0,0,2023-03
2023-03-03,34,11,29,10,0,1,4,0,1,0,9,1,3,3,17,1,0,1,1,1,1,2,0,1,0,0,1,0,1,0,2023-03
2023-03-04,13,-1,13,0,0,0,0,0,0,0,0,0,0,0,0,0,0,0,8,0,0,0,4,0,0,0,0,0,0,0,2023-03
2023-03-05,1,-2,1,0,0,0,0,0,0,0,0,0,0,0,0,0,0,0,0,0,0,0,0,0,0,0,0,0,0,0,2023-03
2023-03-06,60,27,47,16,1,6,6,2,6,3,23,2,2,1,15,5,2,2,6,7,2,2,6,5,0,0,2,0,3,0,2023-03
2023-03-07,-7,0,0,0,0,0,0,0,0,0,0,0,0,0,0,0,0,1,0,1,0,0,0,0,0,0,0,0,0,0,2023-03
2023-03-08,27,10,22,6,2,3,0,0,5,1,12,0,3,0,7,1,1,1,1,2,0,0,2,1,0,0,0,0,0,0,2023-03
2023-03-09,0,0,0,0,0,0,0,0,0,0,0,0,0,0,0,0,0,0,0,0,0,0,0,0,0,0,0,0,0,0,2023-03
2023-03-10,38,6,26,4,6,0,1,0,5,2,6,2,1,1,19,1,1,0,2,0,0,0,4,2,3,0,0,1,0,1,2023-03
2023-03-11,0,0,0,0,0,0,0,0,0,0,0,0,0,0,0,0,0,0,0,0,0,0,0,0,0,0,0,0,0,0,2023-03
2023-03-12,1,8,0,7,1,0,0,0,1,1,6,1,2,0,4,4,1,0,3,0,0,0,3,4,1,1,1,0,1,0,2023-03
2023-03-13,22,-1,22,0,0,0,0,0,0,0,0,0,0,0,0,0,0,0,0,0,0,0,0,0,0,0,0,0,0,0,2023-03
2023-03-14,0,0,0,0,0,0,0,0,0,0,0,0,0,0,0,0,0,0,0,0,0,0,0,0,0,0,0,0,0,0,2023-03
2023-03-15,50,23,39,20,2,1,2,0,7,2,14,2,6,6,14,3,1,2,3,1,2,3,5,3,1,0,2,0,1,0,2023-03
2023-03-16,0,0,0,0,0,0,0,0,0,0,0,0,0,0,0,0,0,0,0,0,0,0,0,0,0,0,0,0,0,0,2023-03
2023-03-17,0,0,0,0,0,0,0,0,0,0,0,0,0,0,0,0,0,0,0,0,0,0,0,0,0,0,0,0,0,0,2023-03
2023-03-18,0,0,0,0,0,0,0,0,0,0,0,0,0,0,0,0,0,0,0,0,0,0,0,0,0,0,0,0,0,0,2023-03
2023-03-19,62,18,49,14,3,2,1,2,9,0,20,3,2,0,11,4,3,4,2,2,1,0,13,1,1,0,5,1,6,1,2023-03
2023-03-20,0,0,0,0,0,0,0,0,0,0,0,0,0,0,0,0,0,0,0,0,0,0,0,0,0,0,0,0,0,0,2023-03
2023-03-21,36,7,29,3,2,1,0,0,5,3,6,0,3,0,9,1,3,0,3,2,0,1,8,3,0,0,2,0,2,0,2023-03
2023-03-22,0,0,0,0,0,0,0,0,0,0,0,0,0,0,0,0,0,0,0,0,0,0,0,0,0,0,0,0,0,0,2023-03
2023-03-23,0,0,0,0,0,0,0,0,0,0,0,0,0,0,0,0,0,0,0,0,0,0,0,0,0,0,0,0,0,0,2023-03
2023-03-24,10,3,9,3,0,0,0,0,2,0,3,0,0,0,2,0,0,0,0,0,0,1,4,1,0,0,0,0,0,0,2023-03
2023-03-25,36,20,27,15,5,2,0,3,8,0,15,6,5,0,4,3,0,4,2,6,0,0,6,3,3,0,1,0,2,0,2023-03
2023-03-26,20,-16,20,0,2,0,0,0,2,0,6,0,0,0,4,0,0,0,1,1,0,0,5,1,0,0,1,0,1,0,2023-03
2023-03-27,32,4,26,4,3,0,1,1,2,0,6,1,0,0,9,1,2,0,7,2,0,0,6,0,1,1,0,0,1,0,2023-03
2023-03-28,14,8,10,4,0,3,1,1,4,0,0,3,2,0,7,3,0,1,0,1,0,0,3,0,1,0,0,0,0,0,2023-03
2023-03-29,6,-2,6,1,0,1,2,0,0,0,2,0,0,0,1,1,0,0,1,0,0,0,3,0,0,0,0,0,1,0,2023-03
2023-03-30,29,0,18,0,5,2,4,0,2,0,3,1,2,1,9,1,0,1,2,5,0,0,6,0,0,0,0,0,0,0,2023-03
2023-03-31,0,0,0,0,0,0,0,0,0,0,0,0,0,0,0,0,0,0,0,0,0,0,0,0,0,0,0,0,0,0,2023-03
2023-04-01,20,0,18,1,0,0,0,0,1,0,2,0,0,0,5,1,0,1,3,1,0,0,11,3,2,0,0,0,2,0,2023-04
2023-04-02,-5,9,0,11,0,0,0,0,0,0,1,0,0,0,1,1,0,1,2,1,0,0,0,3,0,0,0,0,0,0,2023-04
2023-04-03,13,18,10,11,2,9,2,2,0,0,7,0,0,0,3,0,0,0,2,2,0,0,2,5,0,2,0,0,0,0,2023-04
2023-04-04,25,-21,24,0,0,0,3,0,0,0,8,0,5,0,0,0,1,5,2,0,0,0,6,0,0,0,0,0,1,0,2023-04
2023-04-05,8,1,9,0,0,1,1,1,0,0,0,0,0,0,4,0,0,0,1,1,1,0,2,1,1,0,0,0,1,0,2023-04
2023-04-06,2,-1,4,0,0,0,0,0,0,0,1,0,1,0,1,0,0,0,0,0,0,0,2,8,0,1,0,0,0,0,2023-04
2023-04-07,9,4,9,4,0,0,2,0,0,0,3,0,0,1,2,1,0,0,4,0,1,0,0,2,1,0,0,0,0,0,2023-04
2023-04-08,10,9,5,7,1,1,2,1,2,0,1,0,1,0,4,3,0,2,1,1,0,0,0,0,0,0,1,0,3,1,2023-04
2023-04-09,4,2,4,1,0,0,0,0,0,1,0,0,0,0,2,1,0,0,0,1,0,0,0,1,1,0,0,0,0,0,2023-04
2023-04-10,6,-11,8,0,1,0,0,0,0,0,1,0,1,0,0,0,0,0,0,0,0,0,4,0,0,1,0,0,0,0,2023-04
2023-04-11,-2,-2,5,0,0,1,0,1,0,0,0,1,0,0,0,0,2,2,0,1,0,0,5,0,1,0,0,0,0,0,2023-04
2023-04-12,1,-1,3,0,0,0,0,0,0,0,0,0,1,0,2,0,0,0,1,1,0,0,5,0,0,0,0,0,0,0,2023-04
2023-04-13,0,0,0,0,0,0,0,0,0,0,0,0,0,0,0,0,0,0,0,0,0,0,0,0,0,0,0,0,0,0,2023-04
2023-04-14,0,0,0,0,0,0,0,0,0,0,0,0,0,0,0,0,0,0,0,0,0,0,0,0,0,0,0,0,0,0,2023-04
2023-04-15,0,0,0,0,0,0,0,0,0,0,0,0,0,0,0,0,0,0,0,0,0,0,0,0,0,0,0,0,0,0,2023-04
2023-04-16,21,8,23,6,2,1,1,0,0,2,0,0,4,1,12,3,0,0,0,0,0,0,7,3,1,1,0,0,0,0,2023-04
2023-04-17,20,15,18,10,1,5,0,1,1,0,1,3,1,0,5,2,0,1,3,3,0,0,6,2,1,0,0,0,1,0,2023-04
2023-04-18,9,2,7,2,0,0,0,0,2,0,1,0,0,0,1,0,0,0,1,0,0,0,4,0,0,2,0,0,0,0,2023-04
2023-04-19,0,0,0,0,0,0,0,0,0,0,0,0,0,0,0,0,0,0,0,0,0,0,0,0,0,0,0,0,0,0,2023-04
2023-04-20,23,18,18,13,5,2,0,0,0,3,0,4,3,0,8,1,0,0,5,0,0,0,8,5,0,1,0,1,0,3,2023-04
2023-04-21,12,4,11,7,2,0,0,0,0,0,3,3,1,1,2,0,0,1,0,1,2,0,4,0,0,0,1,0,1,0,2023-04
2023-04-22,0,0,0,0,0,0,0,0,0,0,0,0,0,0,0,0,0,0,0,0,0,0,0,0,0,0,0,0,0,0,2023-04
2023-04-23,11,7,9,8,2,0,0,0,0,0,2,1,0,0,3,0,0,0,1,0,1,5,6,1,0,0,0,1,0,1,2023-04
2023-04-24,0,0,0,0,0,0,0,0,0,0,0,0,0,0,0,0,0,0,0,0,0,0,0,0,0,0,0,0,0,0,2023-04
2023-04-25,-39,-4,0,0,0,3,0,0,0,0,0,0,0,0,0,0,0,0,0,0,0,0,0,0,0,0,0,0,0,0,2023-04
2023-04-26,-33,0,0,0,0,0,0,0,0,0,0,0,0,0,0,0,0,0,0,0,0,0,0,0,0,0,0,0,0,0,2023-04
2023-04-27,46,14,43,13,2,1,1,0,0,0,8,1,2,1,18,1,2,0,3,3,1,0,5,0,1,3,1,0,2,0,2023-04
2023-04-28,0,0,0,0,0,0,0,0,0,0,0,0,0,0,0,0,0,0,0,0,0,0,0,0,0,0,0,0,0,0,2023-04
2023-04-29,-17,-1,0,0,0,0,0,0,0,0,0,0,0,0,0,0,0,0,0,0,0,0,0,0,0,0,0,0,0,0,2023-04
2023-04-30,0,0,0,0,0,0,0,0,0,0,0,0,0,0,0,0,0,0,0,0,0,0,0,0,0,0,0,0,0,0,2023-04
2023-05-01,68,30,56,23,3,1,5,0,4,6,14,3,4,0,15,0,2,4,2,2,0,0,20,9,0,7,2,0,3,0,2023-05
2023-05-02,0,0,0,0,0,0,0,0,0,0,0,0,0,0,0,0,0,0,0,0,0,0,0,0,0,0,0,0,0,0,2023-05
2023-05-03,0,0,0,0,0,0,0,0,0,0,0,0,0,0,0,0,0,0,0,0,0,0,0,0,0,0,0,0,0,0,2023-05
2023-05-04,3,7,3,4,0,0,0,3,0,0,2,1,0,0,1,1,0,1,0,0,0,0,0,0,0,0,0,0,0,0,2023-05
2023-05-05,41,13,26,8,6,5,2,0,7,1,10,1,2,2,7,5,1,1,3,2,0,0,9,2,1,1,0,0,0,0,2023-05
2023-05-06,0,0,0,0,0,0,0,0,0,0,0,0,0,0,0,0,0,0,0,0,0,0,0,0,0,0,0,0,0,0,2023-05
2023-05-07,0,0,0,0,0,0,0,0,0,0,0,0,0,0,0,0,0,0,0,0,0,0,0,0,0,0,0,0,0,0,2023-05
2023-05-08,0,0,0,0,0,0,0,0,0,0,0,0,0,0,0,0,0,0,0,0,0,0,0,0,0,0,0,0,0,0,2023-05
2023-05-09,0,0,0,0,0,0,0,0,0,0,1,0,0,0,1,0,0,0,0,1,0,0,0,0,1,1,0,0,0,0,2023-05
2023-05-10,46,51,39,40,2,5,2,5,3,1,5,0,6,2,9,1,1,3,2,3,0,0,5,7,1,14,1,5,1,5,2023-05
2023-05-11,2,14,9,8,1,0,0,0,0,9,4,1,2,2,0,1,0,2,1,1,0,0,2,7,2,0,0,0,0,0,2023-05
2023-05-12,0,0,0,0,0,0,0,0,0,0,0,0,0,0,0,0,0,0,0,0,0,0,0,0,0,0,0,0,0,0,2023-05
2023-05-13,5,0,5,0,0,0,0,0,0,0,0,0,0,0,0,0,0,0,0,0,5,0,0,0,0,0,0,0,0,0,2023-05
2023-05-14,0,0,0,0,0,0,0,0,0,0,0,0,0,0,0,0,0,0,0,0,0,0,0,0,0,0,0,0,0,0,2023-05
2023-05-15,0,0,0,0,0,0,0,0,0,0,0,0,0,0,0,0,0,0,0,0,0,0,0,0,0,0,0,0,0,0,2023-05
2023-05-16,0,0,0,0,0,0,0,0,0,0,0,0,0,0,0,0,0,0,0,0,0,0,0,0,0,0,0,0,0,0,2023-05
2023-05-17,92,45,72,36,10,5,4,2,6,2,18,4,6,0,10,5,2,1,18,4,0,0,17,22,4,0,2,2,4,2,2023-05
2023-05-18,0,0,0,0,0,0,0,0,0,0,0,0,0,0,0,0,0,0,0,0,0,0,0,0,0,0,0,0,0,0,2023-05
2023-05-19,0,0,0,0,0,0,0,0,0,0,0,0,0,0,0,0,0,0,0,0,0,0,0,0,0,0,0,0,0,0,2023-05
2023-05-20,0,0,0,0,0,0,0,0,0,0,0,0,0,0,0,0,0,0,0,0,0,0,0,0,0,0,0,0,0,0,2023-05
2023-05-21,17,2,12,0,0,0,5,0,0,2,7,0,2,0,6,1,0,1,1,0,0,0,0,0,0,0,0,0,0,0,2023-05
2023-05-22,65,51,49,40,7,5,2,0,7,6,9,3,1,8,17,4,1,3,6,7,1,1,4,5,0,1,1,0,2,1,2023-05
2023-05-23,13,4,14,1,2,0,0,0,0,4,1,0,1,0,3,0,0,0,2,0,2,0,5,0,0,0,0,0,0,0,2023-05
2023-05-24,0,0,0,2,0,0,0,0,0,0,0,0,0,0,0,0,0,0,0,0,0,0,0,0,0,0,0,0,0,0,2023-05
2023-05-25,23,8,19,6,2,2,0,0,2,0,2,0,3,0,3,1,2,2,6,1,0,0,5,0,0,0,0,0,0,0,2023-05
2023-05-26,0,0,0,0,0,0,0,0,0,0,0,0,0,0,0,0,0,0,0,0,0,0,0,0,0,0,0,0,0,0,2023-05
2023-05-27,2,5,4,4,1,1,0,0,0,0,5,1,2,0,2,0,0,0,3,1,0,0,1,1,0,1,0,0,1,0,2023-05
2023-05-28,4,0,4,0,0,0,0,0,0,0,0,0,1,0,0,0,0,0,0,0,0,0,2,0,0,0,0,0,0,0,2023-05
2023-05-29,21,8,19,5,1,3,0,0,1,0,13,1,0,2,1,2,0,0,4,3,0,0,1,0,0,0,0,0,0,0,2023-05
2023-05-30,-1,0,0,0,0,0,0,0,0,0,0,0,0,0,0,0,0,0,0,0,0,0,0,0,0,0,0,0,0,0,2023-05
2023-05-31,32,13,23,9,1,2,5,1,3,1,2,3,3,1,6,0,0,3,1,2,0,1,13,1,0,2,2,0,3,0,2023-05
2023-06-01,0,0,0,0,0,0,0,0,0,0,0,0,0,0,0,0,0,0,0,0,0,0,0,0,0,0,0,0,0,0,2023-06
2023-06-02,0,0,0,0,0,0,0,0,0,0,0,0,1,0,1,0,1,0,1,0,0,0,0,0,1,0,0,0,0,0,2023-06
2023-06-03,38,39,29,27,5,7,0,0,4,5,9,5,3,2,6,4,1,2,6,1,0,0,8,18,0,0,1,2,1,2,2023-06
2023-06-04,0,0,0,0,0,0,0,0,0,0,0,1,0,0,0,1,0,0,0,0,0,0,11,0,1,0,0,0,0,0,2023-06
2023-06-05,0,0,0,0,0,0,0,0,0,0,0,0,0,0,0,0,0,0,0,0,0,0,0,0,0,0,0,0,0,0,2023-06
2023-06-06,0,0,0,0,0,0,0,0,0,0,0,0,0,0,0,0,0,0,0,0,0,0,0,0,0,0,0,0,0,0,2023-06
2023-06-07,0,1,0,1,0,0,0,0,0,0,1,0,0,0,0,0,0,0,0,0,0,0,0,0,1,1,0,0,0,0,2023-06
2023-06-08,55,16,49,4,7,5,1,5,0,2,11,9,6,1,13,1,1,2,3,4,0,1,14,16,1,1,1,0,1,0,2023-06
2023-06-09,2,25,2,6,0,0,0,19,0,0,0,4,0,3,0,10,0,1,1,0,0,0,0,2,0,1,0,1,0,1,2023-06
2023-06-10,14,4,20,2,3,1,0,1,0,0,2,0,4,0,1,3,1,0,5,0,0,0,0,0,1,0,0,0,0,0,2023-06
2023-06-11,0,7,0,1,0,0,0,6,0,0,0,1,0,0,0,1,0,0,0,0,0,0,0,0,0,0,0,4,0,4,2023-06
2023-06-12,0,0,0,0,0,0,0,0,0,0,2,0,0,0,0,0,0,0,0,0,0,0,0,0,0,0,0,0,0,0,2023-06
2023-06-13,49,0,39,0,4,0,2,0,4,0,14,0,6,0,9,0,4,0,1,0,0,0,6,0,1,0,0,0,0,0,2023-06
2023-06-14,0,91,0,84,0,3,0,0,0,4,2,5,0,1,0,8,0,1,0,3,0,1,0,6,0,1,0,1,0,3,2023-06
2023-06-15,9,10,17,5,2,3,0,2,0,0,0,5,2,0,1,2,0,0,7,1,0,0,0,0,2,0,0,1,0,1,2023-06
2023-06-16,0,0,0,0,0,0,0,0,0,0,0,0,0,0,0,0,0,0,0,0,0,0,0,0,0,0,0,0,0,0,2023-06
2023-06-17,0,0,0,0,0,0,0,0,0,0,4,0,0,0,0,0,0,0,0,0,0,0,0,0,0,0,0,0,0,0,2023-06
2023-06-18,17,19,11,17,1,1,1,0,4,1,4,1,3,3,9,3,0,0,1,1,0,0,2,5,1,0,3,0,3,0,2023-06
2023-06-19,0,0,0,0,0,0,0,0,0,0,0,0,0,0,0,0,0,0,0,0,0,0,0,0,0,0,0,0,0,0,2023-06
2023-06-20,0,0,0,0,0,0,0,0,0,0,0,0,0,0,0,0,0,0,0,0,0,0,0,0,0,0,0,0,0,0,2023-06
2023-06-21,57,47,42,35,13,4,1,3,1,5,7,11,3,3,16,7,0,2,8,3,1,0,14,1,2,1,0,1,0,1,2023-06
2023-06-22,0,0,0,0,0,0,0,0,0,0,0,0,0,0,0,0,0,0,0,0,0,0,0,0,0,0,0,0,0,0,2023-06
2023-06-23,0,0,0,0,0,0,0,0,0,0,0,0,0,0,0,0,0,0,0,0,0,0,0,0,0,0,0,0,0,0,2023-06
2023-06-24,59,14,50,13,2,1,2,0,5,0,7,1,0,0,16,1,2,3,10,1,7,0,12,3,0,0,0,2,1,2,2023-06
2023-06-25,0,0,0,0,0,0,0,0,0,0,0,0,0,0,0,0,0,0,0,0,0,0,0,0,0,0,0,0,0,0,2023-06
2023-06-26,0,0,0,0,0,0,0,0,0,0,0,0,0,0,0,0,0,0,0,0,0,0,0,0,0,0,0,0,0,0,2023-06
2023-06-27,69,31,48,23,14,2,2,4,5,2,9,1,2,1,10,11,1,5,3,1,0,0,30,2,1,0,0,1,1,1,2023-06
2023-06-28,0,0,0,0,0,0,0,0,0,0,0,0,0,0,0,0,0,0,0,0,0,0,0,0,0,0,0,0,0,0,2023-06
2023-06-29,0,0,0,0,0,0,0,0,0,0,0,0,0,0,0,0,0,0,0,0,0,0,0,0,0,0,0,0,0,0,2023-06
2023-06-30,38,3,27,0,10,5,0,0,3,3,12,5,4,0,8,2,1,1,3,0,1,0,2,0,1,1,3,0,3,0,2023-06
2023-07-01,-3,0,0,0,0,0,0,0,0,0,0,0,0,0,0,0,0,0,0,0,0,0,0,0,0,0,0,0,0,0,2023-07
2023-07-02,0,0,0,0,0,0,0,0,0,0,0,0,0,0,0,0,0,0,0,0,0,0,0,0,0,0,0,0,0,0,2023-07
2023-07-03,42,15,35,15,5,16,0,0,2,1,2,1,3,0,7,5,2,1,2,3,1,0,6,1,2,1,1,0,1,0,2023-07
2023-07-04,0,0,0,0,0,0,0,0,0,0,0,0,0,0,0,0,0,0,0,0,0,0,0,0,0,0,0,0,0,0,2023-07
2023-07-05,0,0,0,0,0,0,0,0,0,0,0,0,0,0,0,0,0,0,0,0,0,0,0,0,0,0,0,0,0,0,2023-07
2023-07-06,47,0,43,0,1,0,2,0,1,0,9,0,4,1,14,0,2,0,9,1,1,0,4,0,0,0,0,0,0,0,2023-07
2023-07-07,0,0,0,0,0,0,0,0,0,0,0,0,0,0,0,0,0,0,0,0,0,0,0,0,0,0,0,0,0,0,2023-07
2023-07-08,15,29,16,24,0,2,4,3,0,0,5,2,2,1,0,7,0,3,3,2,0,0,0,3,0,3,1,1,1,1,2023-07
2023-07-09,25,18,19,11,0,5,4,0,2,2,5,5,0,0,9,5,1,3,2,3,0,0,5,8,1,1,0,0,0,0,2023-07
2023-07-10,0,0,0,0,0,0,0,0,0,0,0,0,0,0,0,0,0,0,0,0,0,0,0,0,0,0,0,0,0,0,2023-07
2023-07-11,62,34,55,19,5,0,1,10,1,5,12,7,3,3,9,12,1,3,7,1,0,0,16,4,4,0,0,2,1,2,2023-07
2023-07-12,0,0,0,0,0,0,0,0,0,0,0,0,0,0,0,0,0,0,0,0,0,0,0,0,0,0,0,0,0,0,2023-07
2023-07-13,51,15,40,9,2,3,4,4,5,0,10,1,6,1,13,3,4,4,2,2,0,0,9,0,1,1,0,0,0,0,2023-07
2023-07-14,0,0,0,0,0,0,0,0,0,0,0,0,0,0,0,0,0,0,0,0,0,0,0,0,0,0,0,0,0,0,2023-07
2023-07-15,0,-1,0,0,0,0,0,0,0,0,0,0,1,0,0,0,0,0,2,0,0,0,4,0,1,0,1,0,2,0,2023-07
2023-07-16,62,12,59,8,4,4,0,0,7,0,11,1,5,0,9,1,1,0,6,3,1,0,12,1,1,0,1,0,0,0,2023-07
2023-07-17,1,0,1,0,0,0,0,0,0,0,1,0,0,0,0,0,0,0,0,0,0,0,0,0,0,0,0,0,0,0,2023-07
2023-07-18,0,0,0,0,0,0,0,0,0,0,0,0,0,0,0,0,0,0,0,0,0,0,0,0,0,0,0,0,0,0,2023-07
2023-07-19,63,16,61,14,0,2,2,0,1,0,9,0,3,0,24,0,1,4,6,2,1,0,7,2,2,2,2,0,2,0,2023-07
2023-07-20,0,0,0,0,0,0,0,0,0,0,0,0,0,0,0,0,0,0,0,0,0,0,0,0,0,0,0,0,0,0,2023-07
2023-07-21,33,23,28,18,2,1,1,4,2,0,11,5,3,0,6,8,4,0,3,2,0,0,6,4,0,0,1,1,1,1,2023-07
2023-07-22,0,0,0,0,0,0,0,0,0,0,0,0,0,0,0,0,0,0,0,0,0,0,0,0,0,0,0,0,0,0,2023-07
2023-07-23,18,25,17,13,0,8,1,3,0,1,5,8,0,0,11,15,0,0,1,0,0,0,0,0,0,1,0,0,0,1,2023-07
2023-07-24,42,61,37,48,2,9,0,0,3,5,3,1,2,4,2,2,1,9,2,7,0,1,16,12,5,0,3,1,3,1,2023-07
2023-07-25,40,9,37,7,4,1,1,1,0,0,3,1,0,0,8,4,1,0,5,2,1,0,13,0,2,0,0,0,2,0,2023-07
2023-07-26,0,0,0,0,0,0,0,0,0,0,0,0,0,0,0,0,0,0,0,0,0,0,0,0,0,0,0,0,0,0,2023-07
2023-07-27,29,15,26,10,2,3,0,2,1,0,6,3,2,3,7,4,0,0,3,0,0,0,7,1,0,1,1,0,0,0,2023-07
2023-07-28,0,0,0,0,0,0,0,0,0,0,0,0,0,0,0,0,0,0,0,0,0,0,0,0,0,0,0,0,0,0,2023-07
2023-07-29,0,0,0,0,0,0,0,0,0,0,0,0,0,0,0,0,0,0,0,0,0,0,0,0,0,0,0,0,0,0,2023-07
2023-07-30,11,0,9,0,2,0,0,0,0,0,14,0,0,0,0,0,0,0,1,0,0,0,0,0,3,0,0,0,0,0,2023-07
2023-07-31,42,24,35,22,4,0,1,2,2,0,1,3,4,2,13,8,1,1,9,2,0,0,4,0,2,1,0,0,1,0,2023-07
2023-08-01,0,0,0,0,0,0,0,0,0,0,0,0,0,0,0,0,0,0,0,0,0,0,0,0,0,0,0,0,0,0,2023-08
2023-08-02,0,0,0,0,0,0,0,0,0,0,0,0,0,0,0,0,0,0,0,0,0,0,0,0,0,0,0,0,0,0,2023-08
2023-08-03,46,19,40,17,3,0,0,1,3,1,11,6,2,0,21,11,2,1,3,3,0,1,2,1,1,0,2,1,3,1,2023-08
2023-08-04,0,0,0,0,0,0,0,0,0,0,0,0,0,0,0,0,0,0,0,0,0,0,0,0,0,0,0,0,0,0,2023-08
2023-08-05,29,15,22,17,2,0,5,0,0,0,4,1,1,0,6,0,2,2,3,4,0,0,9,4,2,1,0,0,0,0,2023-08
2023-08-06,0,0,0,0,0,0,0,0,0,0,0,0,0,0,0,0,0,0,0,0,0,0,0,0,0,0,0,0,0,0,2023-08
2023-08-07,0,0,0,0,0,0,0,0,0,0,0,0,0,0,0,0,0,0,0,0,0,0,0,0,0,0,0,0,0,0,2023-08
2023-08-08,34,13,29,12,2,1,1,0,2,0,4,2,1,0,5,2,0,3,13,3,1,0,5,1,1,0,1,0,1,0,2023-08
2023-08-09,0,0,0,0,0,0,0,0,0,0,0,0,0,0,0,0,0,0,0,0,0,0,0,0,0,0,0,0,0,0,2023-08
2023-08-10,0,0,0,0,0,0,0,0,0,0,0,0,0,0,0,0,0,0,0,0,0,0,0,0,0,0,0,0,0,0,2023-08
2023-08-11,42,15,32,12,7,2,2,0,1,1,11,3,1,0,8,0,0,1,6,2,0,0,11,2,0,1,1,0,1,0,2023-08
2023-08-12,0,0,0,0,0,0,0,0,0,0,0,0,0,0,0,0,0,0,0,0,0,0,0,0,0,0,0,0,0,0,2023-08
2023-08-13,0,0,0,0,0,0,0,0,0,0,0,0,0,0,0,0,0,0,0,0,0,0,0,0,0,0,0,0,0,0,2023-08
2023-08-14,41,17,34,12,2,2,4,0,1,3,15,1,5,1,10,4,2,0,2,2,0,0,5,0,2,3,1,0,1,0,2023-08
2023-08-15,0,0,0,0,0,0,0,0,0,0,0,0,0,0,1,0,0,0,0,0,0,0,0,0,0,0,1,0,1,0,2023-08
2023-08-16,25,9,23,7,1,1,1,0,0,2,3,2,2,1,9,3,0,1,5,1,0,0,0,0,2,0,0,0,0,0,2023-08
2023-08-17,15,29,14,21,2,7,0,0,0,1,1,6,0,1,5,3,0,4,2,7,1,0,3,3,1,3,1,0,1,0,2023-08
2023-08-18,0,0,0,0,0,0,0,0,0,0,0,0,0,0,0,0,0,0,0,0,0,0,0,0,0,0,0,0,0,0,2023-08
2023-08-19,0,0,0,0,0,0,0,0,0,0,0,0,0,0,0,0,0,0,0,0,0,0,0,0,0,0,0,0,0,0,2023-08
2023-08-20,64,23,53,15,3,7,6,1,2,0,18,3,1,0,20,5,0,0,10,2,1,0,6,2,1,3,1,0,2,0,2023-08
2023-08-21,0,0,0,0,0,0,0,0,0,0,0,0,0,0,0,0,0,0,0,0,0,0,0,0,0,0,0,0,0,0,2023-08
2023-08-22,0,0,0,0,0,0,0,0,0,0,0,0,0,0,0,0,0,0,0,0,0,0,0,0,0,0,0,0,0,0,2023-08
2023-08-23,35,19,26,16,4,2,4,0,1,1,7,5,3,1,4,3,1,3,7,2,1,0,2,1,1,1,1,3,1,3,2023-08
2023-08-24,0,0,0,0,0,0,0,0,0,0,0,0,0,0,0,0,0,0,0,0,0,0,0,0,1,0,0,0,0,0,2023-08
2023-08-25,24,12,20,11,1,1,0,0,3,0,3,2,1,0,11,1,0,0,2,3,0,0,0,0,1,2,2,1,2,1,2023-08
2023-08-26,0,0,0,0,0,0,0,0,0,0,1,0,0,0,1,0,0,0,1,1,0,2,0,0,0,0,0,0,0,0,2023-08
2023-08-27,20,10,19,10,1,0,0,0,0,0,4,0,0,0,5,1,1,0,1,2,0,0,2,0,0,1,1,0,1,0,2023-08
2023-08-28,0,0,0,0,0,0,0,0,0,0,0,0,0,0,0,0,0,0,0,0,0,0,0,0,0,0,0,0,0,0,2023-08
2023-08-29,49,75,42,62,3,7,2,3,2,3,6,5,5,7,12,25,2,2,6,6,0,0,12,14,1,1,1,1,2,1,2023-08
2023-08-30,3,1,4,1,0,0,0,0,0,0,1,0,0,0,0,0,0,0,0,0,2,2,0,0,1,0,0,0,0,0,2023-08
2023-08-31,6,2,5,2,1,0,0,0,0,0,0,0,1,1,1,1,0,0,1,0,2,0,0,0,0,0,0,0,0,0,2023-08
2023-09-01,8,1,7,1,0,0,1,0,0,0,5,0,0,0,1,0,0,0,1,1,0,0,0,0,0,0,0,0,1,0,2023-09
2023-09-02,13,14,12,11,1,0,0,1,0,2,2,3,1,1,0,0,0,2,2,1,0,0,4,2,0,0,0,0,0,0,2023-09
2023-09-03,6,1,4,1,2,0,0,0,0,0,2,0,0,0,1,1,0,0,1,0,1,0,0,0,0,0,0,0,0,0,2023-09
2023-09-04,20,18,18,16,0,1,1,0,1,1,3,6,2,0,8,3,2,5,1,0,1,0,2,0,0,0,0,0,0,0,2023-09
2023-09-05,37,16,33,13,1,2,0,0,3,1,4,2,3,1,17,4,1,2,3,0,0,0,2,4,0,0,0,0,1,0,2023-09
2023-09-06,11,4,9,4,1,0,0,0,1,0,0,2,2,0,3,0,0,1,1,1,0,0,5,0,0,0,0,0,0,0,2023-09
2023-09-07,39,12,35,8,2,4,2,0,0,0,9,2,3,0,16,2,0,1,0,1,0,1,10,4,0,0,1,0,2,0,2023-09
2023-09-08,3,1,2,1,0,0,0,0,1,0,2,1,0,0,0,0,0,0,0,0,0,0,0,0,0,0,0,0,0,0,2023-09
2023-09-09,7,6,5,3,2,0,0,3,0,0,1,0,0,0,0,2,0,1,2,1,0,0,1,0,4,1,0,1,0,1,2023-09
2023-09-10,24,10,20,7,0,0,2,2,2,1,3,1,3,0,7,4,2,1,0,1,0,0,7,0,0,1,0,1,0,2,2023-09
2023-09-11,17,0,15,2,0,0,2,0,0,0,5,0,2,0,4,0,0,1,2,0,0,0,2,1,0,0,1,0,1,0,2023-09
2023-09-12,20,20,18,14,1,4,0,0,1,2,1,0,3,6,3,3,0,0,3,0,0,0,5,5,1,0,0,1,0,1,2023-09
2023-09-13,20,5,14,4,4,0,2,0,0,1,2,1,0,0,7,0,0,1,4,0,1,0,2,2,0,1,1,0,1,0,2023-09
2023-09-14,2,3,3,1,0,0,0,0,0,2,2,0,0,0,0,1,0,0,0,0,0,0,0,1,0,0,0,0,0,0,2023-09
2023-09-15,6,0,6,0,0,0,0,0,0,0,0,0,0,1,1,0,0,0,0,0,0,0,2,0,1,0,0,0,0,0,2023-09
2023-09-16,6,2,6,0,0,2,0,0,0,0,0,0,0,0,0,0,0,0,1,0,0,0,1,0,4,1,0,0,0,0,2023-09
2023-09-17,5,0,5,0,0,0,0,0,0,0,0,0,0,0,2,0,0,0,0,0,0,0,0,0,3,0,0,0,0,0,2023-09
2023-09-18,13,3,11,3,1,0,0,0,1,0,6,0,0,1,3,0,0,0,2,0,0,0,1,0,1,0,0,0,0,0,2023-09
2023-09-19,14,2,13,2,0,0,1,0,0,0,8,0,1,0,0,0,0,0,3,0,0,1,2,0,0,0,0,0,0,0,2023-09
2023-09-20,22,13,18,10,0,0,3,0,1,3,0,4,0,0,11,3,0,0,4,1,1,0,2,2,2,0,1,1,1,1,2023-09
2023-09-21,17,10,13,9,2,1,0,1,2,0,0,0,0,0,3,1,1,0,5,5,0,0,5,1,0,1,0,0,0,0,2023-09
2023-09-22,-2,9,0,6,0,0,0,0,0,3,0,1,0,0,0,0,0,0,0,0,0,0,0,3,0,0,0,0,0,0,2023-09
2023-09-23,0,0,0,0,0,0,0,0,0,0,0,0,0,0,0,0,0,0,0,0,0,0,0,0,0,0,0,0,0,0,2023-09
2023-09-24,51,11,42,8,8,0,1,3,0,0,3,3,4,0,16,4,2,0,9,0,1,0,11,1,1,0,0,2,0,2,2023-09
2023-09-25,9,5,8,4,0,0,0,0,1,1,2,0,1,0,1,1,0,0,1,1,0,0,2,1,0,0,0,0,0,0,2023-09
2023-09-26,9,5,9,5,0,0,0,0,1,0,1,0,0,0,0,2,1,0,1,0,0,3,1,0,0,0,1,0,1,0,2023-09
2023-09-27,0,0,0,0,0,0,0,0,0,0,0,0,0,0,0,0,0,0,0,0,0,0,0,0,0,0,0,0,0,0,2023-09
2023-09-28,-1,12,3,6,0,0,0,6,0,0,0,2,1,0,0,7,0,3,1,1,0,0,4,0,1,0,0,0,0,0,2023-09
2023-09-29,16,2,15,2,1,0,0,0,0,0,0,0,1,0,3,0,0,0,1,0,1,0,3,0,0,0,1,0,1,0,2023-09
2023-09-30,0,0,0,0,0,0,0,0,0,0,0,0,0,0,0,0,0,0,0,0,0,0,0,0,0,0,0,0,0,0,2023-09
2023-10-01,0,0,0,0,0,0,0,0,0,0,0,0,0,0,0,0,0,0,0,0,0,0,0,0,0,0,0,0,0,0,2023-10
2023-10-02,0,0,0,0,0,0,0,0,0,0,0,0,0,0,0,0,0,0,0,0,0,0,0,0,0,0,0,0,0,0,2023-10
2023-10-03,0,0,0,0,0,0,0,0,0,0,0,0,0,0,0,0,0,0,0,0,0,0,0,0,0,0,0,0,0,0,2023-10
2023-10-04,39,15,33,8,2,1,4,6,0,0,14,4,2,0,14,5,0,2,2,0,0,0,0,0,0,0,0,0,0,0,2023-10
2023-10-05,54,25,45,22,6,2,0,1,3,0,4,0,1,2,4,0,1,3,10,4,0,3,23,4,1,1,4,2,5,2,2023-10
2023-10-06,0,0,0,0,0,0,0,0,0,0,0,0,0,0,0,0,0,0,0,0,0,0,0,0,0,0,0,0,0,0,2023-10
2023-10-07,0,0,0,0,0,0,0,0,0,0,0,0,0,0,0,0,0,0,0,0,0,0,0,0,0,0,0,0,0,0,2023-10
2023-10-08,50,10,42,9,4,1,2,0,2,0,13,0,2,0,4,3,0,1,7,0,1,0,22,1,1,0,0,0,0,0,2023-10
2023-10-09,0,0,0,0,0,0,0,0,0,0,0,0,0,0,0,0,0,0,0,0,0,0,0,0,0,0,0,0,0,0,2023-10
2023-10-10,0,0,0,0,0,0,0,0,0,0,0,0,0,0,0,0,0,0,0,0,0,0,0,0,0,0,0,0,0,0,2023-10
2023-10-11,64,15,48,13,3,0,9,2,4,0,16,4,4,1,19,3,3,1,9,1,0,1,6,0,1,0,1,0,2,0,2023-10
2023-10-12,0,0,0,0,0,0,0,0,0,0,0,0,0,0,0,0,0,0,0,0,0,0,0,0,0,0,0,0,0,0,2023-10
2023-10-13,0,0,0,0,0,0,0,0,0,0,0,0,0,0,0,0,0,0,0,0,0,0,0,0,0,0,0,0,0,0,2023-10
2023-10-14,54,12,45,10,7,0,1,0,1,2,11,0,4,1,14,1,4,1,7,4,0,0,5,1,1,1,1,0,1,0,2023-10
2023-10-15,0,0,0,0,0,0,0,0,0,0,0,0,0,0,0,0,0,0,0,0,0,0,0,0,0,0,0,0,0,0,2023-10
2023-10-16,0,0,0,0,0,0,0,0,0,0,0,0,0,0,0,0,0,0,0,0,0,0,0,0,0,0,0,0,0,0,2023-10
2023-10-17,37,0,33,0,1,0,3,0,0,0,15,0,3,0,16,0,0,0,2,0,0,0,0,0,0,0,0,0,0,0,2023-10
2023-10-18,46,19,40,18,2,0,1,1,3,0,0,4,3,0,0,4,4,1,11,4,9,0,10,0,1,0,2,4,2,4,2023-10
2023-10-19,0,0,0,0,0,0,0,0,0,0,0,0,0,0,0,0,0,0,0,0,0,0,0,0,0,0,0,0,0,0,2023-10
2023-10-20,0,0,0,0,0,0,0,0,0,0,0,0,0,0,0,0,0,0,0,0,0,0,0,0,0,0,0,0,0,0,2023-10
2023-10-21,116,22,76,18,23,1,13,1,4,2,15,5,6,2,40,2,1,2,12,0,16,1,14,0,2,0,2,0,3,0,2023-10
2023-10-22,0,0,0,0,0,0,0,0,0,0,0,0,0,0,0,0,0,0,0,0,0,0,0,0,0,0,0,0,0,0,2023-10
2023-10-23,0,0,0,0,0,0,0,0,0,0,0,0,0,0,0,0,0,0,0,0,0,0,0,0,0,0,0,0,0,0,2023-10
2023-10-24,12,7,11,7,1,0,0,0,0,0,9,1,0,0,11,1,0,0,0,4,1,0,0,0,0,0,0,1,0,1,2023-10
2023-10-25,35,18,28,17,1,1,5,0,1,0,6,5,7,0,4,0,0,1,4,0,0,0,9,8,0,0,1,1,1,1,2023-10
2023-10-26,0,0,0,0,0,0,0,0,0,0,0,0,0,0,0,0,0,0,0,0,0,0,0,0,0,0,0,0,0,0,2023-10
2023-10-27,0,0,0,0,0,0,0,0,0,0,0,0,0,0,0,0,0,0,0,0,0,0,0,0,0,0,0,0,0,0,2023-10
2023-10-28,44,12,36,12,5,3,3,0,0,0,3,3,9,0,15,0,1,1,5,5,0,0,2,0,1,1,1,0,1,1,2023-10
2023-10-29,0,0,0,0,0,0,0,0,0,0,0,0,0,0,0,0,0,0,0,0,0,0,0,0,0,0,0,0,0,0,2023-10
2023-10-30,0,0,0,0,0,0,0,0,0,0,0,0,0,0,0,0,0,0,0,0,0,0,0,0,0,0,0,0,0,0,2023-10
2023-10-31,39,21,37,12,1,5,0,3,1,1,2,6,2,0,20,0,0,4,1,3,0,0,9,3,0,1,2,1,2,1,2023-10
2023-11-01,0,-2,0,0,0,0,0,0,0,0,0,0,1,0,0,0,0,0,0,1,0,0,0,0,0,0,0,0,0,0,2023-11
2023-11-02,46,0,23,0,4,0,18,0,1,0,19,0,9,0,15,0,1,0,1,0,0,0,2,0,1,0,1,0,1,0,2023-11
2023-11-03,0,0,0,0,0,0,0,0,0,0,0,0,0,0,0,0,0,0,0,0,0,0,0,0,0,0,0,0,0,0,2023-11
2023-11-04,0,0,0,0,0,0,0,0,0,0,0,0,0,0,0,0,0,0,0,0,0,0,0,0,0,0,0,0,0,0,2023-11
2023-11-05,72,15,53,11,7,2,11,1,1,1,17,2,6,0,18,3,0,3,10,1,0,2,6,0,2,0,1,1,3,1,2023-11
2023-11-06,0,0,0,0,0,0,0,0,0,0,0,0,0,0,0,0,0,0,0,0,0,0,0,0,0,0,0,0,0,0,2023-11
2023-11-07,0,0,0,0,0,0,0,0,0,0,0,0,0,0,0,0,0,0,0,0,0,0,0,0,0,0,0,0,0,0,2023-11
2023-11-08,0,0,0,0,0,0,0,0,0,0,0,0,0,0,0,0,0,0,0,0,0,0,0,0,0,0,0,0,0,0,2023-11
2023-11-09,57,21,44,15,1,3,12,2,0,1,8,3,11,2,20,4,1,1,1,1,1,0,6,3,2,1,2,0,3,0,2023-11
2023-11-10,0,0,0,0,0,0,0,0,0,0,0,0,0,0,0,0,0,0,0,0,0,0,0,0,0,1,0,0,0,0,2023-11
2023-11-11,0,0,0,0,0,0,0,0,0,0,0,0,0,0,0,0,0,0,0,0,0,0,0,0,0,0,0,0,0,0,2023-11
2023-11-12,0,0,0,0,0,0,0,0,0,0,0,0,0,0,0,0,0,0,0,0,0,0,0,0,0,0,0,0,0,0,2023-11
2023-11-13,28,15,32,12,3,2,0,1,0,0,11,4,4,0,16,2,1,2,2,3,0,0,9,1,0,0,4,2,5,2,2023-11
2023-11-14,-22,-24,0,0,0,0,0,0,0,0,0,0,0,0,0,0,0,0,1,0,0,0,0,0,0,0,0,1,0,1,2023-11
2023-11-15,0,0,0,0,0,0,0,0,0,0,0,0,0,0,0,0,0,0,0,0,0,0,0,0,0,0,0,0,0,0,2023-11
2023-11-16,0,0,0,0,0,0,0,0,0,0,0,0,0,0,0,0,0,0,0,0,0,0,0,0,0,0,0,0,0,0,2023-11
2023-11-17,58,6,44,4,4,0,7,2,3,0,6,0,6,0,18,1,2,0,9,4,0,0,7,0,3,0,1,0,1,0,2023-11
2023-11-18,0,0,0,0,0,0,0,0,0,0,0,0,0,0,0,0,0,0,0,0,0,0,0,0,0,0,0,0,0,0,2023-11
2023-11-19,0,-1,0,0,0,0,0,0,0,0,2,1,0,0,0,0,0,0,0,0,0,0,0,0,0,0,0,0,0,0,2023-11
2023-11-20,11,8,11,8,3,0,0,0,0,0,2,1,5,2,2,0,0,0,3,1,0,0,6,0,1,0,0,2,0,2,2023-11
2023-11-21,0,0,0,0,0,0,0,0,0,0,0,0,0,0,0,0,0,0,0,0,0,0,0,0,0,0,0,0,0,0,2023-11
2023-11-22,0,0,0,0,0,0,0,0,0,0,0,0,0,0,0,0,0,0,0,0,0,0,0,0,0,0,0,0,0,0,2023-11
2023-11-23,30,6,24,5,2,0,1,2,3,0,6,1,5,0,6,1,1,1,2,1,0,0,8,0,0,0,0,0,0,0,2023-11
2023-11-24,0,0,0,0,1,0,0,0,0,0,0,0,0,0,0,0,0,0,0,0,0,0,0,0,0,0,0,0,0,0,2023-11
2023-11-25,0,0,0,1,0,0,0,0,0,0,0,0,0,0,0,0,0,0,0,0,0,0,0,0,0,0,0,0,0,0,2023-11
2023-11-26,0,0,0,0,0,0,0,0,0,0,0,0,0,0,0,0,0,0,0,0,0,0,0,0,0,0,0,0,0,0,2023-11
2023-11-27,54,31,39,23,4,5,10,3,1,0,26,2,6,0,10,1,1,5,1,5,0,0,6,1,0,1,2,1,2,1,2023-11
2023-11-28,0,0,0,0,0,0,0,0,0,0,0,0,0,0,0,0,0,0,0,0,0,0,0,0,0,0,0,0,0,0,2023-11
2023-11-29,0,0,0,0,0,0,0,0,0,0,0,0,0,0,0,0,0,0,0,0,0,0,0,0,0,0,0,0,0,0,2023-11
2023-11-30,33,10,27,7,10,1,0,2,0,0,6,2,0,0,4,1,1,0,2,1,0,0,2,0,6,1,2,0,4,0,2023-11
2023-12-01,0,0,0,0,0,0,0,0,0,0,0,0,0,0,0,0,0,0,0,0,0,0,0,0,0,0,0,0,0,0,2023-12
2023-12-02,0,0,0,0,0,0,0,0,0,0,0,0,0,0,0,0,0,0,0,0,0,0,0,0,0,0,0,0,0,0,2023-12
2023-12-03,16,15,13,10,4,3,0,1,0,1,3,2,1,0,5,1,2,3,1,2,0,0,1,0,0,1,0,0,0,0,2023-12
2023-12-04,0,0,0,0,0,0,0,0,0,0,0,0,0,0,0,0,0,0,0,0,0,0,0,0,0,0,0,0,0,0,2023-12
2023-12-05,0,0,0,0,0,0,0,0,0,0,0,0,0,0,0,0,0,0,0,0,0,0,0,0,0,0,0,0,0,0,2023-12
2023-12-06,0,-1,0,0,0,1,0,0,0,0,0,0,0,0,3,0,0,0,0,0,0,0,0,0,0,0,0,0,0,0,2023-12
2023-12-07,66,13,48,9,3,2,15,2,0,0,14,1,6,0,24,1,4,1,6,2,1,0,5,3,1,0,1,0,1,0,2023-12
2023-12-08,-10,-1,0,0,0,0,0,0,0,0,0,0,0,0,0,0,0,0,0,0,0,0,0,0,0,0,0,0,0,0,2023-12
2023-12-09,0,0,0,0,0,0,0,0,0,0,0,0,0,0,0,0,0,0,0,0,0,0,0,0,0,0,0,0,0,0,2023-12
2023-12-10,29,7,19,6,1,1,8,0,1,0,4,1,0,1,16,3,3,0,2,2,0,0,2,0,1,0,0,0,0,0,2023-12
2023-12-11,0,0,0,0,0,0,0,0,0,0,0,0,0,0,0,0,0,0,0,0,0,0,0,0,0,0,0,0,0,0,2023-12
2023-12-12,72,4,50,4,1,0,21,0,0,0,22,0,6,1,31,1,5,1,0,0,1,0,4,0,0,0,0,0,0,0,2023-12
2023-12-13,-9,0,0,0,0,0,0,0,0,0,0,0,1,0,0,0,0,0,1,0,0,0,0,0,0,0,1,0,1,0,2023-12
2023-12-14,0,0,0,0,0,0,0,0,0,0,0,0,0,0,0,0,0,0,0,0,0,0,0,0,0,0,0,0,0,0,2023-12
2023-12-15,0,0,0,0,0,0,0,0,0,0,0,0,0,0,0,0,0,0,0,0,0,0,0,0,0,0,0,0,0,0,2023-12
2023-12-16,54,33,42,22,3,8,9,2,0,1,11,6,6,2,19,3,2,4,14,6,0,0,3,5,0,0,0,0,1,0,2023-12
2023-12-17,-5,-7,0,0,0,0,0,0,0,0,0,0,1,0,0,0,0,0,0,0,0,0,0,0,0,0,0,0,0,0,2023-12
2023-12-18,56,0,47,0,1,0,8,0,0,0,18,0,0,2,19,0,0,0,1,0,1,0,10,0,0,0,1,0,2,0,2023-12
2023-12-19,0,0,0,0,0,0,0,0,0,0,0,0,0,0,0,0,0,0,0,0,0,0,0,0,0,0,0,0,0,0,2023-12
2023-12-20,0,0,0,0,0,0,0,0,0,0,0,0,0,0,0,0,0,0,0,0,0,0,0,0,0,0,0,0,0,0,2023-12
2023-12-21,-8,9,0,6,1,3,0,1,0,0,1,1,0,1,0,4,0,0,1,1,0,0,2,0,4,0,1,0,2,0,2023-12
2023-12-22,0,0,0,0,0,0,0,0,0,0,0,0,0,0,0,0,0,0,0,0,0,0,0,0,0,0,0,0,0,0,2023-12
2023-12-23,0,0,0,0,0,0,0,0,0,0,0,0,0,0,0,0,0,0,0,0,0,0,0,0,0,0,0,0,0,0,2023-12
2023-12-24,63,31,53,28,4,1,5,0,1,2,9,11,3,0,14,5,1,4,7,3,3,0,18,3,0,0,0,0,0,0,2023-12
2023-12-25,44,3,29,0,5,2,11,1,0,0,5,1,10,0,41,1,3,0,1,1,1,0,2,0,0,0,0,1,0,1,2023-12
2023-12-26,0,0,0,0,0,0,0,0,0,0,0,0,0,0,0,0,0,0,0,0,0,0,0,0,0,0,0,0,0,0,2023-12
2023-12-27,0,0,0,0,0,0,0,0,0,0,0,0,0,0,0,0,0,0,0,0,0,0,0,0,0,0,0,0,0,0,2023-12
2023-12-28,55,17,33,10,2,2,19,4,1,1,20,5,7,1,11,2,0,2,2,2,0,0,9,0,1,0,1,1,1,1,2023-12
2023-12-29,0,0,0,0,0,0,0,0,0,0,0,0,0,0,0,0,0,0,0,0,0,0,0,0,0,0,0,0,0,0,2023-12
2023-12-30,-9,0,0,0,0,0,0,0,0,0,0,0,0,0,0,0,1,0,0,0,0,0,0,0,0,0,0,0,0,0,2023-12
2023-12-31,45,20,36,19,3,4,5,0,1,1,4,3,3,1,0,10,0,0,3,3,0,0,17,0,2,1,1,0,2,0,2023-12
2024-01-01,0,0,0,0,0,0,0,0,0,0,0,0,0,0,0,0,0,0,0,0,0,0,0,0,0,0,0,0,0,0,2024-01
2024-01-02,0,0,0,0,0,0,0,0,0,0,0,0,0,0,0,0,0,0,0,0,0,0,0,0,0,0,0,0,0,0,2024-01
2024-01-03,30,25,24,18,5,2,1,5,0,0,4,5,1,2,16,6,0,0,3,2,0,1,2,5,3,1,0,1,0,1,2024-01
2024-01-04,0,0,0,0,0,0,0,0,0,0,0,0,0,0,0,0,0,0,0,0,0,0,0,0,0,0,0,0,0,0,2024-01
2024-01-05,0,0,0,0,0,0,0,0,0,0,0,0,0,0,0,0,0,0,0,0,0,0,0,0,0,0,0,0,0,0,2024-01
2024-01-06,41,17,49,15,0,1,0,1,0,0,8,2,3,0,18,2,0,1,6,3,0,0,5,4,4,0,1,0,1,0,2024-01
2024-01-07,0,0,0,0,0,0,0,0,0,0,0,0,0,0,0,0,0,0,0,0,0,0,0,0,0,0,0,0,0,0,2024-01
2024-01-08,0,0,0,0,0,0,0,0,0,0,0,0,0,0,0,0,0,0,0,0,0,0,0,0,0,0,0,0,0,0,2024-01
2024-01-09,32,13,27,12,0,0,5,0,0,1,6,2,4,0,11,0,0,0,0,0,0,1,2,4,2,1,0,0,0,0,2024-01
2024-01-10,-44,-14,0,0,1,1,0,0,0,0,0,0,0,0,0,0,0,0,4,0,0,0,0,0,7,0,0,0,0,0,2024-01
2024-01-11,0,0,0,0,0,0,0,0,0,0,0,0,0,0,0,0,0,0,0,0,0,0,0,0,0,0,0,0,0,0,2024-01
2024-01-12,0,0,0,0,0,0,0,0,0,0,0,0,0,0,0,0,0,0,0,0,0,0,0,0,0,0,0,0,0,0,2024-01
2024-01-13,56,23,44,18,2,2,7,3,3,0,6,4,12,1,17,4,2,2,3,0,0,1,14,4,0,1,3,0,3,0,2024-01
2024-01-14,0,0,0,0,0,0,0,0,0,0,0,0,0,0,0,0,0,0,0,0,0,0,0,0,0,0,0,0,0,0,2024-01
2024-01-15,0,0,0,0,0,0,0,0,0,0,0,0,0,0,0,0,0,0,0,0,0,0,0,0,0,0,0,0,0,0,2024-01
2024-01-16,39,11,19,8,5,2,15,0,0,1,11,2,8,1,7,2,3,1,2,0,2,0,3,0,0,2,0,0,0,0,2024-01
2024-01-17,0,0,0,0,0,0,0,0,0,0,0,0,0,0,0,0,0,0,0,0,0,0,0,0,0,0,0,0,0,0,2024-01
2024-01-18,0,0,0,0,0,0,0,0,0,0,0,0,0,0,0,0,0,0,0,0,0,0,0,0,0,0,0,0,0,0,2024-01
2024-01-19,0,0,0,0,0,0,0,0,0,0,0,0,0,0,0,0,0,0,0,0,0,0,0,0,0,0,0,0,0,0,2024-01
2024-01-20,69,32,44,27,3,3,21,0,1,2,10,0,7,0,25,5,2,2,4,4,1,0,10,13,4,2,0,1,0,1,2024-01
2024-01-21,0,0,0,0,0,0,0,0,0,0,0,0,0,0,0,0,0,0,0,0,0,0,0,0,0,0,0,0,0,0,2024-01
2024-01-22,64,36,45,27,2,9,0,0,29,1,0,0,0,0,0,0,0,1,0,0,0,0,0,0,0,0,64,36,64,36,2024-01
2024-01-23,66,12,37,9,2,2,24,1,3,0,28,2,0,0,23,0,0,0,1,4,0,0,8,3,1,0,1,0,2,0,2024-01
2024-01-24,0,0,0,0,0,0,0,0,0,0,0,0,0,0,0,0,0,0,0,0,0,0,0,0,0,0,0,0,0,0,2024-01
2024-01-25,0,0,0,0,0,0,0,0,0,0,0,0,0,0,0,0,0,0,0,0,0,0,0,0,0,0,0,0,0,0,2024-01
2024-01-26,34,3,28,3,2,1,4,0,0,0,5,1,15,2,8,2,0,0,4,0,1,0,3,1,1,0,0,0,0,0,2024-01
2024-01-27,0,0,0,0,0,0,0,0,0,0,0,0,0,0,0,0,0,0,0,0,0,0,0,0,0,0,0,0,0,0,2024-01
2024-01-28,0,0,0,0,0,0,0,0,0,0,0,0,0,0,0,0,0,0,0,0,0,0,0,0,0,0,0,0,0,0,2024-01
2024-01-29,44,9,29,5,0,3,15,1,0,0,12,0,7,1,19,0,1,1,0,5,0,0,2,2,2,0,1,0,1,0,2024-01
2024-01-30,0,0,0,0,0,0,0,0,0,0,0,0,0,0,0,0,0,0,0,0,0,0,0,0,0,0,0,0,0,0,2024-01
2024-01-31,0,0,0,0,0,0,0,0,0,0,0,0,0,0,0,0,0,0,0,0,0,0,0,0,0,0,0,0,0,0,2024-01
2024-02-01,72,8,54,8,2,0,16,0,0,0,23,0,16,0,16,2,0,1,2,2,0,0,10,0,0,0,0,0,1,0,2024-02
2024-02-02,-13,-3,0,0,0,0,0,0,0,0,0,0,0,0,0,0,0,0,0,0,0,0,0,0,0,0,0,0,0,0,2024-02
2024-02-03,29,11,21,7,0,2,7,1,1,1,10,3,10,0,4,0,3,0,0,0,0,0,1,2,0,0,0,0,0,0,2024-02
2024-02-04,0,0,0,0,0,0,0,0,0,0,0,0,0,0,0,0,0,0,0,0,0,0,0,0,0,0,0,0,0,0,2024-02
2024-02-05,18,2,10,2,0,0,8,0,0,0,5,1,5,0,3,0,0,0,1,0,0,0,1,1,0,0,2,0,2,0,2024-02
2024-02-06,0,0,0,0,0,0,0,0,0,0,0,0,0,0,0,0,0,0,0,0,0,0,0,0,0,0,0,0,0,0,2024-02
2024-02-07,0,0,0,0,0,0,0,0,0,0,0,0,0,0,0,0,0,0,0,0,0,0,0,0,0,0,0,0,0,0,2024-02
2024-02-08,0,0,0,0,0,0,0,0,0,0,0,0,0,0,0,0,0,0,0,0,0,0,0,0,0,0,0,0,0,0,2024-02
2024-02-09,55,19,37,14,6,1,11,3,1,1,15,1,6,0,24,2,0,3,9,0,0,1,5,2,0,2,2,1,2,1,2024-02
2024-02-10,0,0,0,0,0,0,0,0,0,0,0,0,0,0,0,0,0,0,0,0,0,0,0,0,0,0,0,0,0,0,2024-02
2024-02-11,13,11,16,9,1,1,0,0,0,2,0,0,0,0,12,3,0,0,0,3,0,0,6,0,2,2,1,0,1,0,2024-02
2024-02-12,0,0,0,0,0,0,0,0,0,0,0,0,0,0,0,0,0,0,0,0,0,0,0,0,0,0,0,0,0,0,2024-02
2024-02-13,0,0,0,0,0,0,0,0,0,0,0,0,0,0,0,0,0,0,0,0,0,0,0,0,0,0,0,0,0,0,2024-02
2024-02-14,60,28,47,22,0,5,10,1,3,0,9,1,6,1,21,4,1,2,5,4,0,1,14,13,0,0,0,0,0,0,2024-02
2024-02-15,0,0,0,0,0,0,0,0,0,0,0,0,0,0,0,0,0,0,0,0,0,0,0,0,0,0,0,0,0,0,2024-02
2024-02-16,0,0,0,0,0,0,0,0,0,0,0,0,0,0,0,0,0,0,0,0,0,0,0,0,0,0,0,0,0,0,2024-02
2024-02-17,31,12,10,14,11,0,12,0,0,3,7,0,3,2,14,0,2,2,2,3,1,0,0,1,1,0,1,0,3,0,2024-02
2024-02-18,0,0,0,0,0,0,0,0,0,0,0,0,0,0,0,0,0,0,0,0,0,0,0,0,0,0,0,0,0,0,2024-02
2024-02-19,0,0,0,0,0,0,0,0,0,0,0,0,0,0,0,0,0,0,0,0,0,0,0,0,0,0,0,0,0,0,2024-02
2024-02-20,59,24,49,19,2,3,6,0,2,2,12,6,13,2,16,5,1,4,1,2,1,0,4,0,2,1,1,0,1,0,2024-02
2024-02-21,0,0,0,0,0,0,0,0,0,0,0,0,0,0,0,0,0,0,0,0,0,0,0,1,0,1,0,0,0,0,2024-02
2024-02-22,25,19,27,12,2,1,0,2,0,4,0,0,5,1,18,9,1,2,4,0,0,0,0,6,3,0,0,1,1,1,2024-02
2024-02-23,8,1,4,1,0,0,4,0,0,0,2,0,0,0,5,0,0,0,0,0,0,0,0,0,0,0,0,0,0,0,2024-02
2024-02-24,0,0,0,0,0,0,0,0,0,0,0,0,0,0,0,0,0,0,0,0,0,0,0,0,0,0,0,0,0,0,2024-02
2024-02-25,0,0,0,0,0,0,0,0,0,0,0,0,0,0,0,0,0,0,0,0,1,0,0,0,0,0,0,0,0,0,2024-02
2024-02-26,57,22,48,14,3,2,5,2,1,4,5,1,6,0,22,3,1,4,4,3,0,0,12,2,0,3,1,1,1,1,2024-02
2024-02-27,0,1,0,1,0,0,0,0,0,0,0,0,0,1,0,0,0,0,0,0,0,0,0,0,0,0,0,0,1,0,2024-02
2024-02-28,21,31,14,18,1,4,2,2,4,7,6,0,0,0,17,3,1,3,1,3,0,0,8,0,0,2,1,7,1,7,2024-02
2024-02-29,0,0,0,0,0,0,0,0,0,0,0,0,0,0,0,0,0,0,0,0,0,0,0,0,0,0,0,0,0,0,2024-02
2024-03-01,0,0,0,0,0,0,0,0,0,0,0,0,0,0,0,0,0,0,0,0,0,0,0,0,0,0,0,0,0,0,2024-03
2024-03-02,50,14,47,7,2,3,3,2,0,2,10,1,7,1,19,2,5,1,3,2,0,0,0,3,0,0,1,0,1,0,2024-03
2024-03-03,0,0,0,0,0,0,0,0,0,0,0,0,0,0,0,0,0,0,0,0,0,0,0,0,0,0,0,0,0,0,2024-03
2024-03-04,61,24,49,18,2,0,10,2,0,4,17,4,11,0,24,2,1,4,2,4,0,0,6,3,0,0,0,1,0,1,2024-03
2024-03-05,0,0,0,0,0,0,0,0,0,0,0,0,0,0,0,0,0,0,0,0,0,0,0,0,0,0,0,0,0,0,2024-03
2024-03-06,0,0,0,0,0,0,0,0,0,0,0,0,0,0,0,0,0,0,0,0,0,0,0,0,0,0,0,0,0,0,2024-03
2024-03-07,32,15,32,7,0,3,0,2,1,3,12,3,6,1,8,0,1,1,4,5,0,0,0,2,0,2,0,0,0,0,2024-03
2024-03-08,0,0,0,0,0,0,0,0,0,0,0,0,0,0,0,0,0,0,0,0,0,0,0,0,0,0,0,0,0,0,2024-03
2024-03-09,62,14,46,8,2,4,13,0,1,2,10,0,8,0,25,2,1,1,0,2,0,1,10,2,0,3,0,0,0,0,2024-03
2024-03-10,0,0,0,0,0,0,0,0,0,0,0,0,0,0,0,0,0,0,0,0,0,0,0,0,0,0,0,0,0,0,2024-03
2024-03-11,0,0,0,0,0,0,0,0,0,0,0,0,0,0,0,0,0,0,0,0,0,0,0,0,0,0,0,0,0,0,2024-03
2024-03-12,0,0,0,0,0,0,0,0,0,0,0,0,0,0,0,0,0,0,1,0,0,0,0,0,2,0,0,0,0,0,2024-03
2024-03-13,85,29,72,23,1,2,11,3,1,1,14,8,10,1,31,1,2,2,7,0,0,2,8,3,0,3,3,0,3,0,2024-03
2024-03-14,0,0,0,0,0,0,0,0,0,0,0,0,0,0,0,0,0,0,0,0,0,0,0,0,0,0,0,0,0,0,2024-03
2024-03-15,0,0,0,0,0,0,0,0,0,0,0,0,0,0,0,0,0,0,0,0,0,0,0,0,0,0,0,0,0,0,2024-03
2024-03-16,0,0,0,0,0,0,0,0,0,0,0,0,0,0,0,0,0,0,0,0,0,0,0,0,0,0,0,0,0,0,2024-03
2024-03-17,0,0,0,0,0,0,0,0,0,0,0,0,0,0,0,0,0,0,0,0,0,0,0,0,0,0,0,0,0,0,2024-03
2024-03-18,0,0,0,0,0,0,0,0,0,0,0,0,0,0,0,0,0,0,0,0,0,0,0,0,0,0,0,0,0,0,2024-03
2024-03-19,0,0,0,0,0,0,0,0,0,0,0,0,0,0,0,0,0,0,0,0,0,0,0,0,0,0,0,0,0,0,2024-03
2024-03-20,106,40,93,28,8,6,7,4,0,2,23,10,9,1,34,6,8,6,11,3,1,2,14,4,0,2,3,1,3,1,2024-03
2024-03-21,0,0,0,0,0,0,0,0,0,0,0,0,0,0,0,0,0,0,0,0,0,0,0,0,0,0,0,0,0,0,2024-03
2024-03-22,0,0,0,0,0,0,0,0,0,0,0,0,0,0,0,0,0,0,0,0,0,0,0,0,0,0,0,0,0,0,2024-03
2024-03-23,0,0,0,0,0,0,0,0,0,0,0,0,0,0,0,0,0,0,0,0,0,0,0,0,0,0,0,0,0,0,2024-03
2024-03-24,45,18,32,12,4,3,8,2,1,1,6,6,3,1,23,1,1,0,2,1,0,1,9,0,0,0,1,0,1,0,2024-03
2024-03-25,0,0,0,0,0,0,0,0,0,0,0,0,0,0,0,0,0,0,0,0,0,0,0,0,0,0,0,0,0,0,2024-03
2024-03-26,28,14,27,13,3,3,0,0,0,2,8,0,0,0,15,0,0,3,3,2,0,0,0,1,1,3,2,0,2,0,2024-03
2024-03-27,0,0,0,0,0,0,0,0,0,0,0,0,0,0,0,0,0,0,0,0,0,0,0,0,0,0,0,0,0,0,2024-03
2024-03-28,0,0,0,0,0,0,0,0,0,0,0,0,0,0,0,0,0,0,0,0,0,0,0,0,0,0,0,0,0,0,2024-03
2024-03-29,27,19,28,15,2,1,2,2,0,1,9,2,3,2,4,2,0,2,3,2,1,0,2,2,2,2,2,2,2,2,2024-03
2024-03-30,3,0,2,0,1,0,0,0,0,0,0,0,0,0,3,0,0,0,0,0,0,0,0,0,0,0,0,0,0,0,2024-03
2024-03-31,0,0,0,0,0,0,0,0,0,0,0,0,0,0,0,0,0,0,0,0,0,0,0,0,0,0,0,0,0,0,2024-03
2024-04-01,30,19,26,12,3,2,0,3,1,2,5,4,1,0,10,4,2,3,2,2,0,0,4,3,2,0,3,0,3,0,2024-04
2024-04-02,0,0,0,0,0,0,0,0,0,0,0,0,0,0,0,0,0,0,0,0,0,0,0,0,0,0,0,0,0,0,2024-04
2024-04-03,0,0,0,0,0,0,0,0,0,0,0,0,0,0,0,0,0,0,0,0,0,0,0,0,0,0,0,0,0,0,2024-04
2024-04-04,85,33,70,26,0,2,15,1,2,4,13,4,6,1,39,4,2,1,5,3,0,3,10,3,0,5,1,0,3,0,2024-04
2024-04-05,0,0,0,0,0,0,0,0,0,0,0,0,0,0,0,0,0,0,0,0,0,0,0,0,0,0,0,0,0,0,2024-04
2024-04-06,0,0,0,0,0,0,0,0,0,0,0,0,0,0,0,0,0,0,0,0,0,0,0,0,0,0,0,0,0,0,2024-04
2024-04-07,56,20,39,11,1,3,15,3,1,3,15,3,3,0,25,4,1,2,2,5,0,0,8,5,0,1,0,1,0,1,2024-04
2024-04-08,0,0,0,0,0,0,0,0,0,0,0,0,0,0,0,0,0,0,0,0,0,0,0,0,0,0,0,0,0,0,2024-04
2024-04-09,0,0,0,0,0,0,0,0,0,0,0,0,0,0,0,0,0,0,0,0,0,0,0,0,0,0,0,0,0,0,2024-04
2024-04-10,72,8,71,6,1,2,0,0,0,0,14,1,5,0,39,0,0,1,2,2,2,0,5,1,0,0,1,0,1,0,2024-04
2024-04-11,0,0,0,0,0,0,0,0,0,0,0,0,0,0,0,0,0,0,0,0,0,0,0,0,0,0,0,0,0,0,2024-04
2024-04-12,0,-3,0,0,0,0,0,0,0,0,0,0,0,0,0,0,0,0,0,0,0,0,0,0,0,0,0,0,0,0,2024-04
2024-04-13,64,25,50,24,8,0,7,1,0,0,11,2,3,1,29,2,0,2,2,3,0,0,12,4,3,3,2,2,2,2,2024-04
2024-04-14,0,0,0,0,0,0,0,0,0,0,0,0,0,0,0,0,0,0,0,0,0,0,0,0,0,0,0,0,0,0,2024-04
2024-04-15,0,0,0,0,0,0,0,0,0,0,0,0,0,0,0,0,0,0,0,0,0,0,0,0,0,0,0,0,0,0,2024-04
2024-04-16,64,5,51,0,5,3,7,2,1,0,13,2,8,2,14,3,2,1,4,3,0,0,20,1,3,1,0,0,0,0,2024-04
2024-04-17,0,0,0,0,0,0,0,0,0,0,0,0,0,0,0,0,0,0,0,0,0,0,0,1,0,0,0,0,0,0,2024-04
2024-04-18,0,0,0,0,0,0,0,0,0,0,0,0,0,0,0,0,0,0,0,0,0,0,0,0,0,0,0,0,0,0,2024-04
2024-04-19,0,-16,0,5,0,0,0,0,0,0,0,0,0,0,0,0,0,0,0,0,0,0,0,0,0,0,0,0,0,0,2024-04
2024-04-20,-39,23,0,17,0,3,0,1,0,2,0,4,0,0,0,1,0,2,0,3,1,2,0,5,4,2,2,0,2,0,2024-04
2024-04-21,2,0,12,0,0,0,0,0,0,0,0,0,0,0,2,0,0,0,0,0,0,0,0,0,0,0,0,0,0,0,2024-04
2024-04-22,0,0,0,0,0,0,0,0,0,0,0,0,0,0,0,0,0,0,0,0,0,0,0,0,0,0,0,0,0,0,2024-04
2024-04-23,0,0,0,0,0,0,0,0,0,0,0,0,0,0,0,0,0,0,0,0,0,0,0,0,0,0,0,0,0,0,2024-04
2024-04-24,48,15,38,14,2,0,7,1,1,0,8,1,2,1,18,0,1,2,4,2,0,1,10,1,2,3,1,0,1,0,2024-04
2024-04-25,0,2,0,0,0,0,0,0,0,3,0,0,0,0,2,0,0,0,0,0,0,0,0,2,0,0,0,0,0,0,2024-04
2024-04-26,0,0,0,0,0,0,0,0,0,0,0,0,0,0,0,0,0,0,0,0,0,0,0,0,0,0,0,0,0,0,2024-04
2024-04-27,38,18,36,14,0,1,4,0,0,5,6,2,7,1,11,0,0,2,5,2,0,0,4,0,3,0,0,0,0,0,2024-04
2024-04-28,0,0,0,0,0,0,0,0,0,0,0,0,0,0,0,0,0,0,0,0,0,0,0,0,0,0,0,0,0,0,2024-04
2024-04-29,0,0,0,0,0,0,0,0,0,0,0,0,0,0,0,0,0,0,0,0,0,0,0,0,0,0,0,0,0,0,2024-04
2024-04-30,0,0,0,0,0,0,0,0,0,0,0,0,0,0,0,0,0,0,0,0,0,0,0,0,0,0,0,0,0,0,2024-04
2024-05-01,60,21,51,18,1,2,5,0,3,1,12,0,4,3,22,3,3,3,0,3,1,0,8,2,1,1,3,0,3,0,2024-05
2024-05-02,0,0,0,0,0,0,0,0,0,0,0,0,0,0,0,0,0,0,0,0,0,0,0,0,0,0,0,0,0,0,2024-05
2024-05-03,0,0,0,0,0,0,0,0,0,0,0,0,0,0,0,0,0,0,0,0,0,0,0,0,0,0,0,0,0,0,2024-05
2024-05-04,51,10,43,7,1,1,7,1,0,1,21,3,5,2,16,1,3,1,2,1,0,0,1,0,0,0,0,0,0,0,2024-05
2024-05-05,0,0,0,0,0,0,0,0,0,0,0,0,0,0,0,0,0,0,0,0,0,0,0,0,0,0,0,0,0,0,2024-05
2024-05-06,0,0,0,0,0,0,0,0,0,0,0,0,0,0,0,0,0,0,0,0,0,0,0,0,0,0,0,0,0,0,2024-05
2024-05-07,0,0,0,0,0,0,0,0,0,0,0,0,0,0,0,0,0,0,0,0,0,0,0,0,0,0,0,0,0,0,2024-05
2024-05-08,100,45,77,37,4,2,19,4,0,2,31,8,7,2,30,6,2,7,5,4,0,0,12,9,4,0,4,0,4,1,2024-05
2024-05-09,0,0,0,0,0,0,0,0,0,0,0,0,0,0,0,0,0,0,0,0,0,0,0,0,0,0,0,0,0,0,2024-05
2024-05-10,0,-1,0,0,0,1,0,0,0,0,0,1,0,0,0,0,0,0,0,0,0,0,0,0,0,0,0,0,0,0,2024-05
2024-05-11,39,30,35,21,2,3,3,4,0,2,5,6,6,0,13,2,4,0,1,4,1,0,3,2,1,4,1,0,1,0,2024-05
2024-05-12,0,0,0,0,0,0,0,0,0,0,0,0,0,0,0,0,0,0,0,0,0,0,0,0,0,0,0,0,0,0,2024-05
2024-05-13,0,0,0,0,0,0,0,0,0,0,0,0,0,0,0,0,0,0,0,0,0,0,0,0,0,0,0,0,0,0,2024-05
2024-05-14,67,21,67,16,1,0,0,3,0,2,16,4,7,0,32,2,1,5,1,2,0,0,4,0,1,2,2,0,2,0,2024-05
2024-05-15,0,0,0,0,0,0,0,0,0,0,0,0,0,0,0,0,0,0,0,0,0,0,0,0,0,0,0,0,0,0,2024-05
2024-05-16,0,0,0,0,0,0,0,0,0,0,0,0,0,0,0,0,0,0,0,0,0,0,0,0,0,0,0,0,0,0,2024-05
2024-05-17,48,42,45,26,1,9,2,5,0,2,15,3,3,0,8,4,0,7,8,4,3,2,3,7,1,3,2,1,2,1,2024-05
2024-05-18,0,0,0,0,0,0,0,0,0,0,0,0,0,0,0,0,0,0,0,0,0,0,0,0,0,0,0,0,0,0,2024-05
2024-05-19,0,0,0,0,0,0,0,0,0,0,0,0,0,0,0,0,0,0,0,0,0,0,0,0,0,0,0,0,0,0,2024-05
2024-05-20,42,20,39,18,0,1,0,1,4,0,12,5,9,0,8,3,1,0,5,2,0,0,4,2,0,0,2,0,2,0,2024-05
2024-05-21,0,0,0,0,0,0,0,0,0,0,0,0,0,0,0,0,0,0,0,0,0,0,0,0,0,0,0,0,0,0,2024-05
2024-05-22,0,0,0,0,0,0,0,0,0,0,0,0,0,0,0,0,0,0,0,0,0,0,0,0,0,0,0,0,0,0,2024-05
2024-05-23,25,11,19,10,2,1,5,0,0,0,6,0,2,0,7,0,4,1,3,1,0,2,3,0,0,2,0,0,0,0,2024-05
2024-05-24,0,0,0,0,0,0,0,0,0,0,0,0,0,0,0,0,0,0,0,0,0,0,0,0,0,0,0,0,0,0,2024-05
2024-05-25,0,0,0,0,0,0,0,0,0,0,0,0,0,0,0,0,0,0,0,0,0,0,0,0,0,0,0,0,0,0,2024-05
2024-05-26,86,17,79,16,0,0,2,1,5,0,12,2,10,3,30,3,0,0,3,1,1,0,7,2,7,2,4,1,5,1,2024-05
2024-05-27,0,0,0,0,0,0,0,0,0,0,0,0,0,0,0,0,0,0,0,0,0,0,0,0,0,0,0,0,0,0,2024-05
2024-05-28,0,0,0,0,0,0,0,0,0,0,0,0,0,0,0,0,0,0,0,0,0,0,0,0,0,0,0,0,0,0,2024-05
2024-05-29,0,0,0,0,0,0,0,0,0,0,0,0,0,0,0,0,0,0,0,0,0,0,0,0,0,0,0,0,0,0,2024-05
2024-05-30,58,19,51,14,5,2,2,1,0,2,11,4,6,1,20,1,1,1,5,4,0,0,5,3,2,1,5,1,6,1,2024-05
2024-05-31,0,0,0,0,0,0,0,0,0,0,0,0,0,0,0,0,0,0,0,0,0,0,0,0,0,0,0,0,0,0,2024-05
2024-06-01,0,0,0,0,0,0,0,0,0,0,0,0,0,0,0,0,0,0,0,0,0,0,0,0,0,0,0,0,0,0,2024-06
2024-06-02,40,14,38,13,0,2,3,1,0,0,2,2,9,3,9,1,4,4,3,5,0,0,6,4,1,1,4,0,4,0,2024-06
2024-06-03,0,0,0,0,0,0,0,0,0,0,0,0,0,0,0,0,0,0,0,0,0,0,0,0,0,0,0,0,0,0,2024-06
2024-06-04,0,0,0,0,0,0,0,0,0,0,0,0,0,0,0,0,0,0,0,0,0,0,0,0,0,0,0,0,0,0,2024-06
2024-06-05,70,23,58,18,3,0,9,3,0,2,14,4,4,1,19,2,5,5,6,1,0,0,4,0,4,2,8,0,8,0,2024-06
2024-06-06,0,0,0,0,0,0,0,0,0,0,0,0,0,0,0,0,0,0,0,0,0,0,0,0,0,0,0,0,0,0,2024-06
2024-06-07,0,0,0,0,0,0,0,0,0,0,0,0,0,0,0,0,0,0,0,0,0,0,0,0,0,0,0,0,0,0,2024-06
2024-06-08,57,21,46,20,5,0,6,1,0,0,13,2,6,0,15,5,1,1,5,0,0,0,13,2,1,4,1,0,2,0,2024-06
2024-06-09,1,0,0,0,1,0,0,0,0,0,0,0,0,0,0,0,0,0,0,0,1,0,0,0,0,0,0,0,0,0,2024-06
2024-06-10,0,0,0,0,0,0,0,0,0,0,0,0,0,0,0,0,0,0,0,0,0,0,0,0,0,0,0,0,0,0,2024-06
2024-06-11,94,28,87,23,3,1,5,1,0,3,23,1,10,1,31,4,2,0,6,3,1,2,11,4,1,1,6,1,6,1,2024-06
2024-06-12,0,0,0,0,0,0,0,0,0,0,0,0,0,0,0,0,0,0,0,0,0,0,0,0,0,0,0,0,0,0,2024-06
2024-06-13,0,0,0,0,0,0,0,0,0,0,0,0,0,0,0,0,0,0,0,0,0,0,0,0,0,0,0,0,0,0,2024-06
2024-06-14,71,26,69,18,3,3,0,4,0,1,5,3,8,1,15,6,1,0,4,2,2,0,21,3,6,6,3,1,3,1,2024-06
2024-06-15,0,0,0,0,0,0,0,0,0,0,0,0,0,0,0,0,0,0,0,0,0,0,0,0,0,0,0,0,0,0,2024-06
2024-06-16,0,16,0,10,0,1,0,4,0,1,3,1,2,1,9,7,0,2,4,1,0,0,10,1,0,0,7,0,8,0,2024-06
2024-06-17,50,7,46,6,2,1,2,0,0,0,2,1,0,0,1,0,1,0,0,2,0,0,4,1,0,0,2,0,2,0,2024-06
2024-06-18,0,0,0,0,0,0,0,0,0,0,0,0,0,0,0,0,0,0,0,0,0,0,0,0,0,0,0,0,0,0,2024-06
2024-06-19,0,0,0,0,0,0,0,0,0,0,0,0,0,0,0,0,0,0,0,0,0,0,0,0,0,0,0,0,0,0,2024-06
2024-06-20,62,22,53,17,1,1,4,3,4,1,14,5,13,0,19,6,2,0,1,1,0,1,6,1,0,1,3,0,3,0,2024-06
2024-06-21,0,0,0,0,0,0,0,0,0,0,0,0,0,0,0,0,0,0,0,0,0,0,0,0,0,0,0,0,0,0,2024-06
2024-06-22,0,0,0,0,0,0,0,0,0,0,0,0,0,0,0,0,0,0,0,0,0,0,0,0,0,0,0,0,0,0,2024-06
2024-06-23,34,4,26,3,3,0,5,1,0,0,7,0,4,1,12,1,2,0,0,0,2,0,4,1,0,0,1,0,3,0,2024-06
2024-06-24,0,0,0,0,0,0,0,0,0,0,0,0,0,0,0,0,0,0,0,0,0,0,0,0,0,0,0,0,0,0,2024-06
2024-06-25,0,0,0,0,0,0,0,0,0,0,0,0,0,0,0,0,0,0,0,0,0,0,0,0,0,0,0,0,0,0,2024-06
2024-06-26,51,14,48,9,1,2,0,1,2,2,13,2,6,0,14,1,0,1,6,1,0,0,6,1,3,2,1,0,1,0,2024-06
2024-06-27,0,0,0,0,0,0,0,0,0,0,0,0,0,0,0,0,0,0,0,0,0,0,0,0,0,0,0,0,0,0,2024-06
2024-06-28,0,0,0,0,0,0,0,0,0,0,0,0,0,0,0,0,0,0,0,0,0,0,0,0,0,0,0,0,0,0,2024-06
2024-06-29,54,18,48,18,2,0,1,0,3,0,7,4,13,2,15,5,0,5,3,1,0,1,7,4,2,0,3,2,3,2,2024-06
2024-06-30,0,0,0,0,0,0,0,0,0,0,0,0,0,0,0,0,0,0,0,0,0,0,0,0,0,0,0,0,0,0,2024-06
2024-07-01,0,0,0,0,0,0,0,0,0,0,0,0,0,0,0,0,0,0,0,0,0,0,0,0,0,0,0,0,0,0,2024-07
2024-07-02,33,11,27,11,1,0,5,0,0,0,4,0,1,0,14,3,0,0,3,1,0,2,8,0,0,2,0,2,0,2,2024-07
2024-07-03,0,0,0,0,0,0,0,0,0,0,0,0,0,0,0,0,0,0,0,0,0,0,0,0,0,0,0,0,0,0,2024-07
2024-07-04,0,0,0,0,0,0,0,0,0,0,0,0,0,0,0,0,0,0,0,0,0,0,0,0,0,0,0,0,0,0,2024-07
2024-07-05,45,18,44,13,1,1,0,1,1,3,13,0,9,0,7,1,1,1,4,4,0,1,4,1,1,1,2,2,3,2,2024-07
2024-07-06,0,0,0,0,0,0,0,0,0,0,0,0,0,0,0,0,0,0,0,0,0,0,0,0,0,0,0,0,0,0,2024-07
2024-07-07,0,0,0,0,0,0,0,0,0,0,0,0,0,0,0,0,0,0,0,0,0,0,0,0,0,0,0,0,0,0,2024-07
2024-07-08,57,15,52,12,0,0,5,1,0,2,12,3,3,0,12,0,2,2,4,2,0,0,14,0,1,1,5,0,5,0,2024-07
2024-07-09,0,0,0,0,0,0,0,0,0,0,0,0,0,0,0,0,0,0,0,0,0,0,0,0,0,0,0,0,0,0,2024-07
2024-07-10,0,0,0,0,0,0,0,0,0,0,0,0,0,0,1,0,0,0,0,0,0,0,0,0,0,0,0,0,0,0,2024-07
2024-07-11,45,13,33,11,2,0,8,1,2,1,11,2,10,0,11,1,1,2,5,0,0,2,2,3,2,0,0,1,0,1,2024-07
2024-07-12,0,0,0,0,0,0,0,0,0,0,0,0,0,0,0,0,0,0,0,0,0,0,0,0,0,0,0,0,0,0,2024-07
2024-07-13,31,11,26,9,1,0,2,0,2,2,2,2,0,1,6,0,0,0,1,2,0,0,17,2,1,1,0,0,0,0,2024-07
2024-07-14,22,3,19,3,0,0,3,0,0,0,14,1,2,0,6,0,0,0,0,0,0,1,0,0,0,0,0,0,0,0,2024-07
2024-07-15,0,0,0,0,0,0,0,0,0,0,0,0,0,0,0,0,0,0,0,0,0,0,0,0,0,0,0,0,0,0,2024-07
2024-07-16,0,0,0,0,0,0,0,0,0,0,0,0,1,0,0,0,0,0,0,0,0,0,0,0,0,0,0,0,0,0,2024-07
2024-07-17,62,20,59,19,0,0,3,0,0,1,8,1,5,0,22,1,1,2,10,4,0,0,7,1,1,1,1,3,1,3,2024-07
2024-07-18,0,0,0,0,0,0,0,0,0,0,0,0,0,0,0,0,0,0,0,0,0,0,0,0,0,0,0,0,0,0,2024-07
2024-07-19,0,0,0,0,0,0,0,0,0,0,0,0,0,0,0,0,0,0,0,0,0,0,0,0,0,0,0,0,0,0,2024-07
2024-07-20,41,18,36,18,0,1,4,0,1,0,9,1,5,0,13,1,2,4,3,3,0,0,4,4,0,1,0,1,0,1,2024-07
2024-07-21,0,0,0,0,0,0,0,0,0,0,0,0,0,0,0,0,0,0,0,0,0,0,0,0,0,0,0,0,0,0,2024-07
2024-07-22,0,0,0,0,0,0,0,0,0,0,0,0,0,0,0,0,0,0,0,0,0,0,0,0,0,0,0,0,0,0,2024-07
2024-07-23,36,17,37,15,1,1,0,0,0,1,7,2,2,0,8,1,0,1,2,5,1,0,5,1,2,2,0,1,1,1,2024-07
2024-07-24,32,0,31,0,0,0,1,0,0,0,8,0,2,0,10,0,2,0,0,0,0,0,7,0,1,0,1,0,1,0,2024-07
2024-07-25,0,0,0,0,0,0,0,0,0,0,0,0,0,0,0,0,0,0,0,0,0,0,0,0,0,0,0,0,0,0,2024-07
2024-07-26,23,14,24,10,0,1,0,2,0,1,4,2,3,0,6,2,1,3,1,0,0,0,3,0,2,2,1,1,1,1,2024-07
2024-07-27,0,0,0,0,0,0,0,0,0,0,0,0,0,0,0,0,0,0,0,0,0,0,0,0,0,0,0,0,0,0,2024-07
2024-07-28,0,0,0,0,0,0,0,0,0,0,0,0,0,0,0,0,0,0,0,0,0,0,0,0,0,0,0,0,0,0,2024-07
2024-07-29,0,0,0,0,0,0,0,0,0,0,0,0,0,0,0,0,0,0,0,0,0,0,0,0,0,0,0,0,0,0,2024-07
2024-07-30,68,27,56,23,0,1,9,1,3,2,15,6,11,1,20,3,0,1,5,1,1,0,11,2,1,1,0,0,0,0,2024-07
2024-07-31,0,0,0,0,0,0,0,0,0,0,0,0,0,0,0,0,0,0,0,0,0,0,0,0,0,0,0,0,0,0,2024-07
2024-08-01,0,0,0,0,0,0,0,0,0,0,0,0,0,0,0,0,0,0,0,0,0,0,0,0,0,0,0,0,0,0,2024-08
2024-08-02,47,13,37,11,0,1,5,0,5,1,10,3,4,0,14,1,4,2,2,2,1,0,8,1,1,0,0,0,0,0,2024-08
2024-08-03,0,0,0,0,0,0,0,0,0,0,0,0,0,0,0,0,0,0,0,0,0,0,0,0,0,0,0,0,0,0,2024-08
2024-08-04,0,0,0,0,0,0,0,0,0,0,0,0,0,0,0,0,0,0,0,0,0,0,0,0,0,0,0,0,0,0,2024-08
2024-08-05,52,16,50,13,0,1,1,2,1,0,8,2,0,1,16,3,2,2,7,1,1,0,11,2,1,2,3,0,3,0,2024-08
2024-08-06,0,0,0,0,0,0,0,0,0,0,0,0,0,0,0,0,0,0,0,0,0,0,0,0,0,0,0,0,0,0,2024-08
2024-08-07,0,0,0,0,0,0,0,0,0,0,0,0,0,0,0,0,0,0,0,0,0,0,0,0,0,0,0,0,0,0,2024-08
2024-08-08,32,16,33,12,1,1,0,2,2,1,5,1,4,0,3,0,2,1,3,4,1,0,9,0,1,2,0,1,0,1,2024-08
2024-08-09,0,0,0,0,0,0,0,0,0,0,0,0,0,0,0,0,0,0,0,0,0,0,0,0,0,0,0,0,0,0,2024-08
2024-08-10,0,0,0,0,0,0,0,0,0,0,0,0,0,0,0,0,0,0,0,0,0,0,0,0,0,0,0,0,0,0,2024-08
2024-08-11,47,16,45,15,0,0,2,1,0,0,4,3,6,0,14,1,0,1,2,1,1,0,16,2,0,0,0,1,0,1,2024-08
2024-08-12,0,0,0,0,0,0,0,0,0,0,0,0,0,0,0,0,0,0,0,0,0,0,0,0,0,0,0,0,0,0,2024-08
2024-08-13,0,0,0,0,0,0,0,0,0,0,0,0,0,0,0,0,0,0,0,0,0,0,0,0,0,0,0,0,0,0,2024-08
2024-08-14,56,36,49,26,1,1,0,2,6,7,8,6,8,0,14,10,0,1,4,3,0,0,16,2,1,1,0,0,0,0,2024-08
2024-08-15,16,3,14,3,0,0,1,0,1,0,3,0,2,0,5,0,0,1,0,1,1,0,4,0,0,0,1,0,1,0,2024-08
2024-08-16,0,0,0,0,0,0,0,0,0,0,0,0,0,0,0,0,0,0,0,0,0,0,0,0,0,0,0,0,0,0,2024-08
2024-08-17,34,20,26,7,3,3,4,7,1,3,5,1,3,0,14,3,0,3,7,2,0,1,2,0,0,0,1,1,1,1,2024-08
2024-08-18,11,4,7,4,0,0,4,0,0,0,6,0,1,0,0,1,0,1,1,1,0,0,1,0,1,1,0,0,0,0,2024-08
2024-08-19,0,0,0,0,0,0,0,0,0,0,0,0,0,0,0,0,0,0,0,0,0,0,0,0,0,0,0,0,0,0,2024-08
2024-08-20,0,0,0,0,0,0,0,0,0,0,0,0,0,0,0,0,0,0,0,0,0,0,0,0,0,0,0,0,0,0,2024-08
2024-08-21,35,19,26,17,5,2,0,0,5,0,2,2,0,0,10,4,3,1,6,0,0,0,8,3,0,1,3,2,3,2,2024-08
2024-08-22,0,0,0,0,0,0,0,0,0,0,0,0,0,0,0,0,0,0,0,0,0,0,0,0,0,0,0,0,0,0,2024-08
2024-08-23,0,0,0,0,0,0,0,0,0,0,0,0,0,0,0,0,0,0,0,0,0,0,0,0,0,0,0,0,0,0,2024-08
2024-08-24,31,20,23,17,6,1,2,2,0,0,0,3,4,0,7,3,2,2,2,2,4,1,4,0,1,0,5,0,5,0,2024-08
2024-08-25,0,0,0,0,0,0,0,0,0,0,0,0,0,0,0,0,0,0,0,0,0,0,0,0,0,0,0,0,0,0,2024-08
2024-08-26,0,0,0,0,0,0,0,0,0,0,0,0,0,0,0,0,0,0,0,0,0,0,0,0,0,0,0,0,0,0,2024-08
2024-08-27,40,33,32,26,1,2,1,3,6,2,6,6,2,0,11,7,1,3,2,1,3,0,6,4,0,1,2,0,4,0,2024-08
2024-08-28,0,0,0,0,0,0,0,0,0,0,0,0,0,0,0,0,0,0,0,0,0,0,0,0,0,0,0,0,0,0,2024-08
2024-08-29,19,13,18,12,0,0,1,1,0,0,3,3,3,0,3,1,0,0,1,0,0,1,5,1,0,0,1,1,1,2,2024-08
2024-08-30,14,10,13,9,0,0,1,1,0,0,0,0,4,0,5,2,0,1,5,0,0,0,0,4,0,0,0,0,0,0,2024-08
2024-08-31,0,0,0,0,0,0,0,0,0,0,0,0,0,0,0,0,0,0,0,0,0,0,0,0,0,0,0,0,0,0,2024-08
2024-09-01,0,0,0,0,0,0,0,0,0,0,0,0,0,0,0,0,0,0,0,0,0,0,0,0,0,0,0,0,0,0,2024-09
2024-09-02,50,20,48,17,1,0,0,1,2,2,9,3,7,1,11,3,0,2,1,2,0,0,8,1,2,1,6,0,6,0,2024-09
2024-09-03,0,0,0,0,0,0,0,0,0,0,0,0,0,0,0,0,0,0,0,0,0,0,0,0,0,0,0,0,0,0,2024-09
2024-09-04,36,23,34,17,1,1,1,4,0,1,2,8,7,0,16,3,3,1,4,2,0,1,2,2,0,0,0,0,0,1,2024-09
2024-09-05,0,0,0,0,0,0,0,0,0,0,0,0,0,0,0,0,0,0,0,0,0,0,0,0,0,0,0,0,0,0,2024-09
2024-09-06,0,0,0,0,0,0,0,0,0,0,0,0,0,0,0,0,0,0,0,0,0,0,0,0,0,0,0,0,0,0,2024-09
2024-09-07,0,0,0,0,0,0,0,0,0,0,0,0,0,0,0,0,0,0,0,0,0,0,0,0,0,0,0,0,0,0,2024-09
2024-09-08,64,39,53,33,6,1,0,2,6,3,12,1,10,1,14,4,2,3,2,1,0,1,9,10,1,4,5,1,5,1,2024-09
2024-09-09,0,0,0,0,0,0,0,0,0,0,0,0,0,0,0,0,0,0,0,0,0,0,0,0,0,0,0,0,0,0,2024-09
2024-09-10,0,0,0,0,0,0,0,0,0,0,0,0,0,0,0,0,0,0,0,0,0,0,0,0,0,0,0,0,0,0,2024-09
2024-09-11,0,0,0,0,0,0,0,0,0,0,0,0,0,0,0,0,0,0,0,0,0,0,0,0,0,0,0,0,0,0,2024-09
2024-09-12,59,31,38,26,19,1,0,3,2,1,3,3,6,2,10,7,1,2,6,2,1,0,10,3,2,0,14,1,15,2,2024-09
2024-09-13,0,0,0,0,0,0,0,0,0,0,0,0,0,0,0,0,0,0,0,0,0,0,0,0,0,0,0,0,0,0,2024-09
2024-09-14,0,0,0,0,0,0,0,0,0,0,0,0,0,0,0,0,0,0,0,0,0,0,0,0,0,0,0,0,0,0,2024-09
2024-09-15,45,21,41,20,1,0,1,0,2,1,5,7,8,3,14,2,0,3,2,0,0,0,5,0,1,0,2,0,3,0,2024-09
2024-09-16,0,0,0,0,0,0,0,0,0,0,0,0,0,0,0,0,0,0,0,0,0,0,0,0,0,0,0,0,0,0,2024-09
2024-09-17,0,0,0,0,0,0,0,0,0,0,0,0,0,0,0,0,0,0,0,0,0,0,0,0,0,0,0,0,0,0,2024-09
2024-09-18,0,0,0,0,0,0,0,0,0,0,0,0,0,0,0,0,1,0,0,0,0,0,0,0,0,0,0,0,0,0,2024-09
2024-09-19,69,40,61,24,0,2,3,0,5,16,6,2,9,1,22,3,0,7,1,4,0,0,12,3,0,1,1,2,3,3,2024-09
2024-09-20,0,0,0,0,0,0,0,0,0,0,0,0,0,0,0,0,0,0,0,0,0,0,0,0,0,0,0,0,0,0,2024-09
2024-09-21,73,0,63,0,1,0,7,0,2,0,8,0,4,0,26,0,0,0,1,0,0,0,15,0,0,0,0,0,0,0,2024-09
2024-09-22,17,22,17,17,0,0,0,2,0,3,6,5,1,1,6,4,0,2,1,2,0,0,1,1,0,0,0,0,0,0,2024-09
2024-09-23,0,0,0,0,0,0,0,0,0,0,0,0,0,0,0,0,0,0,0,0,0,0,0,0,0,0,0,0,0,0,2024-09
2024-09-24,57,0,49,0,1,0,5,0,2,0,12,0,5,0,19,0,1,0,1,0,0,0,9,0,3,0,1,0,1,0,2024-09
2024-09-25,5,39,14,34,0,1,0,0,1,4,0,5,0,1,0,2,0,5,1,5,1,0,2,1,0,2,0,1,0,1,2024-09
2024-09-26,0,0,0,0,0,0,0,0,0,0,0,0,0,0,0,0,0,0,0,0,0,0,0,0,0,0,0,0,0,0,2024-09
2024-09-27,0,0,0,0,0,0,0,0,0,0,0,0,0,0,0,0,0,0,0,0,0,0,0,0,0,0,0,0,0,0,2024-09
2024-09-28,72,18,68,12,1,0,3,3,0,3,16,4,14,0,23,3,3,5,1,0,0,0,8,0,1,1,2,0,2,0,2024-09
2024-09-29,0,0,0,0,0,0,0,0,0,0,0,0,0,0,0,0,0,0,0,0,0,0,0,0,0,0,0,0,0,0,2024-09
2024-09-30,0,0,0,0,0,0,0,0,0,0,0,0,0,0,0,0,0,0,0,0,0,0,0,0,0,0,0,0,0,0,2024-09
2024-10-01,0,0,0,0,0,0,0,0,0,0,0,0,0,0,0,0,0,0,0,0,0,0,0,0,0,0,0,0,0,0,2024-10
2024-10-02,54,36,45,29,0,0,8,5,1,2,8,0,12,4,20,7,4,2,0,3,1,0,5,6,0,1,1,2,1,2,2024-10
2024-10-03,0,0,0,0,0,0,0,0,0,0,0,0,0,0,0,0,0,0,0,0,0,0,0,0,0,0,0,0,0,0,2024-10
2024-10-04,0,0,0,0,0,0,0,0,0,0,0,0,0,0,0,0,0,0,0,0,0,0,0,0,0,0,0,0,0,0,2024-10
2024-10-05,47,24,45,18,1,1,1,4,0,1,8,4,8,1,15,2,3,6,0,1,0,0,3,3,0,0,0,0,0,0,2024-10
2024-10-06,0,0,0,0,0,0,0,0,0,0,0,0,0,0,0,0,0,0,0,0,0,0,0,0,0,0,0,0,0,0,2024-10
2024-10-07,0,0,0,0,0,0,0,0,0,0,0,0,0,0,0,0,0,0,0,0,0,0,0,0,0,0,0,0,0,0,2024-10
2024-10-08,66,14,62,11,1,0,2,1,1,2,6,3,10,0,29,1,3,0,3,2,0,0,4,1,4,0,0,1,0,1,2024-10
2024-10-09,0,0,0,0,0,0,0,0,0,0,0,0,0,0,0,0,0,0,0,0,0,0,0,0,0,0,0,0,0,0,2024-10
2024-10-10,0,0,0,0,0,0,0,0,0,0,0,0,0,0,0,0,0,0,0,0,0,0,0,0,0,0,0,0,0,0,2024-10
2024-10-11,0,0,0,0,0,0,0,0,0,0,0,0,0,0,0,0,0,0,0,0,0,0,0,0,0,0,0,0,0,0,2024-10
2024-10-12,0,0,0,0,0,0,0,0,0,0,0,0,0,0,0,0,0,0,0,0,0,0,0,0,0,0,0,0,0,0,2024-10
2024-10-13,0,0,0,0,0,0,0,0,0,0,0,0,0,0,0,0,0,0,0,0,0,0,0,0,0,0,0,0,0,0,2024-10
2024-10-14,0,0,0,0,0,0,0,0,0,0,0,0,0,0,0,0,0,0,0,0,0,0,0,0,0,0,0,0,0,0,2024-10
2024-10-15,0,0,0,0,0,0,0,0,0,0,0,0,0,0,0,0,0,0,0,0,0,0,0,0,0,0,0,0,0,0,2024-10
2024-10-16,0,0,0,0,0,0,0,0,0,0,0,0,0,0,0,0,0,0,0,0,0,0,0,0,0,0,0,0,0,0,2024-10
2024-10-17,0,0,0,0,0,0,0,0,0,0,0,0,0,0,0,0,0,0,0,0,0,0,0,0,0,0,0,0,0,0,2024-10
2024-10-18,0,0,0,0,0,0,0,0,0,0,0,0,0,0,0,0,0,0,0,0,0,0,0,0,0,0,0,0,0,0,2024-10
2024-10-19,0,0,0,0,0,0,0,0,0,0,0,0,0,0,0,0,0,0,0,0,0,0,0,0,0,0,0,0,0,0,2024-10
2024-10-20,0,0,0,0,0,0,0,0,0,0,0,0,0,0,0,0,0,0,0,0,0,0,0,0,0,0,0,0,0,0,2024-10
2024-10-21,0,0,0,0,0,0,0,0,0,0,52,11,51,2,100,8,0,19,0,14,0,0,0,9,0,2,0,2,0,3,2024-10
2024-10-22,0,0,0,0,0,0,0,0,0,0,0,0,0,0,0,0,15,0,12,0,1,0,45,0,1,0,4,0,7,0,2024-10
2024-10-23,319,123,279,93,5,2,29,10,6,18,2,0,6,1,14,5,0,2,0,0,0,0,3,1,1,0,0,0,0,0,2024-10
2024-10-24,0,0,0,0,0,0,0,0,0,0,0,0,0,0,0,0,0,0,0,0,0,0,0,0,0,0,0,0,0,0,2024-10
2024-10-25,0,0,0,0,0,0,0,0,0,0,0,0,0,0,0,0,0,0,0,0,0,0,0,0,0,0,0,0,0,0,2024-10
2024-10-26,78,24,74,19,1,0,3,3,0,2,10,2,12,0,30,2,6,8,1,1,0,0,9,2,2,0,2,0,2,0,2024-10
2024-10-28,0,0,0,0,0,0,0,0,0,0,0,0,0,0,0,0,0,0,0,0,0,0,0,0,0,0,0,0,0,0,2024-10
2024-10-29,66,24,63,19,1,0,0,4,2,1,8,0,15,0,24,1,1,5,3,0,1,0,5,1,0,0,2,3,2,3,2024-10
2024-10-30,0,0,0,0,0,0,0,0,0,0,0,0,0,0,0,0,0,0,0,0,0,0,0,0,0,0,0,0,0,0,2024-10
2024-10-31,0,0,0,0,0,0,0,0,0,0,0,0,0,0,0,0,0,0,0,0,0,0,0,0,0,0,0,0,0,0,2024-10
2024-11-01,65,31,67,29,0,0,0,1,0,1,14,1,5,1,22,3,9,5,2,2,2,1,3,9,1,0,2,0,2,0,2024-11
2024-11-02,0,0,0,0,0,0,0,0,0,0,0,0,0,0,0,0,0,0,0,0,0,0,0,0,0,0,0,0,0,0,2024-11
2024-11-03,0,0,0,0,0,0,0,0,0,0,0,0,0,0,0,0,0,0,0,0,0,0,0,0,0,0,0,0,0,0,2024-11
2024-11-04,60,26,54,23,1,1,3,0,2,2,9,2,5,0,26,3,0,5,1,2,0,1,13,4,1,1,1,0,1,0,2024-11
2024-11-05,0,0,0,0,0,0,0,0,0,0,0,0,0,0,0,0,0,0,0,0,0,0,0,0,0,0,0,0,0,0,2024-11
2024-11-06,0,0,0,0,0,0,0,0,0,0,0,0,0,0,0,0,0,0,0,0,0,0,0,0,0,0,0,0,0,0,2024-11
2024-11-07,0,0,0,0,0,0,0,0,0,0,0,0,0,0,0,0,0,0,0,0,0,0,0,0,0,0,0,0,0,0,2024-11
2024-11-08,0,0,0,0,0,0,0,0,0,0,0,0,0,0,0,0,0,0,0,0,0,0,0,0,0,0,0,0,0,0,2024-11
2024-11-09,0,0,0,0,0,0,0,0,0,0,0,0,0,0,0,0,0,0,0,0,0,0,0,0,0,0,0,0,0,0,2024-11
2024-11-10,80,48,77,39,1,2,2,4,0,3,13,3,13,1,32,7,4,14,0,4,1,0,7,3,2,0,0,1,0,1,2024-11
2024-11-11,0,0,0,0,0,0,0,0,0,0,0,0,0,0,0,0,0,0,0,0,0,0,0,0,0,0,0,0,0,0,2024-11
2024-11-12,0,0,0,0,0,0,0,0,0,0,0,0,0,0,0,0,0,0,0,0,0,0,0,0,0,0,0,0,0,0,2024-11
2024-11-13,68,23,61,19,0,0,6,2,1,2,9,3,8,2,31,1,6,4,2,0,0,0,4,0,1,0,1,0,1,0,2024-11
2024-11-14,0,0,0,0,0,0,0,0,0,0,0,0,0,0,0,0,0,0,0,0,0,0,0,0,0,0,0,0,0,0,2024-11
2024-11-15,0,0,0,0,0,0,0,0,0,0,0,0,0,0,0,0,0,0,0,0,0,0,0,0,0,0,0,0,0,0,2024-11
2024-11-16,58,20,55,14,0,0,2,6,1,0,11,2,9,0,22,3,6,4,2,2,0,0,4,4,1,0,0,0,0,0,2024-11
2024-11-17,0,-1,0,0,0,0,0,0,0,0,0,0,0,0,0,0,0,0,0,0,0,0,0,0,0,0,0,0,0,0,2024-11
2024-11-18,0,0,0,0,0,0,0,0,0,0,0,0,0,0,0,0,0,0,0,0,0,0,0,0,0,0,0,0,0,0,2024-11
2024-11-19,58,25,54,23,0,2,3,0,1,0,8,2,4,3,20,2,10,3,1,0,0,0,5,5,1,0,2,0,2,1,2024-11
2024-11-20,0,0,0,0,0,0,0,0,0,0,0,0,0,0,0,1,0,2,0,0,0,0,0,1,0,0,0,0,0,0,2024-11
2024-11-21,0,0,0,0,0,0,0,0,0,0,0,0,0,0,0,0,0,0,0,0,0,0,0,0,0,0,0,0,0,0,2024-11
2024-11-22,12,20,13,18,0,2,0,0,3,2,1,2,0,0,5,2,2,2,3,1,0,0,0,0,1,0,0,3,0,3,2024-11
2024-11-23,0,0,0,0,0,0,0,0,0,0,0,0,0,0,0,0,0,0,0,0,0,0,0,0,0,0,0,0,0,0,2024-11
2024-11-24,0,0,0,0,0,0,0,0,0,0,0,0,0,0,0,0,0,0,0,0,0,0,0,0,0,0,0,0,0,0,2024-11
2024-11-25,0,0,0,0,0,0,0,0,0,0,0,0,0,0,0,0,0,0,0,0,0,0,0,0,0,0,0,0,0,0,2024-11
2024-11-26,67,15,59,11,0,1,7,3,1,0,10,2,11,0,28,1,0,7,2,1,0,0,6,0,3,0,1,0,1,0,2024-11
2024-11-27,0,0,0,0,0,0,0,0,0,0,0,0,0,0,0,0,0,0,0,0,0,0,0,0,0,0,0,0,0,0,2024-11
2024-11-28,0,0,0,0,0,0,0,0,0,0,0,0,0,0,0,0,0,0,0,0,0,0,0,0,0,0,0,0,0,0,2024-11
2024-11-29,52,0,42,0,0,0,8,0,2,0,10,0,2,0,30,0,1,0,0,0,0,0,3,0,0,0,0,0,0,0,2024-11
2024-11-30,0,0,0,0,0,0,0,0,0,0,0,0,0,0,0,0,0,0,0,0,0,0,0,0,0,0,0,0,0,0,2024-11
2024-12-01,0,0,0,0,0,0,0,0,0,0,0,0,0,0,0,0,0,0,0,0,0,0,0,0,0,0,0,0,0,0,2024-12
2024-12-02,33,54,29,38,1,1,2,7,1,8,3,0,5,0,14,8,1,17,2,2,0,0,1,7,2,0,0,2,0,3,2024-12
2024-12-03,0,0,0,0,0,0,0,0,0,0,0,0,0,0,0,0,0,0,0,0,0,0,0,0,0,0,0,0,0,0,2024-12
2024-12-04,0,0,0,0,0,0,0,0,0,0,0,0,0,0,0,0,0,0,0,0,0,0,0,0,0,0,0,0,0,0,2024-12
2024-12-05,0,0,0,0,0,0,0,0,0,0,0,0,0,0,0,0,0,0,0,0,0,0,0,0,0,0,0,0,0,0,2024-12
2024-12-06,0,0,0,0,0,0,0,0,0,0,0,0,0,0,0,0,0,0,0,0,0,0,0,0,0,0,0,0,0,0,2024-12
2024-12-07,0,0,0,0,0,0,0,0,0,0,0,0,0,0,0,0,0,0,0,0,0,0,0,0,0,0,0,0,0,0,2024-12
2024-12-08,127,0,115,0,2,0,8,0,2,0,20,0,24,0,49,0,9,0,1,0,0,0,8,0,2,0,4,0,4,0,2024-12
2024-12-09,0,58,0,41,0,0,0,5,0,12,0,11,0,0,0,6,0,10,0,3,0,0,0,9,0,1,0,0,0,0,2024-12
2024-12-10,0,0,0,0,0,0,0,0,0,0,0,0,0,0,0,0,0,0,0,0,0,0,0,0,0,0,0,0,0,0,2024-12
2024-12-11,31,22,29,18,0,0,3,3,0,1,4,4,5,1,14,6,1,4,0,0,0,0,3,2,0,0,3,1,3,1,2024-12
2024-12-12,0,0,0,0,0,0,0,0,0,0,0,0,0,0,0,0,0,0,0,0,0,0,0,0,0,0,0,0,0,0,2024-12
2024-12-13,0,0,0,0,0,0,0,0,0,0,0,0,0,0,0,0,0,0,0,0,0,0,0,0,0,0,0,0,0,0,2024-12
2024-12-14,0,0,0,0,0,0,0,0,0,0,0,0,0,0,0,0,0,0,0,0,0,0,0,0,0,0,0,0,0,0,2024-12
2024-12-15,45,26,44,20,0,1,4,3,0,2,14,11,10,0,25,0,2,6,1,1,0,0,1,0,0,0,1,0,5,0,2024-12
2024-12-16,0,0,0,0,0,0,0,0,0,0,0,0,0,0,0,0,0,0,0,0,0,0,0,0,0,0,0,0,0,0,2024-12
2024-12-17,0,0,0,0,0,0,0,0,0,0,0,0,0,0,0,0,0,0,0,0,0,0,0,0,0,0,0,0,0,0,2024-12
2024-12-18,52,16,55,18,2,1,0,0,1,3,10,0,7,1,24,3,3,4,4,1,1,0,7,0,1,0,4,2,4,2,2024-12
2024-12-19,0,0,0,0,0,0,0,0,0,0,0,0,0,0,0,0,0,0,0,0,0,0,0,0,0,0,0,0,0,0,2024-12
2024-12-20,0,0,0,0,0,0,0,0,0,0,0,0,0,0,0,0,0,0,0,0,0,0,0,0,0,0,0,0,0,0,2024-12
2024-12-21,0,0,0,0,0,0,0,0,0,0,0,0,0,0,0,0,0,0,0,0,0,0,0,0,0,0,0,0,0,0,2024-12
2024-12-22,55,45,47,31,0,0,4,6,4,8,10,2,5,2,24,11,3,7,2,1,1,1,1,5,0,0,0,2,0,2,2024-12
2024-12-23,0,0,0,0,0,0,0,0,0,0,0,0,0,0,0,0,0,0,0,0,0,0,0,0,0,0,0,0,0,0,2024-12
2024-12-24,0,0,0,0,0,0,0,0,0,0,0,0,0,0,0,0,0,0,0,0,0,0,0,0,0,0,0,0,0,0,2024-12
2024-12-25,41,29,36,24,1,0,2,3,2,2,6,4,1,2,18,3,1,3,0,0,1,0,4,5,0,0,0,0,0,1,2024-12
2024-12-26,0,0,0,0,0,0,0,0,0,0,0,0,0,0,0,0,0,0,0,0,0,0,0,0,0,0,0,0,0,0,2024-12
2024-12-27,0,0,0,0,0,0,0,0,0,0,0,0,0,0,0,0,0,0,0,0,0,0,0,0,0,0,0,0,0,0,2024-12
2024-12-28,7,13,7,16,0,0,0,0,1,0,1,0,0,0,6,0,3,2,0,1,0,0,2,1,0,0,0,0,0,0,2024-12
2024-12-29,0,0,0,0,0,0,0,0,0,0,0,0,0,0,0,0,0,0,0,0,0,0,0,0,0,0,0,0,0,0,2024-12
2024-12-30,0,0,0,0,0,0,0,0,0,0,0,0,0,0,0,0,0,0,0,0,0,0,0,0,0,0,0,0,0,0,2024-12
2024-12-31,22,14,20,9,1,1,0,4,2,0,6,3,2,0,5,3,1,3,2,1,1,0,4,2,0,0,0,0,0,0,2024-12
2025-01-01,0,0,0,0,0,0,0,0,0,0,0,0,0,0,0,0,0,0,0,0,0,0,0,0,0,0,0,0,0,0,2025-01
2025-01-02,0,0,0,0,0,0,0,0,0,0,0,0,0,0,0,0,0,0,0,0,0,0,0,0,0,0,0,0,0,0,2025-01
2025-01-03,70,38,65,25,0,1,3,5,2,7,5,8,16,2,23,8,5,7,1,3,2,0,8,1,1,0,0,1,0,2,2025-01
2025-01-04,0,0,0,0,0,0,0,0,0,0,0,0,0,0,0,0,0,0,0,0,0,0,0,0,0,0,0,0,0,0,2025-01
2025-01-05,0,0,0,0,0,0,0,0,0,0,0,0,0,0,0,0,0,0,0,0,0,0,0,0,0,0,0,0,0,0,2025-01
2025-01-06,26,22,26,16,0,0,0,6,0,0,4,6,6,1,7,4,1,6,1,1,0,0,3,0,1,0,2,0,2,0,2025-01
2025-01-07,0,0,0,0,0,0,0,0,0,0,0,0,0,0,0,0,0,0,0,0,0,0,0,0,0,0,0,0,0,0,2025-01
2025-01-08,0,0,0,0,0,0,0,0,0,0,0,0,0,0,0,0,0,0,0,0,0,0,0,0,0,0,0,0,0,0,2025-01
2025-01-09,56,32,49,25,4,0,3,5,0,2,10,4,6,0,24,7,3,6,4,2,0,0,4,6,1,1,1,0,1,0,2025-01
2025-01-10,0,0,0,0,0,0,0,0,0,0,0,0,0,0,0,0,0,0,0,0,0,0,0,0,0,0,0,0,0,0,2025-01
2025-01-11,0,0,0,0,0,0,0,0,0,0,0,0,0,0,0,0,0,0,0,0,0,0,0,0,0,0,0,0,0,0,2025-01
2025-01-12,20,99,19,99,0,0,1,0,0,0,3,3,2,0,5,8,1,5,2,3,0,0,2,0,0,0,2,1,2,1,2025-01
2025-01-13,0,0,0,0,0,0,0,0,0,0,0,0,0,0,0,0,0,0,0,0,0,0,0,0,0,0,0,0,0,0,2025-01
2025-01-14,0,0,0,0,0,0,0,0,0,0,0,0,0,0,0,0,0,0,0,0,0,0,0,0,0,0,0,0,0,0,2025-01
2025-01-15,48,-44,28,0,16,0,3,2,1,4,8,1,2,2,10,4,4,8,14,1,0,0,4,4,2,0,2,0,2,1,2025-01
2025-01-16,0,0,0,0,0,0,0,0,0,0,0,0,0,0,0,0,0,0,0,0,0,0,0,0,0,0,0,0,0,0,2025-01
2025-01-17,0,0,0,0,0,0,0,0,0,0,0,0,0,0,0,0,0,0,0,0,0,0,0,0,0,0,0,0,0,0,2025-01
2025-01-18,72,18,61,14,1,0,9,2,1,2,10,1,9,2,34,4,4,2,2,1,0,0,3,1,2,0,4,0,4,0,2025-01
2025-01-19,0,0,0,0,0,0,0,0,0,0,0,0,0,0,0,0,0,0,0,0,0,0,0,0,0,0,0,0,0,0,2025-01
2025-01-20,0,0,0,0,0,0,0,0,0,0,0,0,0,0,0,0,0,0,0,0,0,0,0,0,0,0,0,0,0,0,2025-01
2025-01-21,23,44,12,31,10,1,0,8,3,4,0,5,0,2,5,11,1,3,10,4,0,0,6,6,1,1,1,0,1,1,2025-01
2025-01-22,0,0,0,0,0,0,0,0,0,0,0,0,0,0,0,0,0,0,0,0,0,0,0,0,0,0,0,0,0,0,2025-01
2025-01-23,0,0,0,0,0,0,0,0,0,0,0,0,0,0,0,0,0,0,0,0,0,0,0,0,0,0,0,0,0,0,2025-01
2025-01-24,0,0,0,0,0,0,0,0,0,0,0,0,0,0,0,0,0,0,0,0,0,0,0,0,0,0,0,0,0,0,2025-01
2025-01-25,41,23,40,13,0,1,1,6,0,3,6,4,7,1,18,1,1,8,1,0,0,0,1,0,0,0,1,0,1,0,2025-01
2025-01-26,0,0,0,0,0,0,0,0,0,0,0,0,0,0,0,0,0,0,0,0,0,0,0,0,0,0,0,0,0,0,2025-01
2025-01-27,0,0,0,0,0,0,0,0,0,0,0,0,0,0,0,0,0,0,0,0,0,0,0,0,0,0,0,0,0,0,2025-01
2025-01-28,0,0,0,0,0,0,0,0,0,0,0,0,0,0,0,0,0,0,0,0,0,0,0,0,0,0,0,0,0,0,2025-01
2025-01-29,0,0,0,0,0,0,0,0,0,0,0,0,0,0,0,0,0,0,0,0,0,0,0,0,0,0,0,0,0,0,2025-01
2025-01-30,80,64,77,45,0,0,3,14,0,5,8,13,11,4,39,15,4,14,2,5,0,0,11,3,0,0,3,1,3,2,2025-01
2025-01-31,0,0,0,0,0,0,0,0,0,0,0,0,0,0,0,0,0,0,0,0,0,0,0,0,0,0,0,0,0,0,2025-01
2025-02-01,0,-5,0,0,0,0,0,0,0,0,0,0,0,0,0,0,0,0,0,0,0,0,0,0,0,0,0,0,0,0,2025-02
2025-02-02,23,18,21,14,3,0,0,2,0,2,9,2,4,0,10,4,2,3,0,0,0,0,4,1,1,0,0,0,0,1,2025-02
2025-02-03,0,0,0,0,0,0,0,0,0,0,0,0,0,0,0,0,0,0,0,0,0,0,0,0,0,0,0,0,0,0,2025-02
2025-02-04,0,0,0,0,0,0,0,0,0,0,0,0,0,0,0,0,0,0,0,0,0,0,0,0,0,0,0,0,0,0,2025-02
2025-02-05,47,38,43,23,0,2,4,4,0,9,12,2,10,2,6,11,0,9,5,1,1,0,7,4,1,0,0,1,0,2,2025-02
2025-02-06,0,0,0,0,0,0,0,0,0,0,0,0,0,0,0,0,0,0,0,0,0,0,0,0,0,0,0,0,0,0,2025-02
2025-02-07,0,9,0,8,0,0,0,1,0,0,7,0,5,0,5,1,2,3,2,2,0,1,4,0,1,0,0,0,0,0,2025-02
2025-02-08,30,0,30,0,0,0,0,0,0,0,0,0,1,0,5,0,0,0,1,0,0,0,0,0,0,0,0,0,0,0,2025-02
2025-02-09,22,0,20,0,0,0,2,0,0,0,3,0,0,0,6,0,1,0,0,0,1,0,5,0,0,0,1,0,1,0,2025-02
2025-02-10,0,0,0,0,0,0,0,0,0,0,0,0,0,0,0,0,0,0,0,0,0,0,0,0,0,0,0,0,0,0,2025-02
2025-02-11,39,59,33,46,3,0,2,7,1,6,4,8,3,0,8,9,0,5,4,3,0,0,13,7,1,0,0,1,0,3,2025-02
2025-02-12,0,0,0,0,0,0,0,0,0,0,0,0,0,0,0,0,0,0,0,0,0,0,0,0,0,0,0,0,0,0,2025-02
2025-02-13,0,0,0,0,0,0,0,0,0,0,0,0,0,0,0,0,0,0,0,0,0,0,0,0,0,0,0,0,0,0,2025-02
2025-02-14,35,21,33,18,0,0,1,3,1,0,7,0,5,0,6,3,0,6,4,3,0,0,10,0,0,0,0,0,0,1,2025-02
2025-02-15,-7,-4,0,0,0,0,0,0,0,0,0,0,0,0,0,0,0,0,0,0,0,0,0,0,0,0,0,0,0,0,2025-02
2025-02-16,0,0,0,0,0,0,0,0,0,0,0,0,0,0,0,0,0,0,0,0,0,0,0,0,0,0,0,0,0,0,2025-02
2025-02-17,45,22,42,15,0,0,3,4,0,3,6,3,9,1,8,2,2,3,3,2,0,2,3,1,0,0,0,1,1,1,2025-02
2025-02-18,0,0,0,0,0,0,0,0,0,0,0,0,0,0,0,0,0,0,0,0,0,0,0,0,0,0,0,0,0,0,2025-02
2025-02-19,0,0,0,0,0,0,0,0,0,0,0,0,0,0,0,0,0,0,0,0,0,0,0,0,0,0,0,0,0,0,2025-02
2025-02-20,65,34,64,24,0,1,1,3,0,6,9,6,9,1,28,3,0,5,1,5,0,0,10,6,0,0,1,0,1,0,2025-02
2025-02-21,0,0,0,0,0,0,0,0,0,0,0,0,0,0,0,0,0,0,0,0,0,0,0,0,0,0,0,0,0,0,2025-02
2025-02-22,57,0,46,0,4,0,6,0,1,0,8,0,12,0,22,0,1,0,6,0,0,0,2,0,0,0,1,0,1,0,2025-02
2025-02-23,2,23,3,17,0,1,0,4,0,1,0,2,0,0,3,1,0,6,0,2,0,0,0,2,0,0,0,0,0,0,2025-02
2025-02-24,0,0,0,0,0,0,0,0,0,0,0,0,0,0,0,0,0,0,0,0,0,0,0,0,0,0,0,0,0,0,2025-02
2025-02-25,0,0,0,0,0,0,0,0,0,0,0,0,0,0,0,0,0,0,0,0,0,0,0,0,0,0,0,0,0,0,2025-02
2025-02-26,45,27,43,24,0,1,2,1,0,1,10,5,4,2,14,3,1,3,1,0,1,0,12,3,0,1,0,0,1,0,2025-02
2025-02-27,0,0,0,0,0,0,0,0,0,0,0,0,0,0,0,0,0,0,0,0,0,0,0,0,0,0,0,0,0,0,2025-02
2025-02-28,0,0,0,0,0,0,0,0,0,0,0,0,0,0,0,0,0,0,0,0,0,0,0,0,0,0,0,0,0,0,2025-02
2025-03-01,26,28,25,27,0,0,0,1,1,0,3,7,1,1,9,2,1,6,2,1,0,0,2,0,2,1,0,0,0,0,2025-03
2025-03-02,0,0,0,0,0,0,0,0,0,0,0,0,0,0,0,0,0,0,0,0,0,0,0,0,0,0,0,0,0,0,2025-03
2025-03-03,0,0,0,0,0,0,0,0,0,0,0,0,0,0,0,0,0,0,0,0,0,0,0,0,0,0,0,0,0,0,2025-03
2025-03-04,0,0,0,0,0,0,0,0,0,0,0,0,0,0,0,0,0,0,0,0,0,0,0,0,0,0,0,0,0,0,2025-03
2025-03-05,0,0,0,0,0,0,0,0,0,0,0,0,0,0,0,0,0,0,0,0,0,0,0,0,0,0,0,0,0,0,2025-03
2025-03-06,0,0,0,0,0,0,0,0,0,0,0,0,0,0,0,0,0,0,0,0,0,0,0,0,0,0,0,0,0,0,2025-03
2025-03-07,0,0,0,0,0,0,0,0,0,0,0,0,0,0,0,0,0,0,0,0,0,0,0,0,0,0,0,0,0,0,2025-03
2025-03-08,0,0,0,0,0,0,0,0,0,0,0,0,0,0,0,0,0,0,0,0,0,0,0,0,0,0,0,0,0,0,2025-03
2025-03-09,0,0,0,0,0,0,0,0,0,0,0,0,0,0,0,0,0,0,0,0,0,0,0,0,0,0,0,0,0,0,2025-03
2025-03-10,0,0,0,0,0,0,0,0,0,0,0,0,0,0,0,0,0,0,0,0,0,0,0,0,0,0,0,0,0,0,2025-03
2025-03-11,0,0,0,0,0,0,0,0,0,0,0,0,0,0,0,0,0,0,0,0,0,0,0,0,0,0,0,0,0,0,2025-03
2025-03-12,0,0,0,0,0,0,0,0,0,0,0,0,0,0,0,0,0,0,0,0,0,0,0,0,0,0,0,0,0,0,2025-03
2025-03-13,0,0,0,0,0,0,0,0,0,0,0,0,0,0,0,0,0,0,0,0,0,0,0,0,0,0,0,0,0,0,2025-03
2025-03-14,0,0,0,0,0,0,0,0,0,0,0,0,0,0,0,0,0,0,0,1,0,0,0,0,0,0,0,0,0,0,2025-03
2025-03-15,0,0,0,0,0,0,0,0,0,0,0,0,0,0,0,0,0,0,0,0,0,0,0,0,0,0,0,0,0,0,2025-03
2025-03-16,0,0,0,0,0,0,0,0,0,0,0,0,0,0,0,0,0,0,0,0,0,0,0,0,0,0,0,0,0,0,2025-03
2025-03-17,0,0,0,0,0,0,0,0,0,0,0,0,0,0,0,0,0,0,0,0,0,0,0,0,0,0,0,0,0,0,2025-03
2025-03-18,0,0,0,0,0,0,0,0,0,0,0,0,0,0,0,0,0,0,0,0,0,0,0,0,0,0,0,0,0,0,2025-03
2025-03-19,0,0,0,0,0,0,0,0,0,0,25,16,32,2,81,0,4,0,7,22,0,4,0,6,8,2,5,8,6,11,2025-03
2025-03-20,228,236,208,175,5,1,10,20,5,40,1,3,2,0,5,33,1,49,2,1,0,0,30,0,0,0,0,2,0,5,2025-03
2025-03-21,0,0,0,0,0,0,0,0,0,0,0,0,0,0,0,0,0,0,0,0,0,0,0,0,0,0,0,0,0,0,2025-03
2025-03-22,0,0,0,0,0,0,0,0,0,0,0,0,0,0,0,0,0,0,0,0,0,0,0,0,0,0,0,0,0,0,2025-03
2025-03-23,51,69,45,57,7,1,0,1,1,10,9,2,3,2,17,11,2,11,1,6,1,0,4,0,4,1,4,3,4,3,2025-03
2025-03-24,0,0,0,0,0,0,0,0,0,0,0,0,0,0,0,0,0,0,0,0,0,0,0,0,0,0,0,0,0,0,2025-03
2025-03-25,0,0,0,0,0,0,0,0,0,0,0,0,0,0,0,0,0,0,0,0,0,0,0,0,0,0,0,0,0,0,2025-03
2025-03-26,44,51,40,40,1,2,1,7,2,2,8,5,7,1,8,6,2,6,3,5,0,0,10,4,0,1,1,2,1,2,2025-03
2025-03-27,0,0,0,0,0,0,0,0,0,0,0,0,0,0,0,0,0,0,0,0,0,0,0,0,0,0,0,0,0,0,2025-03
2025-03-28,0,0,0,0,0,0,0,0,0,0,0,0,0,0,0,0,0,0,0,0,0,0,0,0,0,0,0,0,0,0,2025-03
2025-03-29,43,16,39,15,3,0,0,0,1,1,8,0,10,0,9,0,2,4,1,0,4,0,1,1,0,0,1,2,1,2,2025-03
2025-03-30,-15,0,0,0,0,0,0,0,0,0,0,0,4,0,0,0,0,0,0,0,0,0,0,0,0,0,0,0,0,0,2025-03
2025-03-31,0,0,0,0,0,0,0,0,0,0,0,0,0,0,0,0,0,0,0,0,0,0,0,0,0,0,0,0,0,0,2025-03
2025-04-01,54,65,45,58,2,0,5,6,2,1,12,6,9,2,22,8,3,16,4,3,1,0,2,6,0,1,1,4,1,4,2025-04
2025-04-02,0,0,0,0,0,0,0,0,0,0,0,0,0,0,0,0,0,0,0,0,0,0,0,0,0,0,0,0,0,0,2025-04
2025-04-03,0,0,0,0,0,0,0,0,0,0,0,0,0,0,0,0,0,0,0,0,0,0,0,0,0,0,0,0,0,0,2025-04
2025-04-04,0,0,0,0,0,0,0,0,0,0,0,0,0,0,0,0,0,0,0,0,0,0,0,0,0,0,0,0,0,0,2025-04
2025-04-06,0,-1,0,0,0,0,0,0,0,0,24,9,11,3,27,13,1,11,5,7,1,0,0,0,3,0,5,5,5,5,2025-04
2025-04-07,89,78,71,61,1,0,6,10,11,7,1,2,2,0,2,2,0,1,0,0,0,0,0,0,1,0,0,0,0,1,2025-04
2025-04-08,0,0,0,0,0,0,0,0,0,0,0,0,0,0,0,0,0,0,0,0,0,0,0,0,0,0,0,0,0,0,2025-04
2025-04-09,0,0,0,0,0,0,0,0,0,0,18,3,10,0,17,5,5,7,2,2,0,0,4,3,1,0,0,2,0,2,2025-04
2025-04-10,57,29,53,22,1,0,2,2,1,5,0,0,0,0,0,0,0,0,0,0,0,0,0,0,0,0,0,0,0,0,2025-04
2025-04-11,0,0,0,0,0,0,0,0,0,0,0,0,0,0,0,0,0,0,0,0,0,0,0,0,0,0,0,0,0,0,2025-04
2025-04-12,0,0,0,0,0,0,0,0,0,0,0,0,0,0,0,0,0,0,0,0,0,0,0,0,0,0,0,0,0,0,2025-04
2025-04-13,71,49,64,44,3,0,2,2,2,3,18,9,8,1,21,5,3,0,4,2,0,1,7,0,3,0,2,0,2,0,2025-04
2025-04-14,0,0,0,0,0,0,0,0,0,0,0,0,0,0,0,0,0,0,0,0,0,0,0,0,0,0,0,0,0,0,2025-04
2025-04-15,0,0,0,0,0,0,0,0,0,0,0,0,0,0,0,0,0,0,0,0,0,0,0,0,0,0,0,0,0,0,2025-04
2025-04-16,126,44,121,42,2,0,1,1,2,1,14,4,23,2,58,5,0,11,7,6,1,1,13,4,4,0,2,0,2,2,2025-04
2025-04-17,0,0,0,0,0,0,0,0,0,0,0,0,0,0,0,0,0,0,0,0,0,0,0,0,0,0,0,0,0,0,2025-04
2025-04-18,0,0,0,0,0,0,0,0,0,0,0,0,0,0,0,0,0,0,0,0,0,0,0,0,0,0,0,0,0,0,2025-04
2025-04-19,49,32,48,29,0,2,1,0,0,1,9,2,9,1,20,1,1,8,0,5,0,0,4,4,1,0,0,0,0,0,2025-04
2025-04-20,0,0,0,0,0,0,0,0,0,0,0,0,0,0,0,0,0,0,0,0,0,0,0,0,0,0,0,0,0,0,2025-04
2025-04-21,0,0,0,0,0,0,0,0,0,0,0,0,0,0,0,0,0,0,0,0,0,0,0,0,0,0,0,0,0,0,2025-04
2025-04-22,96,45,90,33,3,2,3,4,0,6,12,3,20,1,38,10,4,6,2,3,0,0,9,10,0,1,0,1,0,1,2025-04
2025-04-23,0,0,0,0,0,0,0,0,0,0,0,0,0,0,0,0,0,0,0,0,0,0,0,0,0,0,0,0,0,0,2025-04
2025-04-24,0,0,0,0,0,0,0,0,0,0,0,0,0,0,0,0,0,0,0,0,0,0,0,0,0,0,0,0,0,0,2025-04
2025-04-25,42,26,41,21,0,0,0,0,3,5,4,2,11,2,6,6,3,4,5,2,0,0,2,0,1,0,1,2,1,2,2025-04
2025-04-26,0,0,0,0,0,0,0,0,0,0,0,0,0,0,0,0,0,0,0,0,0,0,0,0,0,0,0,0,0,0,2025-04
2025-04-27,0,0,0,0,0,0,0,0,0,0,0,0,0,0,0,0,0,0,0,0,0,0,0,0,0,0,0,0,0,0,2025-04
2025-04-28,21,24,18,21,1,0,0,0,2,3,3,1,2,1,5,2,1,7,2,3,0,0,2,0,1,0,1,1,1,1,2025-04
2025-04-29,0,0,0,0,0,0,0,0,0,0,0,0,0,0,0,0,0,0,0,0,0,0,0,0,0,0,0,0,0,0,2025-04
2025-04-30,0,0,0,0,0,0,0,0,0,0,0,0,0,0,0,0,0,0,0,0,0,0,0,0,0,0,0,0,0,0,2025-04
2025-05-01,17,23,17,13,0,2,0,5,0,3,2,0,2,1,0,16,0,1,2,1,0,0,10,2,1,0,2,0,2,0,2025-05
2025-05-02,0,0,0,0,0,0,0,0,0,0,0,0,0,0,0,0,0,0,0,0,0,0,0,0,0,0,0,0,0,0,2025-05
2025-05-03,54,24,50,22,1,0,0,1,3,1,13,5,13,1,10,3,1,4,1,2,1,1,4,1,1,0,0,1,0,2,2025-05
2025-05-04,0,0,0,0,0,0,0,0,0,0,0,0,0,0,0,0,0,0,0,0,0,0,0,0,0,0,0,0,0,0,2025-05
2025-05-05,0,0,0,0,0,0,0,0,0,0,0,0,0,0,0,0,0,0,0,0,0,0,0,0,0,0,0,0,0,0,2025-05
2025-05-06,0,0,0,0,0,0,0,0,0,0,0,0,0,0,0,0,0,0,0,0,0,0,0,0,0,0,0,0,0,0,2025-05
2025-05-07,44,30,44,28,1,0,0,0,0,2,10,3,5,2,6,0,3,7,4,6,0,0,7,0,2,0,2,0,2,1,2025-05
2025-05-08,0,0,0,0,0,0,0,0,0,0,0,0,0,0,0,0,0,0,0,0,0,0,0,0,0,0,0,0,0,0,2025-05
2025-05-09,0,0,0,0,0,0,0,0,0,0,0,0,0,0,0,0,0,0,0,0,0,0,0,0,0,0,0,0,0,0,2025-05
2025-05-10,41,32,40,27,0,0,1,5,0,0,4,5,6,1,14,5,2,3,8,2,0,0,3,0,1,0,0,3,0,3,2025-05
2025-05-11,0,0,0,0,0,0,0,0,0,0,0,0,0,0,0,0,0,0,0,0,0,0,0,0,0,0,0,0,0,0,2025-05
2025-05-12,0,0,0,0,0,0,0,0,0,0,0,0,0,0,0,0,0,0,0,0,0,0,0,0,0,0,0,0,0,0,2025-05
2025-05-13,0,0,0,0,0,0,0,0,0,0,8,4,3,1,20,10,5,7,4,5,0,0,7,0,4,1,6,0,6,2,2025-05
2025-05-14,68,36,64,29,2,0,2,5,0,2,1,0,1,0,2,0,0,0,1,0,0,0,2,0,2,0,0,0,0,0,2025-05
2025-05-15,0,0,0,0,0,0,0,0,0,0,0,0,0,0,0,0,0,0,0,0,0,0,0,0,0,0,0,0,0,0,2025-05
2025-05-16,0,0,0,0,0,0,0,0,0,0,0,0,0,0,0,0,0,0,0,0,0,0,0,0,0,0,0,0,0,0,2025-05
2025-05-17,22,29,24,24,0,1,0,4,0,0,1,6,0,0,14,1,2,6,1,3,1,1,1,2,2,0,0,2,0,2,2025-05
2025-05-18,0,0,0,0,0,0,0,0,0,0,0,0,0,0,0,0,0,0,0,0,0,0,0,0,0,0,0,0,0,0,2025-05
2025-05-19,0,0,0,0,0,0,0,0,0,0,0,0,0,0,0,0,0,0,0,0,0,0,0,0,0,0,0,0,0,0,2025-05
2025-05-20,26,38,25,29,0,0,1,5,0,4,3,3,6,1,10,4,2,4,1,5,0,0,2,0,0,0,2,1,2,1,2025-05
2025-05-21,0,0,0,0,0,0,0,0,0,0,0,0,0,0,0,0,0,0,0,0,0,0,0,0,0,0,0,0,0,0,2025-05
2025-05-22,0,0,0,0,0,0,0,0,0,0,0,0,0,0,0,0,0,0,0,0,0,0,0,0,0,0,0,0,0,0,2025-05
2025-05-23,41,17,34,16,2,0,0,0,5,1,8,1,6,0,6,1,1,3,4,1,0,0,7,2,2,0,1,1,2,2,2025-05
2025-05-24,0,0,0,0,0,0,0,0,0,0,0,0,0,0,0,0,0,0,0,0,0,0,0,0,0,0,0,0,0,0,2025-05
2025-05-25,0,0,0,0,0,0,0,0,0,0,0,0,0,0,0,0,0,0,0,0,0,0,0,0,0,0,0,0,0,0,2025-05
2025-05-26,37,21,33,18,0,1,1,0,3,2,0,2,1,0,9,3,1,5,3,0,1,0,14,1,0,1,0,0,1,1,2025-05
2025-05-27,0,0,0,0,0,0,0,0,0,0,0,0,0,0,0,0,0,0,0,0,0,0,0,0,0,0,0,0,0,0,2025-05
2025-05-28,0,0,0,0,0,0,0,0,0,0,0,7,10,0,19,0,1,5,3,4,0,0,3,1,0,0,0,0,0,0,2025-05
2025-05-29,85,39,74,34,0,2,9,3,2,0,35,0,2,0,3,0,0,3,1,1,0,0,4,0,0,0,0,0,0,0,2025-05
2025-05-30,0,0,0,0,0,0,0,0,0,0,0,0,0,0,0,0,0,0,0,0,0,0,0,0,0,0,0,0,0,0,2025-05
2025-05-31,0,0,0,0,0,0,0,0,0,0,0,0,0,0,0,0,0,0,0,0,0,0,0,0,0,0,0,0,0,0,2025-05
2025-06-01,31,23,24,17,0,0,5,1,2,5,1,1,8,1,7,4,2,4,2,3,0,0,6,0,1,0,1,0,1,1,2025-06
2025-06-02,0,0,0,0,0,0,0,0,0,0,0,0,0,0,0,0,0,0,0,0,0,0,0,0,0,0,0,0,0,0,2025-06
2025-06-03,0,0,0,0,0,0,0,0,0,0,0,0,0,0,0,0,0,0,0,0,0,0,0,0,0,0,0,0,0,0,2025-06
2025-06-04,46,27,41,21,3,1,0,2,2,3,7,0,3,0,7,5,0,3,1,2,14,0,5,4,1,0,1,3,1,3,2025-06
2025-06-05,0,0,0,0,0,0,0,0,0,0,0,0,0,0,0,0,0,0,0,0,0,0,0,0,0,0,0,0,0,0,2025-06
2025-06-06,0,0,0,0,0,0,0,0,0,0,0,0,0,0,0,0,0,0,0,0,0,0,0,0,0,0,0,0,0,0,2025-06
2025-06-07,0,0,0,0,0,0,0,0,0,0,0,0,0,0,0,0,0,0,0,0,0,0,0,0,0,0,0,0,0,0,2025-06
2025-06-08,20,15,17,15,2,0,0,0,4,1,4,4,3,2,0,1,1,0,0,4,2,0,4,0,2,1,0,0,0,0,2025-06
2025-06-09,0,0,0,0,0,0,0,0,0,0,0,0,0,0,0,0,0,0,0,0,0,0,0,0,0,0,0,0,0,0,2025-06
2025-06-10,0,0,0,0,0,0,0,0,0,0,0,0,0,0,0,0,0,0,0,0,0,0,0,0,0,0,0,0,0,0,2025-06
2025-06-11,25,35,25,29,0,0,0,3,0,3,8,1,0,6,8,1,0,7,2,6,0,0,3,3,0,0,0,2,0,2,2025-06
2025-06-12,0,0,0,0,0,0,0,0,0,0,0,0,0,0,0,0,0,0,0,0,0,0,0,0,0,0,0,0,0,0,2025-06
2025-06-13,0,0,0,0,0,0,0,0,0,0,0,0,0,0,0,0,0,0,0,0,0,0,0,0,0,0,0,0,0,0,2025-06
2025-06-14,26,23,17,21,1,0,0,2,8,0,2,2,1,1,4,1,0,4,2,4,1,0,6,2,0,0,1,0,1,1,2025-06
2025-06-15,0,0,0,0,0,0,0,0,0,0,0,0,0,0,0,0,0,0,0,0,0,0,0,0,0,0,0,0,0,0,2025-06
2025-06-16,0,0,0,0,0,0,0,0,0,0,0,0,0,0,0,0,0,0,0,0,0,0,0,0,0,0,0,0,0,0,2025-06
2025-06-17,29,8,29,10,1,0,0,0,0,0,1,0,4,0,4,0,0,0,1,0,0,0,15,1,0,0,1,0,1,0,2025-06
2025-06-18,0,0,0,0,0,0,0,0,0,0,0,0,0,0,0,0,0,0,0,0,0,0,0,0,0,0,0,0,0,0,2025-06
2025-06-19,0,0,0,0,0,0,0,0,0,0,0,0,0,0,0,0,0,0,0,0,0,0,0,0,0,0,0,0,0,0,2025-06
2025-06-20,31,52,21,43,2,3,2,4,6,2,0,2,4,1,10,6,0,10,3,6,0,0,4,3,1,0,2,1,2,1,2025-06
2025-06-21,0,0,0,0,0,0,0,0,0,0,0,0,0,0,0,0,0,0,0,0,0,0,0,0,0,0,0,0,0,0,2025-06
2025-06-22,0,0,0,0,0,0,0,0,0,0,0,0,0,0,0,0,0,0,0,0,0,0,0,0,0,0,0,0,0,0,2025-06
2025-06-23,20,4,19,1,1,0,0,1,0,2,1,0,0,0,1,0,0,1,2,0,0,0,9,0,1,0,0,0,0,0,2025-06
2025-06-24,0,0,0,0,0,0,0,0,0,0,0,0,0,0,0,0,0,0,0,0,0,0,0,0,0,0,0,0,0,0,2025-06
2025-06-25,0,0,0,0,0,0,0,0,0,0,0,0,0,0,0,0,0,0,0,0,0,0,0,0,0,0,0,0,0,0,2025-06
2025-06-26,0,0,0,0,0,0,0,0,0,0,0,0,0,0,0,0,0,0,0,0,0,0,0,0,0,0,0,0,0,0,2025-06
2025-06-27,0,0,0,0,0,0,0,0,0,0,0,0,0,0,0,0,0,0,0,0,0,0,0,0,0,0,0,0,0,0,2025-06
2025-06-28,0,0,0,0,0,0,0,0,0,0,0,0,0,0,0,0,0,0,0,0,0,0,0,0,0,0,0,0,0,0,2025-06
2025-06-29,29,41,27,30,0,1,0,2,2,8,6,4,2,2,5,10,2,4,2,2,0,1,6,4,0,1,1,0,1,0,2025-06
2025-06-30,0,0,0,0,0,0,0,0,0,0,0,0,0,0,0,0,0,0,0,0,0,0,0,0,0,0,0,0,0,0,2025-06
2025-07-01,0,0,0,0,0,0,0,0,0,0,0,0,1,0,0,0,0,0,0,0,4,0,0,0,0,0,0,0,0,0,2025-07
2025-07-02,25,29,22,26,2,1,0,2,1,0,0,3,5,1,4,7,0,5,3,1,1,0,5,1,0,0,1,0,1,1,2025-07
2025-07-03,0,0,0,0,0,0,0,0,0,0,0,0,0,0,0,0,0,0,0,0,0,0,0,0,0,0,0,0,0,0,2025-07
2025-07-04,0,0,0,0,0,0,0,0,0,0,0,0,0,0,0,0,0,0,0,0,0,0,0,0,0,0,0,0,0,0,2025-07
2025-07-05,23,11,20,10,1,0,0,1,2,0,4,0,0,0,5,0,0,3,0,3,2,0,4,1,2,0,0,0,0,0,2025-07
2025-07-06,0,0,0,0,0,0,0,0,0,0,0,0,0,0,0,0,0,0,0,0,0,0,0,0,0,0,0,0,0,0,2025-07
2025-07-07,0,0,0,0,0,0,0,0,0,0,0,0,0,0,0,0,0,0,0,0,0,0,0,0,0,0,0,0,0,0,2025-07
2025-07-08,22,7,22,7,0,0,0,0,0,0,2,0,2,0,4,0,0,0,2,0,0,0,8,1,0,1,0,0,0,0,2025-07
2025-07-09,0,0,0,0,0,0,0,0,0,0,0,0,0,0,0,0,0,0,0,0,0,0,0,0,0,0,0,0,0,0,2025-07
2025-07-10,0,0,0,0,0,0,0,0,0,0,0,0,0,0,0,0,0,0,0,0,0,0,0,0,0,0,0,0,0,0,2025-07
2025-07-11,19,38,19,35,0,0,0,3,0,0,2,3,5,2,2,5,2,4,1,6,0,1,2,0,1,0,2,2,2,3,2025-07
2025-07-12,0,0,0,0,0,0,0,0,0,0,0,0,0,0,0,0,0,0,0,0,0,0,0,0,0,0,0,0,0,0,2025-07
2025-07-13,0,0,0,0,0,0,0,0,0,0,0,0,0,0,0,0,0,0,0,0,0,0,0,0,0,0,0,0,0,0,2025-07
2025-07-14,0,0,0,0,0,0,0,0,0,0,0,0,0,0,0,0,0,0,0,0,0,0,0,0,0,0,0,0,0,0,2025-07
2025-07-15,27,17,24,15,1,0,2,0,0,2,4,4,7,0,5,5,3,3,2,1,0,0,4,1,0,1,0,0,0,0,2025-07
2025-07-16,0,0,0,0,0,0,0,0,0,0,0,0,0,0,0,0,0,0,0,0,0,0,0,0,0,0,0,0,0,0,2025-07
2025-07-17,0,0,0,0,0,0,0,0,0,0,0,0,0,0,0,0,0,0,0,0,0,0,0,0,0,0,0,0,0,0,2025-07
2025-07-18,40,27,31,22,0,0,0,1,9,4,3,3,2,0,8,3,1,1,6,2,0,0,7,1,0,0,0,0,0,1,2025-07
2025-07-19,0,0,0,0,0,0,0,0,0,0,0,0,0,0,0,0,0,0,0,0,0,0,0,0,0,0,0,0,0,0,2025-07
2025-07-20,0,0,0,0,0,0,0,0,0,0,0,0,0,0,0,0,0,0,0,0,0,0,0,0,0,0,0,0,0,0,2025-07
2025-07-21,0,0,0,0,0,0,0,0,0,0,0,0,0,0,0,0,0,0,0,0,0,0,0,0,0,0,0,0,0,0,2025-07
2025-07-22,0,0,0,0,0,0,0,0,0,0,0,0,0,0,0,0,0,0,0,0,0,0,0,0,0,0,0,0,0,0,2025-07
2025-07-23,16,58,15,55,1,0,0,3,0,0,1,6,1,3,2,4,0,8,2,9,1,0,1,0,1,1,0,0,0,1,2025-07
2025-07-24,0,0,0,0,0,0,0,0,0,0,0,0,0,0,0,0,0,0,0,0,0,0,0,0,0,0,0,0,0,0,2025-07
2025-07-25,0,0,0,0,0,0,0,0,0,0,0,0,0,0,0,0,0,0,0,0,0,0,0,0,0,0,0,0,0,0,2025-07
2025-07-26,20,16,13,11,1,0,0,0,6,5,2,1,0,0,3,0,1,4,0,0,0,1,3,0,0,0,3,0,3,0,2025-07
2025-07-27,0,0,0,0,0,0,0,0,0,0,0,0,0,0,0,0,0,0,0,0,0,0,0,0,0,0,0,0,0,0,2025-07
2025-07-28,7,45,5,40,2,1,0,4,0,0,1,5,0,0,2,4,0,8,0,3,0,0,2,4,1,0,1,0,1,0,2025-07
2025-07-29,8,0,8,0,0,0,0,0,0,0,4,0,1,0,0,0,0,0,0,0,0,0,1,0,0,0,0,0,0,0,2025-07
2025-07-30,0,0,0,0,0,0,0,0,0,0,0,0,0,0,0,0,0,0,0,0,0,0,0,0,0,0,0,0,0,0,2025-07
2025-07-31,0,0,0,0,0,0,0,0,0,0,0,0,0,0,0,0,0,0,0,0,0,0,0,0,0,0,0,0,0,0,2025-07
2025-08-01,14,6,9,5,0,0,0,0,5,1,2,0,1,0,2,0,0,1,2,0,0,0,2,1,0,0,0,1,0,1,2025-08
2025-08-02,0,0,0,0,0,0,0,0,0,0,0,0,0,0,0,0,0,0,0,0,0,0,0,0,0,0,0,0,0,0,2025-08
2025-08-03,0,0,0,0,0,0,0,0,0,0,0,0,0,0,0,0,0,0,0,0,0,0,0,0,0,0,0,0,0,0,2025-08
2025-08-04,12,4,11,0,0,0,0,0,1,4,4,0,2,0,0,1,0,0,3,0,0,0,2,0,0,0,0,0,0,0,2025-08
2025-08-05,0,0,0,0,0,0,0,0,0,0,0,0,0,0,0,0,0,0,0,0,0,0,0,0,0,0,0,0,0,0,2025-08
2025-08-06,0,0,0,0,0,0,0,0,0,0,0,0,0,0,0,0,0,0,0,0,0,0,0,0,0,0,0,0,0,0,2025-08
2025-08-07,0,0,0,0,0,0,0,0,0,0,0,0,0,0,0,0,0,0,0,0,0,0,0,0,0,0,0,0,0,0,2025-08
2025-08-08,16,31,15,29,0,0,0,1,1,1,2,5,5,0,6,2,0,4,0,3,0,0,3,0,0,0,0,1,0,2,2025-08
2025-08-09,0,0,0,0,0,0,0,0,0,0,0,0,0,0,0,0,0,0,0,0,0,0,0,0,0,0,0,0,0,0,2025-08
2025-08-10,0,0,0,0,0,0,0,0,0,0,0,0,0,0,0,0,0,0,0,0,0,0,0,0,0,0,0,0,0,0,2025-08
2025-08-11,12,8,8,7,0,0,2,0,2,1,1,1,1,0,2,0,0,1,1,0,0,0,3,1,0,0,1,0,1,0,2025-08
2025-08-12,0,0,0,0,0,0,0,0,0,0,0,0,0,0,0,0,0,0,0,0,0,0,0,0,0,0,0,0,0,0,2025-08
2025-08-13,0,0,0,0,0,0,0,0,0,0,0,0,0,0,0,0,0,0,0,0,0,0,0,0,0,0,0,0,0,0,2025-08
2025-08-14,24,34,21,29,0,0,1,4,2,1,6,4,4,1,1,4,0,4,2,3,0,0,8,5,0,1,0,1,0,2,2025-08
2025-08-15,0,0,0,0,0,0,0,0,0,0,0,0,0,0,0,0,0,0,0,0,0,0,0,0,0,0,0,0,0,0,2025-08
2025-08-16,0,0,0,0,0,0,0,0,0,0,0,0,0,0,0,0,0,0,0,0,0,0,0,0,0,0,0,0,0,0,2025-08
2025-08-17,30,6,22,5,2,0,0,0,6,1,2,0,4,0,5,0,0,0,2,1,1,0,8,1,0,0,0,0,0,0,2025-08
2025-08-18,0,0,0,0,0,0,0,0,0,0,0,0,0,0,0,0,0,0,0,0,0,0,0,0,0,0,0,0,0,0,2025-08
2025-08-19,0,0,0,0,0,0,0,0,0,0,0,0,0,0,0,0,0,0,0,0,0,0,0,0,0,0,0,0,0,0,2025-08
2025-08-20,18,39,14,38,0,0,2,1,2,0,5,4,3,0,1,1,0,4,1,3,0,0,7,6,0,1,0,0,0,1,2025-08
2025-08-21,0,0,0,0,0,0,0,0,0,0,0,0,0,0,0,0,0,0,0,0,0,0,0,0,0,0,0,0,0,0,2025-08
2025-08-22,0,0,0,0,0,0,0,0,0,0,0,0,0,0,0,0,0,0,0,0,0,0,0,0,0,0,0,0,0,0,2025-08
2025-08-23,27,15,22,14,0,0,0,0,5,1,4,0,3,0,1,0,2,0,2,1,0,0,6,2,1,0,0,0,0,0,2025-08
2025-08-24,0,0,0,0,0,0,0,0,0,0,0,0,0,0,0,0,0,0,0,0,0,0,0,0,0,0,0,0,0,0,2025-08
2025-08-25,0,0,0,0,0,0,0,0,0,0,0,0,0,0,0,0,0,0,0,0,0,0,0,0,0,0,0,0,0,0,2025-08
2025-08-26,12,49,11,44,0,1,0,3,1,1,1,10,0,1,0,0,0,5,7,3,0,1,4,8,0,1,0,1,0,1,2025-08
2025-08-27,0,0,0,0,0,0,0,0,0,0,0,0,0,0,0,0,0,0,0,0,0,0,0,0,0,0,0,0,0,0,2025-08
2025-08-28,0,0,0,0,0,0,0,0,0,0,0,0,0,0,0,0,0,0,0,0,0,0,0,0,0,0,0,0,0,0,2025-08
2025-08-29,36,5,34,3,1,2,0,0,1,0,4,0,4,0,3,0,1,0,7,0,0,0,10,0,1,0,1,0,2,0,2025-08
2025-08-30,0,0,0,0,0,0,0,0,0,0,0,0,0,0,0,0,0,0,0,0,0,0,0,0,0,0,0,0,0,0,2025-08
2025-08-31,0,0,0,0,0,0,0,0,0,0,0,0,0,0,0,0,0,0,0,0,0,0,0,0,0,0,0,0,0,0,2025-08
2025-09-01,13,6,12,5,0,0,1,1,0,0,1,0,0,0,3,1,1,0,5,0,2,0,1,0,0,0,0,0,0,0,2025-09
2025-09-02,0,0,0,0,0,0,0,0,0,0,0,0,0,0,0,0,0,0,0,0,0,0,0,0,0,0,0,0,0,0,2025-09
2025-09-03,0,0,0,0,0,0,0,0,0,0,0,0,0,0,0,0,0,0,0,0,0,0,0,0,0,0,0,0,0,0,2025-09
2025-09-04,26,32,30,32,0,0,0,1,0,1,1,4,4,0,5,2,0,7,3,6,0,0,9,1,1,0,0,0,0,1,2025-09
2025-09-05,0,0,0,0,0,0,0,0,0,0,0,0,0,0,0,0,0,0,0,0,0,0,0,0,0,0,0,0,0,0,2025-09
2025-09-06,0,0,0,0,0,0,0,0,0,0,0,0,0,0,0,0,0,0,0,0,0,0,0,0,0,0,0,0,0,0,2025-09
2025-09-07,24,10,19,9,2,1,1,0,2,0,4,1,3,0,6,0,1,2,1,0,0,0,3,4,2,0,0,0,0,0,2025-09
2025-09-08,0,0,0,0,0,0,0,0,0,0,0,0,0,0,0,0,0,0,0,0,0,0,0,0,0,0,0,0,0,0,2025-09
2025-09-09,0,0,0,0,0,0,0,0,0,0,0,0,0,0,0,0,0,0,0,0,0,0,0,0,0,0,0,0,0,0,2025-09
2025-09-10,36,53,33,46,0,1,0,6,3,0,7,4,1,1,10,1,2,5,4,5,1,0,9,8,0,1,0,0,0,0,2025-09
2025-09-11,0,0,0,0,0,0,0,0,0,0,0,0,0,0,0,0,0,0,0,0,0,0,0,0,0,0,0,0,0,0,2025-09
2025-09-12,26,19,25,18,0,0,0,0,1,1,8,2,3,0,3,0,1,3,1,4,0,1,7,2,0,0,0,0,0,0,2025-09
2025-09-13,2,0,1,0,0,0,1,0,0,0,2,0,0,0,0,0,0,0,0,0,0,0,0,0,0,0,0,0,0,0,2025-09
2025-09-14,0,0,0,0,0,0,0,0,0,0,0,0,0,0,0,0,0,0,0,0,0,0,0,0,0,0,0,0,0,0,2025-09
2025-09-15,0,0,0,0,0,0,0,0,0,0,0,0,0,0,0,0,0,0,0,0,0,0,0,0,0,0,0,0,0,0,2025-09
2025-09-16,0,0,0,0,0,0,0,0,0,0,0,0,0,0,0,0,0,0,0,0,0,0,0,0,0,0,0,0,0,0,2025-09
2025-09-17,15,46,13,43,1,1,0,0,2,3,4,5,0,0,0,6,1,6,3,6,0,0,6,3,0,1,0,1,0,4,2025-09
2025-09-18,0,0,0,0,0,0,0,0,0,0,0,0,0,0,0,0,0,0,0,0,0,0,0,0,0,0,0,0,0,0,2025-09
2025-09-19,0,0,0,0,0,0,0,0,0,0,0,0,0,0,0,0,0,0,0,0,0,0,0,0,0,0,0,0,0,0,2025-09
2025-09-20,39,17,34,14,0,0,0,0,5,3,3,3,3,0,4,3,0,0,1,2,0,0,16,5,1,1,1,1,1,1,2025-09
2025-09-21,0,0,0,0,0,0,0,0,0,0,0,0,0,0,0,0,0,0,0,0,0,0,0,0,0,0,0,0,0,0,2025-09
2025-09-22,0,0,0,0,0,0,0,0,0,0,0,0,0,0,0,0,0,0,0,0,0,0,0,0,0,0,0,0,0,0,2025-09
2025-09-23,37,44,34,40,0,0,2,1,1,3,3,2,2,0,3,1,1,3,0,0,1,0,0,0,0,2,1,0,1,3,2025-09
2025-09-24,0,0,0,0,0,0,0,0,0,0,0,0,0,0,0,0,0,0,0,0,0,0,0,0,0,0,0,0,0,0,2025-09
2025-09-25,0,0,0,0,0,0,0,0,0,0,0,0,0,0,0,0,0,0,0,0,0,0,0,0,0,0,0,0,0,0,2025-09
2025-09-26,13,7,11,7,3,0,0,0,0,0,1,2,0,0,1,0,0,0,1,0,3,0,6,1,3,0,0,1,0,1,2025-09
2025-09-27,0,0,0,0,0,0,0,0,0,0,0,0,0,0,0,0,0,0,0,0,0,0,0,0,0,0,0,0,0,0,2025-09
2025-09-28,0,0,0,0,0,0,0,0,0,0,0,0,0,0,0,0,0,0,0,0,0,0,0,0,0,0,0,0,0,0,2025-09
2025-09-29,0,0,0,0,0,0,0,0,0,0,0,0,0,0,0,0,0,0,0,0,0,0,0,0,0,0,0,0,0,0,2025-09
2025-09-30,45,50,56,43,1,1,0,5,0,1,6,10,12,1,12,0,1,7,3,10,1,0,9,1,0,1,0,0,0,0,2025-09
2025-10-01,0,0,0,0,0,0,0,0,0,0,0,0,0,0,0,0,0,0,0,0,0,0,0,0,0,0,0,0,0,0,2025-10
2025-10-02,0,0,0,0,0,0,0,0,0,0,0,0,0,0,0,0,0,0,0,0,0,0,0,0,0,0,0,0,0,0,2025-10
2025-10-03,0,0,0,0,0,0,0,0,0,0,0,0,0,0,0,0,0,0,0,0,0,0,0,0,0,0,0,0,0,0,2025-10
2025-10-04,0,0,0,0,0,0,0,0,0,0,0,0,0,0,0,0,0,0,0,0,0,0,0,0,0,0,0,0,0,0,2025-10
2025-10-05,0,0,0,0,0,0,0,0,0,0,0,0,0,0,0,0,0,0,0,0,0,0,0,0,0,0,0,0,0,0,2025-10
2025-10-06,0,0,0,0,0,0,0,0,0,0,0,0,0,0,0,0,0,0,0,0,0,0,0,0,0,0,0,0,0,0,2025-10
2025-10-07,0,0,0,0,0,0,0,0,0,0,0,0,0,0,0,0,0,0,0,0,0,0,0,0,0,0,0,0,0,0,2025-10
2025-10-08,0,0,0,0,0,0,0,0,0,0,0,0,0,0,0,0,0,0,0,0,0,0,0,0,0,0,0,0,0,0,2025-10
2025-10-09,0,0,0,0,0,0,0,0,0,0,0,0,0,0,0,0,0,0,0,0,0,0,0,0,0,0,0,0,0,0,2025-10
2025-10-10,0,0,0,0,0,0,0,0,0,0,0,0,0,0,0,0,0,0,0,0,0,0,0,0,0,0,0,0,0,0,2025-10
2025-10-11,0,0,0,0,0,0,0,0,0,0,0,0,0,0,0,0,0,0,0,0,0,0,0,0,0,0,0,0,0,0,2025-10
2025-10-12,0,0,0,0,0,0,0,0,0,0,0,0,0,0,0,0,0,0,0,0,0,0,0,0,0,0,0,0,0,0,2025-10
2025-10-13,0,0,0,0,0,0,0,0,0,0,0,0,0,0,0,0,0,0,0,0,0,0,0,0,0,0,0,0,0,0,2025-10
2025-10-14,0,0,0,0,0,0,0,0,0,0,0,0,0,0,0,0,0,0,0,0,0,0,0,0,0,0,0,0,0,0,2025-10
2025-10-15,0,0,0,0,0,0,0,0,0,0,0,0,0,0,0,0,0,0,0,0,0,0,0,0,0,0,0,0,0,0,2025-10
2025-10-16,0,0,0,0,0,0,0,0,0,0,0,0,0,0,0,0,0,0,0,0,0,0,0,0,0,0,0,0,0,0,2025-10
2025-10-17,0,0,0,0,0,0,0,0,0,0,0,0,0,0,0,0,0,0,0,0,0,0,0,0,0,0,0,0,0,0,2025-10
2025-10-18,0,0,0,0,0,0,0,0,0,0,0,0,0,0,0,0,0,0,0,0,0,0,0,0,0,0,0,0,0,0,2025-10
2025-10-19,0,0,0,0,0,0,0,0,0,0,0,0,0,0,0,0,0,0,0,0,0,0,0,0,0,0,0,0,0,0,2025-10
2025-10-20,0,0,0,0,0,0,0,0,0,0,0,0,0,0,0,0,0,0,0,0,0,0,0,0,0,0,0,0,0,0,2025-10
2025-10-21,0,0,0,0,0,0,0,0,0,0,38,0,38,1,52,0,4,0,16,0,3,0,0,0,3,0,10,0,10,0,2025-10
2025-10-22,8,191,0,164,0,8,6,11,2,8,0,14,1,0,16,15,3,27,2,18,0,0,59,18,0,3,0,0,0,2,2025-10
2025-10-23,0,0,0,0,0,0,0,0,0,0,0,0,0,0,0,0,0,0,0,0,0,0,0,0,0,0,0,0,0,0,2025-10
2025-10-24,252,0,252,0,0,0,0,0,0,0,0,0,0,0,0,0,0,0,0,0,0,0,0,0,0,0,0,0,0,0,2025-10
2025-10-25,45,23,42,20,1,0,0,2,2,1,9,5,5,0,10,3,2,5,2,2,0,0,11,4,1,0,3,0,3,0,2025-10
2025-10-26,0,0,0,0,0,0,0,0,0,0,0,0,0,0,0,0,0,0,0,0,0,0,0,0,0,0,0,0,0,0,2025-10
2025-10-27,0,0,0,0,0,0,0,0,0,0,0,0,0,0,0,0,0,0,0,0,0,0,0,0,0,0,0,0,0,0,2025-10
2025-10-28,40,73,31,66,0,1,9,4,0,2,6,6,12,3,10,3,0,8,3,9,1,0,1,13,2,0,0,1,2,2,2025-10
2025-10-29,0,0,0,0,0,0,0,0,0,0,0,0,0,0,0,0,0,0,0,0,0,0,0,0,0,0,0,0,0,0,2025-10
2025-10-30,0,0,0,0,0,0,0,0,0,0,0,0,0,0,0,0,0,0,0,0,0,0,0,0,0,0,0,0,0,0,2025-10
2025-10-31,53,18,43,16,2,0,8,1,0,1,6,2,6,0,28,0,1,2,6,1,0,0,4,4,1,0,0,0,0,0,2025-10
2025-11-01,0,0,0,0,0,0,0,0,0,0,0,0,0,0,0,0,0,0,0,0,0,0,0,0,0,0,0,0,0,0,2025-11
2025-11-02,0,0,0,0,0,0,0,0,0,0,0,0,0,0,0,0,0,0,0,0,0,0,0,0,0,0,0,0,0,0,2025-11
2025-11-03,6,62,7,59,0,0,0,2,0,1,0,4,1,0,5,5,0,8,0,10,0,0,0,6,0,1,0,0,0,0,2025-11
2025-11-04,0,0,0,0,0,0,0,0,0,0,0,0,0,0,0,0,0,0,0,0,0,0,0,0,0,0,0,0,0,0,2025-11
2025-11-05,0,0,0,0,0,0,0,0,0,0,0,0,0,0,0,0,0,0,0,0,0,0,0,0,0,0,0,0,0,0,2025-11
2025-11-06,0,0,0,0,0,0,0,0,0,0,0,0,0,0,0,0,0,0,0,0,0,0,0,0,0,0,0,0,0,0,2025-11
2025-11-07,31,7,25,6,0,1,6,0,0,0,6,1,4,0,2,1,0,0,3,0,0,0,7,1,1,0,1,0,2,0,2025-11
2025-11-08,0,0,0,0,0,0,0,0,0,0,0,0,0,0,0,0,0,0,0,0,0,0,0,0,0,0,0,0,0,0,2025-11
2025-11-09,0,0,0,0,0,0,0,0,0,0,0,0,0,0,0,0,0,0,0,0,0,0,0,0,0,0,0,0,0,0,2025-11
2025-11-10,9,38,9,36,0,0,0,0,0,2,0,5,3,0,2,2,0,11,0,8,0,0,0,0,0,0,0,0,0,0,2025-11
2025-11-11,0,0,0,0,0,0,0,0,0,0,0,0,0,0,0,0,0,0,0,0,0,0,0,0,0,0,0,0,0,0,2025-11
2025-11-12,0,0,0,0,0,0,0,0,0,0,0,0,0,0,0,0,0,0,0,0,0,0,0,0,0,0,0,0,0,0,2025-11
2025-11-13,0,0,0,0,0,0,0,0,0,0,0,0,0,0,0,0,0,0,0,0,0,0,0,0,0,0,0,0,0,0,2025-11
2025-11-14,0,0,0,0,0,0,0,0,0,0,0,0,0,0,0,0,0,0,0,0,0,0,0,0,0,0,0,0,0,0,2025-11
2025-11-15,0,0,0,0,0,0,0,0,0,0,0,0,0,0,0,0,0,0,0,0,0,0,0,0,0,0,0,0,0,0,2025-11
2025-11-16,38,99,35,82,1,11,1,4,1,2,8,6,2,1,13,7,1,12,0,11,1,0,11,9,4,2,0,1,0,4,2025-11
2025-11-17,0,0,0,0,0,0,0,0,0,0,0,0,0,0,0,0,0,0,0,0,0,0,0,0,0,0,0,0,0,0,2025-11
2025-11-18,0,0,0,0,0,0,0,0,0,0,0,0,0,0,0,0,0,0,0,0,0,0,0,0,0,0,0,0,0,0,2025-11
2025-11-19,22,38,21,35,0,1,1,1,0,1,2,2,0,1,8,1,0,9,0,2,0,0,13,2,0,0,1,0,2,0,2025-11
2025-11-20,0,0,0,0,0,0,0,0,0,0,0,0,0,0,0,0,0,0,0,0,0,0,0,0,0,0,0,0,0,0,2025-11
2025-11-21,0,0,0,0,0,0,0,0,0,0,0,0,0,0,0,0,0,0,0,0,0,0,0,0,0,0,0,0,0,0,2025-11
2025-11-22,0,0,0,0,0,0,0,0,0,0,0,0,0,0,0,0,0,0,0,0,0,0,0,0,0,0,0,0,0,0,2025-11
2025-11-23,0,0,0,0,0,0,0,0,0,0,0,0,0,0,0,0,0,0,0,0,0,0,0,0,0,0,0,0,0,0,2025-11
2025-11-24,0,0,0,0,0,0,0,0,0,0,0,0,0,0,0,0,0,0,0,0,0,0,0,0,0,0,0,0,0,0,2025-11
2025-11-25,21,72,21,64,0,1,0,4,0,3,4,2,3,1,0,6,0,11,0,6,1,0,8,3,0,0,1,0,1,2,2025-11
2025-11-26,0,0,0,0,0,0,0,0,0,0,0,0,0,0,0,0,0,0,0,0,0,0,0,0,0,0,0,0,0,0,2025-11
2025-11-27,0,0,0,0,0,0,0,0,0,0,0,0,0,0,0,0,0,0,0,0,0,0,0,0,0,0,0,0,0,0,2025-11
2025-11-28,98,23,82,21,3,0,10,2,3,0,17,2,7,1,16,1,6,4,7,1,0,0,25,1,4,0,5,0,8,0,2025-11
2025-11-29,0,0,0,0,0,0,0,0,0,0,0,0,0,0,0,0,0,0,0,0,0,0,0,0,0,0,0,0,0,0,2025-11
2025-11-30,19,10,10,9,0,1,4,0,5,0,2,0,3,0,3,0,1,2,0,1,0,0,3,0,0,0,0,0,0,1,2025-11
2025-12-01,0,0,0,0,0,0,0,0,0,0,0,0,0,0,0,0,0,0,0,0,0,0,0,0,0,0,0,0,0,0,2025-12
2025-12-02,0,0,0,0,0,0,0,0,0,0,0,0,0,0,0,0,0,0,0,0,0,0,0,0,0,0,0,0,0,0,2025-12
2025-12-03,0,0,0,0,0,0,0,0,0,0,0,0,0,0,0,0,0,0,0,0,0,0,0,0,0,0,0,0,0,0,2025-12
2025-12-04,0,0,0,0,0,0,0,0,0,0,0,0,0,0,0,0,0,0,0,0,0,0,0,0,0,0,0,0,0,0,2025-12
2025-12-05,0,0,0,0,0,0,0,0,0,0,0,0,0,0,0,0,0,0,0,0,0,0,0,0,0,0,0,0,0,0,2025-12
2025-12-06,0,0,0,0,0,0,0,0,0,0,0,0,0,0,0,0,0,0,0,0,0,0,0,0,0,0,0,0,0,0,2025-12
2025-12-07,0,0,0,0,0,0,0,0,0,0,0,0,0,0,0,0,0,0,0,0,0,0,0,0,0,0,0,0,0,0,2025-12
2025-12-08,0,0,0,0,0,0,0,0,0,0,0,0,0,0,0,0,0,0,0,0,0,0,0,0,0,0,0,0,0,0,2025-12
2025-12-09,0,0,0,0,0,0,0,0,0,0,0,0,0,0,0,0,0,0,0,0,0,0,0,0,0,0,0,0,0,0,2025-12
2025-12-10,0,0,0,0,0,0,0,0,0,0,0,0,0,0,0,0,0,0,0,0,0,0,0,0,0,0,0,0,0,0,2025-12
2025-12-11,100,165,94,145,1,3,4,10,1,7,17,8,11,4,24,10,4,22,0,18,1,1,27,2,1,0,6,0,6,4,2025-12
2025-12-12,0,0,0,0,0,0,0,0,0,0,0,0,0,0,0,0,0,0,0,0,0,0,0,0,0,0,0,0,0,0,2025-12
2025-12-13,0,0,0,0,0,0,0,0,0,0,0,0,0,0,0,0,0,0,0,0,0,0,0,0,0,0,0,0,0,0,2025-12
2025-12-14,18,1,18,1,0,0,0,0,0,0,1,0,3,0,2,0,1,0,1,0,1,0,7,0,1,0,0,0,0,0,2025-12
2025-12-15,0,0,0,0,0,0,0,0,0,0,0,0,0,0,0,0,0,0,0,0,0,0,0,0,0,0,0,0,0,0,2025-12
2025-12-16,0,0,0,0,0,0,0,0,0,0,0,0,0,0,0,0,0,0,0,0,0,0,0,0,0,0,0,0,0,0,2025-12
2025-12-17,18,63,17,57,0,0,1,5,0,1,5,5,1,2,3,6,0,9,1,4,0,0,0,4,0,0,0,4,1,5,2025-12
2025-12-18,0,0,0,0,0,0,0,0,0,0,0,0,0,0,0,0,0,0,0,0,0,0,0,0,0,0,0,0,0,0,2025-12
2025-12-19,0,0,0,0,0,0,0,0,0,0,0,0,0,0,0,0,0,0,0,0,0,0,0,0,0,0,0,0,0,0,2025-12
2025-12-20,28,12,24,12,2,0,0,0,2,0,0,0,3,0,0,0,2,0,2,0,0,1,4,2,4,0,0,1,0,1,2025-12
2025-12-21,0,0,0,0,0,0,0,0,0,0,0,0,0,0,0,0,0,0,0,0,0,0,0,0,0,0,0,0,0,0,2025-12
2025-12-22,0,0,0,0,0,0,0,0,0,0,0,0,0,0,0,0,0,0,0,0,0,0,0,0,0,0,0,0,0,0,2025-12
2025-12-23,0,0,0,0,0,0,0,0,0,0,0,0,0,0,0,0,0,0,0,0,0,0,0,0,0,0,0,0,0,0,2025-12
2025-12-24,0,0,0,0,0,0,0,0,0,0,0,0,0,0,0,0,0,0,0,0,0,0,0,0,0,0,0,0,0,0,2025-12
2025-12-25,0,0,0,0,0,0,0,0,0,0,0,0,0,0,0,0,0,0,0,0,0,0,0,0,0,0,0,0,0,0,2025-12
2025-12-26,65,60,64,60,2,1,0,0,0,0,23,11,7,2,24,3,9,7,1,11,2,0,6,10,0,0,1,0,1,1,2025-12
2025-12-27,0,0,0,0,0,0,0,0,0,0,0,0,0,0,0,0,0,0,0,0,0,0,0,0,0,0,0,0,0,0,2025-12
2025-12-28,0,0,0,0,0,0,0,0,0,0,0,0,0,0,0,0,0,0,0,0,0,0,0,0,0,0,0,0,0,0,2025-12
2025-12-29,32,8,27,7,0,0,4,0,1,1,7,1,10,0,2,2,1,0,1,1,0,0,8,0,0,0,0,0,0,0,2025-12
2025-12-30,0,0,0,0,0,0,0,0,0,0,0,0,0,0,0,0,0,0,0,0,0,0,0,0,0,0,0,0,0,0,2025-12
2025-12-31,0,0,0,0,0,0,0,0,0,0,0,7,1,1,0,1,0,6,0,4,0,0,5,4,3,0,0,0,0,0,2025-12
2026-01-01,32,67,31,55,3,4,0,3,0,5,7,1,2,0,3,0,1,0,0,0,0,0,4,0,1,0,0,0,0,0,2026-01
2026-01-02,0,0,0,0,0,0,0,0,0,0,0,0,0,0,0,0,0,0,0,0,0,0,0,0,0,0,0,0,0,0,2026-01
2026-01-03,0,0,0,0,0,0,0,0,0,0,0,0,0,0,0,0,0,0,0,0,0,0,0,0,0,0,0,0,0,0,2026-01
2026-01-04,0,0,0,0,0,0,0,0,0,0,0,0,0,0,0,0,0,0,0,0,0,0,0,0,0,0,0,0,0,0,2026-01
2026-01-05,0,0,0,0,0,0,0,0,0,0,0,0,0,0,0,0,0,0,0,0,0,0,0,0,0,0,0,0,0,0,2026-01
2026-01-06,0,0,0,0,0,0,0,0,0,0,0,0,0,0,0,0,0,0,0,0,0,0,0,0,0,0,0,0,0,0,2026-01
2026-01-07,0,0,0,0,0,0,0,0,0,0,0,0,0,0,0,0,0,0,0,0,0,0,0,0,0,0,0,0,0,0,2026-01
2026-01-08,54,53,53,46,0,2,0,5,1,0,11,2,2,1,7,2,0,8,0,4,0,0,29,6,0,0,0,0,0,0,2026-01
2026-01-09,0,0,0,0,0,0,0,0,0,0,0,0,0,0,0,0,0,0,0,0,0,0,0,0,0,0,0,0,0,0,2026-01
2026-01-10,0,0,0,0,0,0,0,0,0,0,0,0,0,0,0,0,0,0,0,0,0,0,0,0,0,0,0,0,0,0,2026-01
2026-01-11,0,0,0,0,0,0,0,0,0,0,0,0,0,0,0,0,0,0,0,0,0,0,0,0,0,0,0,0,0,0,2026-01
2026-01-12,35,37,26,37,0,0,0,0,9,0,3,2,5,1,1,3,0,5,1,1,0,0,11,6,0,1,1,0,1,0,2026-01
2026-01-13,0,0,0,0,0,0,0,0,0,0,0,0,0,0,0,0,0,0,0,0,0,0,0,0,0,0,0,0,0,0,2026-01
2026-01-14,0,0,0,0,0,0,0,0,0,0,0,0,0,0,0,0,0,0,0,0,0,0,0,0,0,0,0,0,0,0,2026-01
2026-01-15,22,28,20,23,0,1,0,2,2,2,2,2,2,1,2,2,0,2,1,3,0,0,7,7,0,0,0,0,1,0,2026-01
2026-01-16,0,0,0,0,0,0,0,0,0,0,0,0,0,0,0,0,0,0,0,0,0,0,0,0,0,0,0,0,0,0,2026-01
2026-01-17,0,0,0,0,0,0,0,0,0,0,0,0,0,0,0,0,0,0,0,0,0,0,0,0,0,0,0,0,0,0,2026-01
2026-01-18,0,0,0,0,0,0,0,0,0,0,0,0,0,0,0,0,0,0,0,0,0,0,0,0,0,0,0,0,0,0,2026-01
2026-01-19,0,0,0,0,0,0,0,0,0,0,0,0,0,0,0,0,0,0,0,0,0,0,0,0,0,0,0,0,0,0,2026-01
2026-01-20,0,0,0,0,0,0,0,0,0,0,0,0,0,0,0,0,0,0,0,0,0,0,0,0,0,0,0,0,0,0,2026-01
2026-01-21,35,67,31,58,3,3,0,6,1,0,0,8,0,3,7,4,0,6,0,3,0,1,10,0,4,0,1,1,1,1,2026-01
2026-01-22,0,0,0,0,0,0,0,0,0,0,0,0,0,0,0,0,0,0,0,0,0,0,0,0,0,0,0,0,0,0,2026-01
2026-01-23,0,0,0,0,0,0,0,0,0,0,0,0,0,0,0,0,0,0,0,0,0,0,0,0,0,0,0,0,0,0,2026-01
2026-01-24,20,9,20,8,0,1,0,0,0,0,0,0,1,0,2,2,1,0,0,0,0,0,7,2,0,0,2,0,2,1,2026-01
2026-01-25,0,0,0,0,0,0,0,0,0,0,0,0,0,0,0,0,0,0,0,0,0,0,0,0,0,0,0,0,0,0,2026-01
2026-01-26,0,0,0,0,0,0,0,0,0,0,0,0,0,0,0,0,0,0,0,0,0,0,0,0,0,0,0,0,0,0,2026-01
2026-01-27,23,35,20,27,3,2,0,5,0,1,4,1,1,0,3,1,0,3,0,3,0,1,11,0,0,0,0,0,0,2,2026-01
2026-01-28,0,0,0,0,0,0,0,0,0,0,0,0,0,0,0,0,0,0,0,0,0,0,0,0,0,0,0,0,0,0,2026-01
2026-01-29,0,0,0,0,0,0,0,0,0,0,2,0,0,0,0,0,0,0,0,0,0,0,0,0,0,0,0,0,0,0,2026-01
2026-01-30,0,0,0,0,0,0,0,0,0,0,0,0,0,0,0,0,0,0,0,0,0,0,0,0,0,0,0,0,0,0,2026-01
2026-01-31,-27,23,0,22,7,2,0,0,0,0,1,1,0,1,0,2,0,0,3,0,9,0,0,7,5,0,0,1,0,1,2026-01
2026-02-01,-13,-8,0,0,0,0,0,0,0,1,0,0,0,0,0,0,0,0,0,0,0,0,0,0,0,0,0,0,0,0,2026-02
2026-02-02,0,0,0,0,0,0,0,0,0,0,0,0,0,0,0,0,0,0,0,0,0,0,0,0,0,0,0,0,0,0,2026-02
2026-02-03,0,0,0,0,0,0,0,0,0,0,0,0,0,0,0,0,0,0,0,0,0,0,0,0,0,0,0,0,0,0,2026-02
2026-02-04,29,42,27,32,2,4,0,6,0,0,2,2,0,0,1,4,0,6,1,6,0,0,10,1,7,2,2,1,3,3,2026-02
2026-02-05,0,0,0,0,0,0,0,0,0,0,0,0,0,0,0,0,0,0,0,0,0,0,0,0,0,0,0,0,0,0,2026-02
2026-02-06,0,0,0,0,0,0,0,0,0,0,0,0,0,0,0,0,0,0,0,0,0,0,0,0,0,0,0,0,0,0,2026-02
2026-02-07,22,0,21,0,1,0,0,0,0,0,4,0,1,0,4,1,0,1,2,0,0,0,9,0,1,0,1,0,1,0,2026-02
2026-02-08,0,0,0,0,0,0,0,0,0,0,0,0,0,0,0,0,0,0,0,0,0,0,0,0,0,0,0,0,0,0,2026-02
2026-02-09,0,0,0,0,0,0,0,0,0,0,0,0,0,0,0,0,0,0,0,0,0,0,0,0,0,0,0,0,0,0,2026-02
2026-02-10,0,0,0,0,0,0,0,0,0,0,0,0,0,0,0,0,0,0,0,0,0,0,0,0,0,0,0,0,0,0,2026-02
2026-02-11,0,0,0,0,0,0,0,0,0,0,0,0,0,0,0,0,0,0,0,0,0,0,0,0,0,0,0,0,0,0,2026-02
2026-02-12,0,0,0,0,0,0,0,0,0,0,0,0,0,0,0,0,0,0,0,0,0,0,0,0,0,0,0,0,0,0,2026-02
2026-02-13,0,0,0,0,0,0,0,0,0,0,0,0,0,0,0,0,0,0,0,0,0,0,0,0,0,0,0,0,0,0,2026-02
2026-02-14,55,90,50,79,1,5,1,2,3,4,3,1,11,2,7,3,1,6,0,11,0,1,14,8,3,0,1,0,1,1,2026-02
2026-02-15,0,0,0,0,0,0,0,0,0,0,0,0,0,0,0,0,0,0,0,0,0,0,0,0,0,0,0,0,0,0,2026-02
2026-02-16,0,0,0,0,0,0,0,0,0,0,0,0,0,0,0,0,0,0,0,0,0,0,0,0,0,0,0,0,0,0,2026-02
2026-02-17,0,0,0,0,0,0,0,0,0,0,0,0,0,0,0,0,0,0,0,0,0,0,0,0,0,0,0,0,0,0,2026-02
2026-02-18,0,0,0,0,0,0,0,0,0,0,0,0,0,0,0,0,0,0,0,0,0,0,0,0,0,0,0,0,0,0,2026-02
2026-02-19,0,0,0,0,0,0,0,0,0,0,0,0,0,0,0,0,0,0,0,0,0,0,0,0,0,0,0,0,0,0,2026-02
2026-02-20,0,0,0,0,0,0,0,0,0,0,0,0,0,0,0,0,0,0,0,0,0,0,0,0,0,0,0,0,0,0,2026-02
2026-02-21,0,0,0,0,0,0,0,0,0,0,0,0,0,0,0,0,0,0,0,0,0,0,0,0,0,0,0,0,0,0,2026-02
2026-02-22,28,61,28,55,0,4,0,1,4,1,5,2,0,0,0,3,1,5,2,11,0,0,14,7,1,1,0,0,1,0,2026-02
2026-02-23,9,2,9,2,0,0,0,0,0,0,2,0,3,0,1,1,0,0,0,1,0,0,3,0,0,0,0,0,0,0,2026-02
2026-02-24,0,0,0,0,0,0,0,0,0,0,0,0,0,0,0,0,0,0,0,0,0,0,0,0,0,0,0,0,0,0,2026-02
2026-02-25,0,0,0,0,0,0,0,0,0,0,0,0,0,0,0,0,0,0,0,0,0,0,0,0,0,0,0,0,0,0,2026-02
2026-02-26,0,0,0,0,0,0,0,0,0,0,0,0,0,0,0,0,0,0,0,0,0,0,0,0,0,0,0,0,0,0,2026-02
2026-02-27,0,0,0,0,0,0,0,0,0,0,0,0,0,0,0,0,0,0,0,0,0,0,0,0,0,0,0,0,0,0,2026-02
2026-02-28,0,0,0,0,0,0,0,0,0,0,0,0,0,0,0,0,0,0,0,0,0,0,0,0,0,0,0,0,0,0,2026-02
2026-03-01,33,53,30,47,1,2,2,4,0,0,5,2,0,1,4,1,1,6,3,3,0,0,7,14,5,1,0,2,0,2,2026-03
2026-03-02,0,0,0,0,0,0,0,0,0,0,0,0,0,0,0,0,0,0,0,0,0,0,0,0,0,0,0,0,0,0,2026-03
2026-03-03,0,0,0,0,0,0,0,0,0,0,0,0,0,0,0,0,0,0,0,0,0,0,0,0,0,0,0,0,0,0,2026-03
2026-03-04,0,0,0,0,0,0,0,0,0,0,0,0,0,0,0,0,0,0,0,0,0,0,0,0,0,0,0,0,0,0,2026-03
2026-03-05,0,0,0,0,0,0,0,0,0,0,0,0,0,0,0,0,0,0,0,0,0,0,0,0,0,0,0,0,0,0,2026-03
2026-03-06,0,0,0,0,0,0,0,0,0,0,0,0,0,0,0,0,0,0,0,0,0,0,0,0,0,0,0,0,0,0,2026-03
2026-03-07,0,0,0,0,0,0,0,0,0,0,0,0,0,0,0,0,0,0,0,0,0,0,0,0,0,0,0,0,0,0,2026-03
2026-03-08,28,58,25,46,1,3,0,5,2,4,4,5,3,2,2,5,0,9,1,3,2,0,9,8,3,0,0,1,2,1,2026-03
2026-03-09,0,0,0,0,0,0,0,0,0,0,0,0,0,0,0,0,0,0,0,0,0,0,0,0,0,0,0,0,0,0,2026-03
2026-03-10,0,0,0,0,0,0,0,0,0,0,0,0,0,0,0,0,0,0,0,0,0,0,0,0,0,0,0,0,0,0,2026-03
2026-03-11,0,0,0,0,0,0,0,0,0,0,0,0,0,0,0,0,0,0,0,0,0,0,0,0,0,0,0,0,0,0,2026-03
2026-03-12,0,0,0,0,0,0,0,0,0,0,0,0,0,0,0,0,0,0,0,0,0,0,0,0,0,0,0,0,0,0,2026-03
2026-03-13,0,0,0,0,0,0,0,0,0,0,0,0,0,0,0,0,0,0,0,0,0,0,0,0,0,0,0,0,0,0,2026-03
2026-03-14,0,0,0,0,0,0,0,0,0,0,0,0,0,0,0,0,0,0,0,0,0,0,0,0,0,0,0,0,0,0,2026-03
2026-03-15,71,72,62,62,5,5,0,4,4,1,8,2,3,1,5,2,2,8,2,11,0,2,23,8,11,1,1,1,2,1,2026-03
2026-03-16,0,0,0,0,0,0,0,0,0,0,0,0,0,0,0,0,0,0,0,0,0,0,0,0,0,0,0,0,0,0,2026-03
2026-03-17,0,0,0,0,0,0,0,0,0,0,0,0,0,0,0,0,0,0,0,0,0,0,0,0,0,0,0,0,0,0,2026-03
2026-03-18,0,0,0,0,0,0,0,0,0,0,0,0,0,0,0,0,0,0,0,0,0,0,0,0,0,0,0,0,0,0,2026-03
2026-03-19,0,0,0,0,0,0,0,0,0,0,0,0,0,0,0,0,0,0,0,0,0,0,0,0,0,0,0,0,0,0,2026-03
2026-03-20,0,0,0,0,0,0,0,0,0,0,0,0,0,0,0,0,0,0,0,0,0,0,0,0,0,0,0,0,0,0,2026-03
2026-03-21,0,0,0,0,0,0,0,0,0,0,0,0,0,0,0,0,0,0,0,0,0,0,0,0,0,0,0,0,0,0,2026-03
2026-03-22,65,71,59,63,7,4,2,5,0,0,7,3,4,4,17,4,1,8,4,16,2,0,9,11,8,0,1,0,1,0,2026-03
2026-03-23,0,0,0,0,0,0,0,0,0,0,0,0,0,0,0,0,0,0,0,0,0,0,0,0,0,0,0,0,0,0,2026-03
2026-03-24,0,0,0,0,0,0,0,0,0,0,0,0,0,0,0,0,0,0,0,0,0,0,0,0,0,0,0,0,0,0,2026-03
2026-03-25,0,0,0,0,0,0,0,0,0,0,0,0,0,0,0,0,0,0,0,0,0,0,0,0,0,0,0,0,0,0,2026-03
2026-03-26,0,0,0,0,0,0,0,0,0,0,0,0,0,0,0,0,0,0,0,0,0,0,0,0,0,0,0,0,0,0,2026-03
2026-03-27,0,0,0,0,0,0,0,0,0,0,0,0,0,0,0,0,0,0,0,0,0,0,0,0,0,0,0,0,0,0,2026-03
2026-03-28,0,0,0,0,0,0,0,0,0,0,0,0,0,0,0,0,0,0,0,0,0,0,0,0,0,0,0,0,0,0,2026-03
2026-03-29,0,0,0,0,0,0,0,0,0,0,0,0,4,0,0,0,0,0,0,0,0,0,0,0,0,0,0,0,0,0,2026-03
2026-03-30,50,60,53,54,2,2,0,3,1,1,6,4,0,3,8,1,3,10,2,8,0,0,20,8,3,0,0,1,0,2,2026-03
2026-03-31,0,0,0,0,0,0,0,0,0,0,0,0,0,0,0,0,0,0,0,0,0,0,0,0,0,0,0,0,0,0,2026-03
2026-04-01,0,0,0,0,0,0,0,0,0,0,0,0,0,0,0,0,0,0,0,0,0,0,0,0,0,0,0,0,0,0,2026-04
2026-04-02,0,0,0,0,0,0,0,0,0,0,0,0,0,0,0,0,0,0,0,0,0,0,0,0,0,0,0,0,0,0,2026-04
2026-04-03,0,0,0,0,0,0,0,0,0,0,0,0,0,0,0,0,0,0,0,0,0,0,0,0,0,0,0,0,0,0,2026-04
2026-04-04,0,0,0,0,0,0,0,0,0,0,0,0,0,0,0,0,0,0,0,0,0,0,0,0,0,0,0,0,0,0,2026-04
2026-04-05,0,0,0,0,0,0,0,0,0,0,0,0,0,0,0,0,0,0,0,0,0,0,0,0,0,0,0,0,0,0,2026-04
2026-04-06,0,0,0,0,0,0,0,0,0,0,0,0,0,0,0,0,0,0,0,0,0,0,0,0,0,0,0,0,0,0,2026-04
2026-04-07,0,0,0,0,0,0,0,0,0,0,0,0,0,0,0,0,0,0,0,0,0,0,0,0,0,0,0,0,0,0,2026-04
2026-04-08,0,0,0,0,0,0,0,0,0,0,0,0,0,0,0,0,0,0,0,0,0,0,0,0,0,0,0,0,0,0,2026-04
2026-04-09,0,0,0,0,0,0,0,0,0,0,0,0,0,0,0,0,0,0,0,0,0,0,0,0,0,0,0,0,0,0,2026-04
2026-04-10,0,0,0,0,0,0,0,0,0,0,0,0,0,0,0,0,0,0,0,0,0,0,0,0,0,0,0,0,0,0,2026-04
2026-04-11,0,0,0,0,0,0,0,0,0,0,0,0,0,0,0,0,0,0,0,0,0,0,0,0,0,0,0,0,0,0,2026-04
2026-04-12,57,166,51,148,4,12,1,5,1,1,10,7,0,5,3,11,1,14,1,16,3,2,25,8,4,0,3,5,3,6,2026-04
2026-04-13,0,0,0,0,0,0,0,0,0,0,0,0,0,0,0,0,0,0,0,0,0,0,0,0,0,0,0,0,0,0,2026-04
2026-04-14,0,0,0,0,0,0,0,0,0,0,0,0,0,0,0,0,0,0,0,0,0,0,0,0,0,0,0,0,0,0,2026-04
2026-04-15,0,0,0,0,0,0,0,0,0,0,0,0,0,0,0,0,0,0,0,0,0,0,0,0,0,0,0,0,0,0,2026-04
2026-04-16,0,0,0,0,0,0,0,0,0,0,0,0,0,0,0,0,0,0,0,0,0,0,0,0,0,0,0,0,0,0,2026-04
2026-04-17,0,0,0,0,0,0,0,0,0,0,0,0,0,0,0,0,0,0,0,0,0,0,0,0,0,0,0,0,0,0,2026-04
2026-04-18,0,0,0,0,0,0,0,0,0,0,0,0,0,0,0,0,0,0,0,0,0,0,0,0,0,0,0,0,0,0,2026-04
2026-04-19,0,0,0,0,0,0,0,0,0,0,0,0,0,0,0,0,0,0,0,0,0,0,0,0,0,0,0,0,0,0,2026-04
2026-04-20,31,54,29,49,1,1,1,4,0,0,4,4,1,1,6,3,1,9,1,5,0,0,7,1,2,1,1,0,2,0,2026-04
2026-04-21,0,0,0,0,0,0,0,0,0,0,0,0,0,0,0,0,0,0,0,0,0,0,0,0,0,0,0,0,0,0,2026-04
2026-04-22,0,0,0,0,0,0,0,0,0,0,0,0,0,0,0,0,0,0,0,0,0,0,0,0,0,0,0,0,0,0,2026-04
2026-04-23,0,0,0,0,0,0,0,0,0,0,0,0,0,0,0,0,0,0,0,0,0,0,0,0,0,0,0,0,0,0,2026-04
2026-04-24,0,0,0,0,0,0,0,0,0,0,0,0,0,0,0,0,0,0,0,0,0,0,0,0,0,0,0,0,0,0,2026-04
2026-04-25,0,0,0,0,0,0,0,0,0,0,0,0,0,0,0,0,0,0,0,0,0,0,0,0,0,0,0,0,0,0,2026-04
2026-04-26,16,53,15,48,0,4,0,1,1,0,4,3,1,6,3,5,0,5,1,6,0,0,3,8,2,0,0,0,0,1,2026-04
2026-04-27,0,0,0,0,0,0,0,0,0,0,0,0,0,0,0,0,0,0,0,0,0,0,0,0,0,0,0,0,0,0,2026-04
2026-04-28,0,0,0,0,0,0,0,0,0,0,0,0,0,0,0,0,0,0,0,0,0,0,0,0,0,0,0,0,0,0,2026-04
2026-04-29,0,0,0,0,0,0,0,0,0,0,0,0,0,0,0,0,0,0,0,0,0,0,0,0,0,0,0,0,0,0,2026-04
2026-04-30,0,0,0,0,0,0,0,0,0,0,0,0,0,0,0,0,0,0,0,0,0,0,0,0,0,0,0,0,0,0,2026-04
2026-05-01,0,0,0,0,0,0,0,0,0,0,0,0,0,0,0,0,0,0,0,0,0,0,0,0,0,0,0,0,0,0,2026-05
2026-05-02,0,0,0,0,0,0,0,0,0,0,0,0,0,0,0,0,0,0,0,0,0,0,0,0,0,0,0,0,0,0,2026-05
2026-05-03,0,0,0,0,0,0,0,0,0,0,0,0,0,0,0,0,0,0,0,0,0,0,0,0,0,0,0,0,0,0,2026-05
2026-05-04,-837,-811,0,0,0,0,0,0,0,0,5,1,0,0,6,1,0,5,2,3,2,0,4,0,3,0,0,2,0,2,2026-05
2026-05-05,0,0,0,0,0,0,0,0,0,0,0,0,0,0,0,0,0,0,0,0,0,0,0,0,0,0,0,0,0,0,2026-05
2026-05-06,0,0,0,0,0,0,0,0,0,0,0,0,0,0,0,0,0,0,0,0,0,0,0,0,0,0,0,0,0,0,2026-05
2026-05-07,0,0,0,0,0,0,0,0,0,0,0,0,0,0,0,0,0,0,0,0,0,0,0,0,0,0,0,0,0,0,2026-05
2026-05-08,0,0,0,0,0,0,0,0,0,0,0,0,0,0,0,0,0,0,0,0,0,0,0,0,0,0,0,0,0,0,2026-05
2026-05-09,0,0,0,0,0,0,0,0,0,0,0,0,0,0,0,0,0,0,0,0,0,0,0,0,0,0,0,0,0,0,2026-05
2026-05-10,-211,34,0,29,0,5,0,0,0,1,0,2,0,0,0,4,0,4,3,3,1,0,0,0,4,0,2,1,3,1,2026-05
2026-05-11,0,0,0,0,0,0,0,0,0,0,0,0,0,0,0,0,0,0,0,0,0,0,0,0,0,0,0,0,0,0,2026-05
2026-05-12,0,0,0,0,0,0,0,0,0,0,0,0,0,0,0,0,0,0,0,0,0,0,0,0,0,0,0,0,0,0,2026-05
2026-05-13,0,0,0,0,0,0,0,0,0,0,0,0,0,0,0,0,0,0,0,0,0,0,0,0,0,0,0,0,0,0,2026-05
2026-05-14,0,0,0,0,0,0,0,0,0,0,0,0,0,0,0,0,0,0,0,0,0,0,0,0,0,0,0,0,0,0,2026-05
2026-05-15,0,0,0,0,0,0,0,0,0,0,0,0,0,0,0,0,0,0,0,0,0,0,0,0,0,0,0,0,0,0,2026-05
2026-05-16,0,0,0,0,0,0,0,0,0,0,0,0,0,0,0,0,0,0,0,0,0,0,0,0,0,0,0,0,0,0,2026-05
2026-05-17,1,0,1,0,0,0,0,0,0,0,0,0,0,0,0,0,0,0,0,0,0,0,0,0,0,0,0,0,0,0,2026-05
2026-05-18,0,0,0,0,0,0,0,0,0,0,0,0,0,0,0,0,0,0,0,0,0,0,0,0,0,0,0,0,0,0,2026-05
2026-05-19,0,0,0,0,0,0,0,0,0,0,0,0,0,0,0,0,0,0,0,0,0,0,0,0,0,0,0,0,0,0,2026-05
2026-05-20,0,0,0,0,0,0,0,0,0,0,0,0,0,0,0,0,0,0,0,0,0,0,0,0,0,0,0,0,0,0,2026-05
2026-05-21,0,0,0,0,0,0,0,0,0,0,0,0,0,0,0,0,0,0,0,0,0,0,0,0,0,0,0,0,0,0,2026-05
2026-05-22,0,0,0,0,0,0,0,0,0,0,0,0,0,0,0,0,0,0,0,0,0,0,0,0,0,0,0,0,0,0,2026-05
2026-05-23,0,0,0,0,0,0,0,0,0,0,0,0,0,0,0,0,0,0,0,0,0,0,0,0,0,0,0,0,0,0,2026-05
2026-05-24,0,0,0,0,0,0,0,0,0,0,0,0,0,0,0,0,0,0,0,0,0,0,0,0,0,0,0,0,0,0,2026-05
2026-05-25,0,0,0,0,0,0,0,0,0,0,0,0,0,0,0,0,0,0,0,0,0,0,0,0,0,0,0,0,0,0,2026-05
2026-05-26,0,0,0,0,0,0,0,0,0,0,0,0,0,0,0,0,0,0,0,0,0,0,0,0,0,0,0,0,0,0,2026-05
2026-05-27,0,0,0,0,0,0,0,0,0,0,0,0,0,0,0,0,0,0,0,0,0,0,0,0,0,0,0,0,0,0,2026-05
2026-05-28,0,0,0,0,0,0,0,0,0,0,0,0,0,0,0,0,0,0,0,0,0,0,0,0,0,0,0,0,0,0,2026-05
2026-05-29,0,0,0,0,0,0,0,0,0,0,0,0,0,0,0,0,0,0,0,0,0,0,0,0,0,0,0,0,0,0,2026-05
2026-05-30,116,0,106,0,8,0,2,0,0,0,4,0,12,0,6,0,2,0,8,0,3,0,0,0,10,0,1,0,1,0,2026-05
2026-05-31,0,144,0,126,0,12,0,4,0,2,0,2,0,2,0,2,0,16,0,23,0,0,0,0,0,1,0,4,0,5,2026-05
2026-06-01,0,0,0,0,0,0,0,0,0,0,0,0,0,0,0,0,0,0,0,0,0,0,0,0,0,0,0,0,0,0,2026-06
2026-06-02,0,0,0,0,0,0,0,0,0,0,0,0,0,0,0,0,0,0,0,0,0,0,0,0,0,0,0,0,0,0,2026-06
2026-06-03,0,0,0,0,0,0,0,0,0,0,0,0,0,0,0,0,0,0,0,0,0,0,0,0,0,0,0,0,0,0,2026-06
2026-06-04,0,0,0,0,0,0,0,0,0,0,0,0,0,0,0,0,0,0,0,0,0,0,0,0,0,0,0,0,0,0,2026-06
