Date,Russia_Total,Change,Ukraine_Total,Change,Ratio RU/UA,Russia_Destroyed,Ukraine_Destroyed,,Russia_Damaged,Ukraine_Damaged,Ukraine_Abandoned,UYKF,Russia_Abandoned,,Russia_Captured,Ukraine_Captured,,Russia_Tanks,Ukraine_Tanks,Russia_Tank_Capture,Ukraine_Tank_Capture,,Russia_AFV,Ukraine_AFV,Russia_AFV_Capture,Ukraine_AFV_Capture,,Russia_IFV,Ukraine_IFV,,Russia_APC,Ukraine_APC,,Russia_IMV,Ukraine_IMV,,Russia_Engineering,Ukraine_Engineering,,Russia_Coms,Ukraine_Coms,,Russia_Vehicles,Ukraine_Vehicles,,Russia_Aircraft,Ukraine_Aircraft,,Russia_Infantry,Ukraine_Infantry,,Russia_Logistics,Ukraine_Logistics,,Russia_Armor,Ukraine_Armor,,Russia_Antiair,Ukraine_Antiair,,Russia_Artillery,Ukraine_Artillery,,UNHCR_Ukraine_Border,UNHCR_Ukraine_Refugees,UNHCR_Returning_Ukraine_Refugees
2022-02-24,0,,0,,0.00,0,0,,0,0,0,,0,,0,0,,1,1,0,0,,5,2,2,1,,1,5,,0,2,,2,1,,3,0,,0,0,,9,16,,4,2,,3,8,,3,0,,6,3,,1,6,,0,2,,"84,681.00","84,681.00",
2022-02-25,52,52,59,59,0.88,25,27,,5,5,10,,2,,20,17,,2,4,1,0,,7,2,4,1,,4,6,,0,2,,5,1,,3,0,,0,0,,19,26,,5,3,,9,9,,3,0,,9,6,,2,8,,4,2,,"192,982.00","170,245.00","22,737.00"
2022-02-26,107,55,88,29,1.22,42,36,,6,4,31,,10,,49,17,,7,9,2,0,,7,10,4,1,,11,9,,0,3,,7,2,,12,0,,2,0,,37,32,,5,3,,18,14,,14,0,,14,19,,3,9,,4,4,,"341,301.00","306,171.00","35,130.00"
2022-02-27,161,54,96,8,1.68,71,38,,6,4,35,,22,,62,19,,9,9,2,0,,11,13,6,1,,15,9,,6,3,,11,4,,12,0,,2,0,,66,34,,6,3,,32,16,,14,0,,20,22,,4,9,,4,4,,"509,665.00","463,553.00","46,112.00"
2022-02-28,321,160,147,51,2.18,139,53,,7,4,38,,72,,103,52,,41,15,11,1,,31,21,10,5,,43,9,,14,9,,20,6,,16,0,,2,0,,108,35,,7,5,,77,24,,18,0,,72,36,,15,11,,9,7,,"672,139.00","616,830.00","55,309.00"
2022-03-01,358,37,151,4,2.37,154,55,,8,4,39,,81,,115,53,,44,15,11,1,,36,22,12,5,,48,9,,14,9,,22,6,,17,0,,3,0,,117,35,,9,5,,84,24,,20,0,,80,37,,16,11,,10,7,,"838,829.00","772,607.00","66,222.00"
2022-03-02,470,112,166,15,2.83,191,62,,7,4,43,,122,,150,57,,55,19,16,3,,49,22,17,5,,62,9,,24,9,,24,8,,23,0,,5,0,,162,40,,12,5,,110,26,,28,0,,104,41,,20,11,,16,9,,"1,033,312.00","956,714.00","76,598.00"
2022-03-03,529,59,180,14,2.94,217,69,,8,4,43,,129,,175,64,,65,29,22,10,,55,24,18,6,,71,18,,28,13,,24,11,,24,0,,7,0,,177,44,,12,5,,123,42,,31,0,,120,53,,20,12,,21,10,,"1,201,217.00","1,114,302.00","86,915.00"
2022-03-04,622,93,201,21,3.09,246,77,,9,4,44,,139,,228,76,,91,38,39,17,,65,25,27,7,,80,20,,33,14,,25,12,,26,0,,8,0,,204,47,,15,7,,138,46,,34,0,,156,63,,25,12,,24,10,,"1,373,316.00","1,276,927.00","96,389.00"
2022-03-05,724,102,229,28,3.16,285,83,,10,4,44,,147,,282,98,,106,40,50,19,,73,32,32,13,,105,23,,41,16,,29,13,,33,1,,8,0,,224,56,,22,8,,175,52,,41,1,,179,72,,27,13,,24,11,,"1,570,836.00","1,463,119.00","107,717.00"
2022-03-06,818,94,245,16,3.34,319,92,,10,4,44,,147,,342,105,,119,44,59,21,,78,33,36,14,,118,24,,49,16,,32,14,,35,1,,8,0,,255,64,,22,8,,199,54,,43,1,,197,77,,29,13,,42,12,,"1,779,996.00","1,661,621.00","118,375.00"
2022-03-07,870,52,249,4,3.49,348,93,,10,4,44,,147,,365,108,,136,45,68,21,,85,33,39,14,,126,24,,54,16,,32,17,,36,1,,8,0,,261,64,,24,8,,212,57,,44,1,,221,78,,31,13,,44,12,,"1,987,656.00","1,860,145.00","127,511.00"
2022-03-08,945,75,271,22,3.49,377,95,,13,5,44,,156,,399,127,,151,45,71,21,,92,36,43,17,,138,24,,53,17,,33,17,,37,1,,8,0,,296,70,,24,9,,224,58,,45,1,,243,81,,32,14,,47,21,,"2,172,694.00","2,035,268.00","137,426.00"
2022-03-09,969,24,274,3,3.54,386,96,,13,5,43,,158,,412,130,,156,45,71,21,,96,36,45,17,,141,24,,55,17,,33,17,,37,1,,8,0,,298,70,,24,11,,229,58,,45,1,,252,81,,32,14,,49,21,,"2,343,537.00","2,195,621.00","147,916.00"
2022-03-10,1009,40,277,3,3.64,407,97,,13,5,43,,157,,432,132,,166,46,76,21,,101,37,48,18,,151,25,,57,17,,34,17,,36,1,,8,0,,302,70,,27,11,,242,59,,44,1,,267,83,,36,14,,51,21,,"2,478,204.00","2,307,871.00","170,333.00"
2022-03-11,1104,95,303,26,3.64,455,115,,14,5,45,,171,,464,138,,190,52,85,26,,111,40,51,21,,165,37,,63,18,,35,18,,36,1,,8,0,,334,76,,29,14,,263,73,,44,1,,301,92,,38,14,,53,23,,"2,597,460.00","2,414,786.00","182,674.00"
2022-03-12,1136,32,318,15,3.57,474,120,,14,5,45,,172,,476,148,,193,57,88,29,,111,43,51,23,,171,38,,64,18,,35,19,,37,1,,9,0,,343,79,,32,14,,270,75,,46,1,,304,100,,40,14,,55,23,,"2,713,282.00","2,517,481.00","195,801.00"
2022-03-13,1149,13,323,5,3.56,482,121,,14,5,45,,174,,479,152,,198,59,89,31,,112,44,51,24,,173,38,,64,19,,35,19,,38,1,,9,0,,346,79,,33,14,,272,76,,47,1,,310,103,,40,15,,55,23,,"2,838,599.00","2,630,367.00","208,232.00"
2022-03-14,1262,113,335,12,3.77,536,129,,18,5,46,,195,,513,155,,209,62,95,31,,128,44,57,24,,185,40,,64,19,,37,21,,41,1,,9,0,,407,83,,35,14,,286,80,,50,1,,337,106,,40,16,,57,23,,"2,952,275.00","2,734,666.00","217,609.00"
2022-03-15,1308,46,356,21,3.67,554,134,,19,5,47,,207,,528,170,,217,63,99,31,,136,45,57,24,,194,42,,67,19,,38,23,,41,1,,9,0,,414,85,,36,15,,299,84,,50,1,,353,108,,42,17,,62,24,,"3,063,095.00","2,834,469.00","228,626.00"
2022-03-16,1357,49,361,5,3.76,587,135,,20,5,47,,210,,540,174,,229,63,102,31,,140,45,59,24,,201,42,,68,21,,38,24,,41,1,,9,0,,420,85,,53,16,,307,87,,50,1,,369,108,,42,17,,63,25,,"3,169,897.00","2,928,806.00","241,091.00"
2022-03-17,1466,109,371,10,3.95,666,142,,24,5,48,,215,,561,176,,237,64,105,31,,150,46,62,24,,211,43,,69,22,,50,24,,43,1,,9,0,,482,87,,53,17,,330,89,,52,1,,387,110,,43,20,,67,25,,"3,264,054.00","3,009,980.00","254,074.00"
2022-03-18,1532,66,386,15,3.97,709,151,,27,5,49,,222,,574,181,,244,65,106,31,,163,47,65,24,,225,47,,70,24,,52,27,,43,1,,9,0,,499,89,,56,18,,347,98,,52,1,,407,112,,46,21,,70,25,,"3,328,692.00","3,058,505.00","270,187.00"
2022-03-19,1581,49,388,2,4.07,748,153,,27,5,49,,224,,582,181,,251,65,106,31,,165,47,64,24,,232,48,,70,24,,52,27,,43,1,,11,0,,520,89,,57,18,,354,99,,54,1,,416,112,,46,21,,71,26,,"3,389,044.00","3,100,170.00","288,874.00"
2022-03-20,1659,78,397,9,4.18,799,160,,30,5,49,,221,,609,183,,263,65,111,31,,173,47,65,24,,244,51,,70,25,,55,29,,44,1,,11,0,,544,89,,61,20,,369,105,,55,1,,436,112,,50,21,,75,26,,"3,489,644.00","3,184,077.00","305,567.00"
2022-03-21,1662,3,500,103,3.32,800,185,,30,10,37,,222,,610,268,,263,69,111,36,,173,59,65,35,,245,54,,70,25,,55,29,,44,1,,11,0,,544,163,,62,20,,370,108,,55,1,,436,128,,50,28,,76,31,,"3,557,245.00","3,239,481.00","317,764.00"
2022-03-22,1704,42,501,1,3.40,824,185,,32,10,37,,221,,627,269,,270,69,114,36,,179,59,68,35,,255,54,,70,26,,55,29,,46,1,,11,0,,547,163,,63,20,,380,109,,57,1,,449,128,,50,28,,85,31,,"3,626,546.00","3,295,412.00","331,134.00"
2022-03-23,1750,46,515,14,3.40,854,192,,32,11,37,,223,,641,275,,277,71,117,37,,190,60,72,35,,260,54,,70,26,,57,29,,46,1,,11,0,,567,171,,66,21,,387,109,,57,1,,467,131,,51,28,,87,31,,"3,674,952.00","3,330,087.00","344,865.00"
2022-03-24,1785,35,534,19,3.34,871,204,,34,16,37,,228,,652,277,,280,72,118,38,,198,60,77,35,,262,58,,71,26,,57,29,,47,1,,11,0,,579,179,,66,21,,390,113,,58,1,,478,132,,51,30,,92,33,,"3,725,806.00","3,366,245.00","359,561.00"
2022-03-25,1856,71,540,6,3.44,916,206,,35,16,37,,228,,677,281,,295,75,125,40,,210,60,81,35,,280,58,,76,26,,62,29,,52,1,,11,0,,587,180,,67,22,,418,113,,63,1,,505,135,,51,30,,94,34,,"3,772,599.00","3,396,835.00","375,764.00"
2022-03-26,1887,31,557,17,3.39,936,209,,35,16,37,,229,,687,295,,298,77,126,42,,217,60,82,35,,289,60,,76,28,,63,32,,55,6,,11,0,,592,180,,67,22,,428,120,,66,6,,515,137,,51,32,,97,37,,"3,821,049.00","3,425,591.00","395,458.00"
2022-03-27,1986,99,574,17,3.46,985,225,,37,16,37,,232,,732,296,,310,77,131,42,,229,61,87,35,,303,60,,77,28,,63,32,,60,7,,12,0,,629,186,,68,22,,443,120,,72,7,,539,138,,52,32,,101,41,,"3,866,224.00","3,453,623.00","412,601.00"
2022-03-28,2019,33,574,0,3.52,1004,225,,38,16,37,,232,,745,296,,318,77,134,42,,232,61,89,35,,307,60,,79,28,,64,32,,61,7,,12,0,,640,186,,68,22,,450,120,,73,7,,550,138,,52,32,,101,41,,"3,901,713.00","3,473,475.00","428,238.00"
2022-03-29,2085,66,578,4,3.61,1041,229,,38,16,37,,235,,771,296,,340,77,142,42,,240,61,92,35,,322,60,,80,28,,66,35,,64,7,,13,0,,650,187,,70,22,,468,123,,77,7,,580,138,,52,32,,103,41,,"4,019,287.00","3,574,393.00","444,894.00"
2022-03-30,2111,26,624,46,3.38,1061,262,,41,17,37,,233,,776,308,,347,78,142,42,,243,63,96,35,,325,63,,81,28,,69,40,,65,7,,13,0,,650,201,,71,25,,475,131,,78,7,,590,141,,53,47,,109,44,,"4,059,105.00","3,596,227.00","462,878.00"
2022-03-31,2147,36,656,32,3.27,1085,283,,41,18,37,,234,,787,318,,352,87,144,43,,244,65,96,35,,346,70,,81,30,,70,45,,67,9,,13,0,,652,205,,70,26,,497,145,,80,9,,596,152,,54,47,,109,44,,"4,102,876.00","3,621,206.00","481,670.00"
2022-04-01,2278,131,659,3,3.46,1155,285,,41,18,37,,233,,849,319,,388,86,161,43,,263,65,108,35,,374,72,,81,30,,72,47,,70,9,,14,0,,667,205,,74,26,,527,149,,84,9,,651,151,,56,47,,112,44,,"4,137,842.00","3,636,719.00","501,123.00"
2022-04-02,2286,8,660,1,3.46,1158,286,,41,18,37,,234,,853,319,,391,86,163,43,,266,65,109,35,,374,72,,81,30,,73,47,,70,9,,15,0,,667,205,,74,27,,528,149,,85,9,,657,151,,56,47,,113,44,,"4,176,401.00","3,651,195.00","525,206.00"
2022-04-03,2393,107,674,14,3.55,1207,296,,41,19,37,,232,,913,322,,410,90,168,44,,279,66,115,36,,399,74,,84,30,,74,48,,73,9,,15,0,,694,205,,78,27,,557,152,,88,9,,689,156,,57,51,,123,44,,"4,215,047.00","3,670,668.00","544,379.00"
2022-04-04,2437,44,680,6,3.58,1235,300,,39,20,37,,236,,927,323,,425,91,176,44,,279,65,116,35,,410,76,,87,30,,77,48,,77,9,,16,0,,698,205,,79,27,,574,154,,93,9,,704,156,,62,54,,128,45,,"4,244,595.00","3,683,163.00","561,432.00"
2022-04-05,2491,54,684,4,3.64,1270,303,,38,20,37,,238,,945,324,,427,91,176,44,,279,65,116,35,,446,76,,87,30,,77,48,,80,9,,16,0,,714,205,,74,31,,610,154,,96,9,,706,156,,63,54,,129,45,,"4,278,789.00","3,699,474.00","579,315.00"
2022-04-06,2572,81,689,5,3.73,1322,305,,38,21,37,,238,,974,326,,452,92,181,44,,283,65,118,35,,453,76,,89,31,,81,49,,86,9,,19,0,,728,206,,74,31,,623,156,,105,9,,735,157,,70,54,,135,45,,"4,319,494.00","3,721,137.00","598,357.00"
2022-04-07,2608,36,697,8,3.74,1351,311,,38,24,37,,237,,982,325,,448,93,182,44,,284,65,118,35,,465,74,,90,31,,81,49,,86,10,,19,0,,750,210,,74,30,,636,154,,105,10,,732,158,,73,56,,135,45,,"4,382,316.00","3,766,416.00","615,900.00"
2022-04-08,2616,8,701,4,3.73,1358,311,,38,24,37,,237,,983,329,,449,95,182,46,,284,65,118,35,,466,74,,91,32,,81,49,,87,9,,19,0,,751,211,,76,30,,638,155,,106,9,,733,160,,73,56,,136,45,,"4,441,663.00","3,805,651.00","636,012.00"
2022-04-09,2702,86,717,16,3.77,1419,323,,39,24,37,,236,,1008,333,,456,96,184,46,,289,68,119,36,,485,79,,95,32,,90,50,,92,9,,20,0,,779,216,,78,30,,670,161,,112,9,,745,164,,73,57,,143,45,,"4,503,954.00","3,842,393.00","661,561.00"
2022-04-10,2746,44,728,11,3.77,1443,333,,39,24,37,,233,,1031,334,,467,96,188,46,,255,70,106,38,,489,79,,96,32,,90,50,,99,9,,61,0,,787,223,,79,30,,675,161,,160,9,,722,166,,74,59,,146,45,,"4,547,735.00","3,863,278.00","684,457.00"
2022-04-11,2770,24,739,11,3.75,1456,339,,39,23,35,,234,,1041,342,,476,103,192,51,,256,71,106,39,,497,82,,96,32,,91,51,,101,9,,61,0,,787,224,,80,30,,684,165,,162,9,,732,174,,74,59,,148,45,,"4,615,830.00","3,910,384.00","705,446.00"
2022-04-12,2799,29,757,18,3.70,1472,345,,39,23,35,,234,,1054,354,,488,107,198,54,,258,74,106,42,,503,83,,96,34,,90,54,,102,10,,62,0,,789,224,,80,33,,689,171,,164,10,,746,181,,75,60,,149,46,,"4,656,509.00","3,929,223.00","727,286.00"
2022-04-13,2884,85,774,17,3.73,1538,353,,44,23,35,,236,,1066,363,,505,111,200,58,,263,74,106,42,,520,85,,97,40,,91,58,,105,10,,62,0,,823,225,,81,33,,708,183,,167,10,,768,185,,76,60,,150,46,,"4,736,471.00","3,984,484.00","751,987.00"
2022-04-14,2897,13,789,15,3.67,1545,365,,44,23,35,,237,,1071,366,,507,112,201,58,,264,75,106,43,,520,85,,97,40,,91,59,,105,11,,63,0,,826,231,,84,34,,708,184,,168,11,,771,187,,76,62,,152,47,,"4,796,245.00","4,016,752.00","779,493.00"
2022-04-15,2899,2,790,1,3.67,1548,365,,44,23,35,,237,,1070,367,,507,112,201,58,,263,75,105,43,,520,85,,97,40,,91,59,,105,11,,63,0,,826,231,,86,34,,708,184,,168,11,,770,187,,76,62,,152,47,,"4,836,445.00","4,026,179.00","810,266.00"
2022-04-16,2917,18,813,23,3.59,1551,376,,44,22,35,,238,,1084,380,,505,123,201,64,,278,75,115,43,,521,87,,97,45,,93,61,,106,12,,63,0,,827,231,,86,35,,711,193,,169,12,,783,198,,76,62,,152,49,,"4,869,019.00","4,025,643.00","843,376.00"
2022-04-17,2960,43,822,9,3.60,1570,382,,44,22,35,,239,,1107,383,,510,124,203,65,,303,76,127,44,,523,88,,97,46,,93,61,,108,12,,63,0,,832,236,,89,35,,713,195,,171,12,,813,200,,76,62,,153,49,,"4,934,415.00","4,066,701.00","867,714.00"
2022-04-18,2992,32,836,14,3.58,1581,385,,46,22,36,,244,,1121,393,,519,124,207,65,,306,76,128,44,,532,88,,101,47,,94,64,,109,12,,63,0,,834,243,,91,37,,727,199,,172,12,,825,200,,76,63,,153,49,,"4,980,589.00","4,094,320.00","886,269.00"
2022-04-19,2997,5,843,7,3.56,1586,388,,46,22,36,,244,,1121,397,,519,124,207,65,,306,76,128,44,,532,88,,101,49,,96,65,,109,12,,63,0,,834,244,,94,37,,729,202,,172,12,,825,200,,76,63,,153,51,,"5,034,439.00","4,124,031.00","910,408.00"
2022-04-20,3044,47,866,23,3.52,1615,393,,48,22,35,,243,,1138,416,,525,131,211,73,,311,80,130,47,,557,90,,101,52,,95,67,,110,12,,63,0,,841,248,,96,37,,753,209,,173,12,,836,211,,77,63,,153,51,,"5,085,360.00","4,147,077.00","938,283.00"
2022-04-21,3080,36,874,8,3.52,1635,399,,47,22,35,,243,,1155,418,,531,134,212,73,,314,80,131,47,,561,91,,101,53,,95,69,,111,12,,63,0,,856,249,,102,37,,757,213,,174,12,,845,214,,77,63,,153,51,,"5,133,747.00","4,166,803.00","966,944.00"
2022-04-22,3080,0,875,1,3.52,1635,400,,47,22,35,,243,,1155,418,,531,134,212,73,,314,80,131,47,,561,91,,101,53,,95,69,,111,12,,63,0,,856,249,,102,38,,757,213,,174,12,,845,214,,77,63,,153,51,,"5,163,686.00","4,167,450.00","996,236.00"
2022-04-23,3126,46,879,4,3.56,1653,403,,51,22,35,,253,,1169,419,,543,134,212,72,,315,80,132,47,,576,93,,102,53,,99,71,,114,12,,65,0,,857,249,,105,38,,777,217,,179,12,,858,214,,77,63,,156,51,,"5,186,744.00","4,165,782.00","1,020,962.00"
2022-04-24,3155,29,882,3,3.58,1669,405,,52,22,35,,259,,1175,420,,551,134,215,72,,318,83,132,49,,591,93,,102,53,,99,70,,114,12,,65,0,,857,250,,105,38,,792,216,,179,12,,869,217,,77,63,,157,51,,"5,232,014.00","4,196,676.00","1,035,338.00"
2022-04-25,3198,43,903,21,3.54,1695,419,,55,22,35,,259,,1189,427,,562,139,214,73,,318,85,132,50,,610,96,,103,53,,100,73,,118,12,,66,0,,861,256,,106,39,,813,222,,184,12,,880,224,,77,63,,158,52,,"5,264,767.00","4,214,801.00","1,049,966.00"
2022-04-26,3219,21,910,7,3.54,1715,423,,55,22,35,,259,,1190,430,,571,139,215,73,,320,85,132,50,,613,100,,103,54,,100,73,,118,12,,67,0,,862,258,,110,39,,816,227,,185,12,,891,224,,77,63,,158,52,,"5,317,219.00","4,247,788.00","1,069,431.00"
2022-04-27,3241,22,926,16,3.50,1729,433,,56,22,35,,262,,1194,436,,579,140,215,73,,321,86,132,50,,619,102,,103,55,,101,74,,118,12,,67,0,,867,263,,111,43,,823,231,,185,12,,900,226,,77,62,,158,53,,"5,372,845.00","4,279,722.00","1,093,123.00"
2022-04-28,3249,8,940,14,3.46,1734,439,,56,22,35,,262,,1197,444,,584,142,216,73,,321,87,132,50,,621,105,,103,55,,101,81,,119,12,,67,0,,867,264,,113,45,,825,241,,186,12,,905,229,,77,62,,158,53,,"5,429,739.00","4,311,117.00","1,118,622.00"
2022-04-29,3260,11,947,7,3.44,1742,443,,56,22,35,,262,,1200,447,,587,144,217,73,,322,87,133,50,,622,105,,103,57,,101,82,,119,12,,67,0,,870,266,,113,45,,826,244,,186,12,,909,231,,78,62,,158,53,,"5,468,629.00","4,322,450.00","1,146,179.00"
2022-04-30,3311,51,952,5,3.48,1777,446,,58,22,35,,266,,1210,449,,595,144,221,73,,319,88,129,51,,648,105,,103,57,,101,83,,121,12,,71,0,,878,269,,114,45,,852,245,,192,12,,914,232,,79,62,,161,53,,"5,535,178.00","4,356,285.00","1,178,893.00"
2022-05-01,3319,8,957,5,3.47,1786,449,,58,22,35,,266,,1209,451,,606,145,229,73,,322,89,129,52,,651,105,,103,57,,101,85,,121,12,,71,0,,878,269,,114,46,,855,247,,192,12,,928,234,,79,62,,161,53,,"5,563,959.00","4,357,024.00","1,206,935.00"
2022-05-02,3342,23,967,10,3.46,1805,452,,59,22,35,,266,,1212,458,,600,145,222,73,,324,89,129,52,,652,106,,105,59,,102,85,,121,12,,71,0,,884,271,,115,46,,859,250,,192,12,,924,234,,80,66,,161,53,,"5,597,483.00","4,367,472.00","1,230,011.00"
2022-05-03,3374,32,978,11,3.45,1826,456,,59,22,35,,266,,1223,465,,600,149,221,76,,327,89,129,52,,661,106,,107,59,,102,85,,122,12,,72,0,,894,279,,119,46,,870,250,,194,12,,927,238,,81,66,,161,52,,"5,657,185.00","4,404,946.00","1,252,239.00"
2022-05-04,3417,43,983,5,3.48,1860,458,,63,22,35,,266,,1228,468,,605,149,222,76,,341,89,129,52,,667,106,,108,59,,102,85,,123,12,,72,0,,907,281,,121,46,,877,250,,195,12,,946,238,,81,66,,162,55,,"5,707,967.00","4,432,675.00","1,275,292.00"
2022-05-05,3445,28,987,4,3.49,1883,459,,64,22,35,,264,,1234,471,,608,149,223,76,,349,89,129,52,,675,108,,108,59,,102,87,,123,12,,73,0,,915,281,,123,46,,885,254,,196,12,,957,238,,81,66,,162,55,,"5,757,014.00","4,457,073.00","1,299,941.00"
2022-05-06,3471,26,992,5,3.50,1906,459,,65,23,35,,264,,1236,475,,625,151,227,76,,351,90,127,53,,686,110,,108,60,,102,87,,123,12,,73,0,,916,281,,117,45,,896,257,,196,12,,976,241,,82,66,,162,55,,"5,801,159.00","4,477,046.00","1,324,113.00"
2022-05-07,3475,4,1000,8,3.48,1908,465,,67,24,35,,262,,1238,476,,623,153,228,76,,338,90,122,53,,686,111,,108,61,,102,87,,122,13,,73,0,,918,281,,117,46,,896,259,,195,13,,961,243,,83,68,,162,55,,"5,852,526.00","4,503,141.00","1,349,385.00"
2022-05-08,3514,39,1001,1,3.51,1927,465,,67,24,35,,272,,1248,477,,633,154,232,77,,342,90,124,53,,694,111,,108,61,,103,87,,129,13,,73,0,,919,281,,121,46,,905,259,,202,13,,975,244,,83,68,,164,55,,"5,890,875.00","4,520,476.00","1,370,399.00"
2022-05-09,3570,56,1009,8,3.54,1969,470,,70,24,35,,273,,1258,480,,641,155,233,78,,344,90,125,53,,702,112,,108,63,,108,87,,133,13,,73,0,,942,284,,122,47,,918,262,,206,13,,985,245,,84,68,,165,55,,"5,917,703.00","4,528,664.00","1,389,039.00"
2022-05-10,3579,9,1015,6,3.53,1972,474,,70,24,35,,273,,1264,482,,645,157,236,79,,345,90,126,53,,704,112,,108,64,,108,88,,133,13,,73,0,,942,284,,123,47,,920,264,,206,13,,990,247,,84,68,,166,56,,"5,981,358.00","4,564,369.00","1,416,989.00"
2022-05-11,3623,44,1021,6,3.55,2006,479,,71,24,35,,273,,1273,483,,662,160,238,80,,356,90,128,53,,705,112,,108,64,,108,89,,133,13,,73,0,,948,285,,125,49,,921,265,,206,13,,1018,250,,84,68,,170,56,,"6,029,705.00","4,579,209.00","1,450,496.00"
2022-05-12,3623,0,1021,0,3.55,2006,479,,71,24,35,,273,,1273,483,,662,160,238,80,,356,90,128,53,,705,112,,108,64,,108,89,,133,13,,73,0,,948,285,,125,49,,921,265,,206,13,,1018,250,,84,68,,170,56,,"6,080,239.00","4,596,490.00","1,483,749.00"
2022-05-13,3659,36,1040,19,3.52,2027,486,,74,24,35,,280,,1278,495,,668,160,239,80,,361,81,129,49,,716,117,,108,66,,108,93,,134,13,,73,2,,955,289,,128,49,,932,276,,207,15,,1029,241,,84,68,,173,57,,"6,111,172.00","4,589,798.00","1,521,374.00"
2022-05-14,3675,16,1045,5,3.52,2034,488,,74,24,35,,283,,1284,498,,669,163,239,82,,365,81,131,49,,721,117,,108,67,,109,93,,136,13,,74,2,,957,290,,128,49,,938,277,,210,15,,1034,244,,84,68,,173,57,,"6,175,790.00","4,613,957.00","1,561,833.00"
2022-05-15,3675,0,1045,0,3.52,2034,488,,74,24,35,,283,,1284,498,,669,163,239,82,,365,81,131,49,,721,117,,108,67,,109,93,,136,13,,74,2,,957,290,,128,49,,938,277,,210,15,,1034,244,,84,68,,173,57,,"6,223,821.00","4,628,276.00","1,595,545.00"
2022-05-16,3675,0,1045,0,3.52,2034,488,,74,24,35,,283,,1284,498,,669,163,239,82,,365,81,131,49,,721,117,,108,67,,109,93,,136,13,,74,2,,957,290,,128,49,,938,277,,210,15,,1034,244,,84,68,,173,57,,"6,266,844.00","4,638,761.00","1,628,083.00"
2022-05-17,3675,0,1045,0,3.52,2034,488,,74,24,35,,283,,1284,498,,669,163,239,82,,365,81,131,49,,721,117,,108,67,,109,93,,136,13,,74,2,,957,290,,128,49,,938,277,,210,15,,1034,244,,84,68,,173,57,,"6,312,255.00","4,652,295.00","1,659,960.00"
2022-05-18,3675,0,1045,0,3.52,2034,488,,74,24,35,,283,,1284,498,,669,163,239,82,,365,81,131,49,,721,117,,108,67,,109,93,,136,13,,74,2,,957,290,,128,49,,938,277,,210,15,,1034,244,,84,68,,173,57,,"6,361,116.00","4,666,481.00","1,694,635.00"
2022-05-19,3681,6,1046,1,3.52,2035,489,,74,24,35,,288,,1284,498,,671,163,239,82,,365,81,131,49,,725,117,,108,67,,109,93,,136,13,,74,2,,957,290,,128,49,,942,277,,210,15,,1036,244,,84,68,,173,57,,"6,409,355.00","4,680,586.00","1,728,769.00"
2022-05-20,3709,28,1057,11,3.51,2055,493,,74,25,35,,290,,1290,504,,682,169,241,85,,368,81,132,49,,730,119,,108,67,,109,93,,136,13,,75,2,,958,290,,131,49,,947,279,,211,15,,1050,250,,87,68,,173,59,,"6,444,009.00","4,678,666.00","1,765,343.00"
2022-05-21,3732,23,1063,6,3.51,2075,497,,74,25,35,,290,,1293,506,,685,171,241,85,,369,83,132,50,,737,120,,109,67,,109,93,,136,13,,76,2,,960,290,,133,50,,955,280,,212,15,,1054,254,,88,68,,175,59,,"6,511,260.00","4,704,882.00","1,806,378.00"
2022-05-22,3794,62,1069,6,3.55,2117,502,,75,25,35,,292,,1310,507,,691,176,243,87,,383,83,133,50,,754,121,,110,65,,109,93,,136,13,,76,2,,971,291,,142,51,,973,279,,212,15,,1074,259,,88,68,,178,59,,"6,552,971.00","4,707,513.00","1,845,458.00"
2022-05-23,3915,121,1071,2,3.66,2228,504,,75,25,35,,292,,1320,507,,694,176,243,87,,391,83,134,50,,756,121,,110,65,,109,93,,136,13,,77,2,,1075,291,,143,53,,975,279,,213,15,,1085,259,,88,68,,178,59,,"6,595,675.00","4,722,554.00","1,873,121.00"
2022-05-24,4033,118,1071,0,3.77,2330,504,,75,25,35,,294,,1334,507,,696,176,242,87,,396,83,134,50,,763,121,,111,65,,109,93,,138,13,,77,2,,1177,291,,143,53,,983,279,,215,15,,1092,259,,88,68,,178,59,,"6,642,659.00","4,740,366.00","1,902,293.00"
2022-05-25,4100,67,1077,6,3.81,2382,510,,75,25,35,,305,,1338,507,,718,177,244,87,,400,83,134,50,,793,121,,111,65,,110,93,,143,13,,78,2,,1177,294,,145,53,,1014,279,,221,15,,1118,260,,88,68,,178,60,,"6,659,220.00","4,727,471.00","1,931,749.00"
2022-05-26,4146,46,1076,-1,3.85,2408,510,,75,25,35,,317,,1346,506,,733,177,246,87,,404,83,135,50,,802,121,,111,64,,110,93,,156,13,,79,2,,1182,294,,148,53,,1023,278,,235,15,,1137,260,,88,68,,178,60,,"6,700,411.00","4,762,770.00","1,937,641.00"
2022-05-27,4155,9,1082,6,3.84,2416,511,,75,25,35,,317,,1347,511,,734,177,247,87,,405,84,135,51,,804,121,,112,64,,110,95,,156,13,,79,2,,1184,295,,149,53,,1026,280,,235,15,,1139,261,,89,68,,178,62,,"6,737,208.00","4,764,065.00","1,973,143.00"
2022-05-28,4173,18,1105,23,3.78,2429,525,,75,25,35,,316,,1353,520,,736,185,248,92,,411,83,135,50,,806,122,,112,64,,110,51,,159,13,,79,2,,1185,295,,151,57,,1028,237,,238,15,,1147,268,,88,69,,180,64,,"6,771,963.00","4,760,304.00","2,011,659.00"
2022-05-29,4178,5,1106,1,3.78,2432,526,,75,25,35,,316,,1355,520,,738,185,248,92,,411,83,135,50,,809,122,,112,64,,110,51,,159,13,,79,2,,1184,295,,151,58,,1031,237,,238,15,,1149,268,,88,69,,181,64,,"6,801,987.00","4,753,851.00","2,048,136.00"
2022-05-30,4187,9,1116,10,3.75,2439,530,,75,24,35,,316,,1357,527,,741,186,251,92,,411,83,135,50,,818,129,,112,65,,110,51.5,,159,13,,79,2,,1185,295,,147,55,,1040,245.5,,238,15,,1152,269,,88,69,,181,67,,"6,888,355.00","4,807,807.00","2,080,548.00"
2022-05-31,4191,4,1120,4,3.74,2443,532,,75,24,35,,316,,1357,529,,742,187,252,93,,412,84,135,50,,819,130,,112,65,,110,52,,159,13,,79,2,,1186,295,,148,55,,1041,247,,238,15,,1154,271,,88,69,,181,67,,"6,937,546.00","4,844,780.00","2,092,766.00"
2022-06-01,4205,14,1122,2,3.75,2455,535,,72,24,35,,316,,1362,528,,747,187,254,93,,413,85,135,50,,825,130,,112,65,,110,51.5,,159,13,,79,2,,1187,295,,149,55,,1047,246.5,,238,15,,1160,272,,88,69,,181,69,,"6,983,041.00","4,834,344.00","2,148,697.00"
2022-06-02,4211,6,1122,0,3.75,2458,535,,72,24,35,,316,,1365,528,,749,187,255,93,,413,85,135,50,,825,130,,112,65,,110,51.5,,159,13,,79,2,,1187,295,,153,55,,1047,246.5,,238,15,,1162,272,,88,69,,181,69,,"7,011,820.00","4,909,773.00","2,102,047.00"
2022-06-03,4213,2,1122,0,3.75,2458,535,,72,24,35,,316,,1367,528,,751,187,257,93,,413,85,135,50,,825,130,,112,65,,110,51.5,,159,13,,79,2,,1187,295,,153,55,,1047,246.5,,238,15,,1164,272,,88,69,,181,69,,"7,041,655.00","4,869,394.00","2,172,261.00"
2022-06-04,4237,24,1130,8,3.75,2475,541,,73,24,35,,318,,1371,530,,761,190,259,95,,416,85,135,50,,829,131,,112,66,,110,52,,159,13,,80,2,,1189,297,,154,55,,1051,249,,239,15,,1177,275,,88,69,,182,70,,"7,071,169.00","4,874,326.00","2,196,843.00"
2022-06-05,4237,0,1133,3,3.74,2477,541,,73,24,35,,317,,1370,533,,759,191,259,96,,417,85,135,50,,828,131,,112,66,,110,52.5,,159,13,,80,2,,1190,297,,155,55,,1050,249.5,,239,15,,1176,276,,88,69,,182,70,,"7,096,489.00","4,871,810.00","2,224,679.00"
2022-06-06,4245,8,1137,4,3.73,2483,543,,74,24,35,,316,,1372,535,,761,191,259,96,,417,87,135,52,,832,131,,115,66,,110,52.5,,159,13,,80,2,,1191,298,,155,56,,1057,249.5,,239,15,,1178,278,,88,69,,181,70,,"7,122,084.00","4,871,474.00","2,250,610.00"
2022-06-07,4254,9,1139,2,3.73,2490,545,,75,24,35,,316,,1373,535,,761,191,259,96,,419,87,135,52,,834,132,,115,66,,110,52.5,,159,13,,80,2,,1194,298,,156,57,,1059,250.5,,239,15,,1180,278,,88,69,,181,70,,"7,151,034.00","4,877,874.00","2,273,160.00"
2022-06-08,4271,17,1139,0,3.75,2506,545,,78,24,35,,316,,1371,535,,760,191,258,96,,419,87,134,52,,840,132,,115,66,,112,52.5,,158,13,,80,2,,1200,298,,157,57,,1067,250.5,,238,15,,1179,278,,88,69,,182,70,,"7,313,667.00","4,951,294.00","2,362,373.00"
2022-06-09,4273,2,1142,3,3.74,2509,545,,78,25,35,,315,,1371,537,,762,192,258,97,,420,87,134,52,,840,132,,115,66,,108,53,,158,13,,80,2,,1202,298,,157,57,,1063,251,,238,15,,1182,279,,88,69,,182,71,,"7,363,623.00","4,975,789.00","2,387,834.00"
2022-06-10,4306,33,1147,5,3.75,2539,548,,79,27,35,,317,,1371,537,,766,193,259,97,,422,87,134,52,,845,132,,116,66,,108,53,,157,13,,80,2,,1212,298,,159,58,,1069,251,,237,15,,1188,280,,88,69,,183,73,,"7,420,775.00","5,003,122.00","2,417,653.00"
2022-06-11,4312,6,1147,0,3.76,2544,548,,79,27,35,,317,,1372,537,,767,193,259,97,,422,87,134,52,,846,132,,116,66,,108,53,,157,13,,80,2,,1215,298,,159,58,,1070,251,,237,15,,1189,280,,88,69,,184,73,,"7,476,185.00","5,028,326.00","2,447,859.00"
2022-06-12,4338,26,1147,0,3.78,2564,548,,81,27,35,,317,,1376,537,,774,193,262,97,,426,87,134,52,,848,132,,116,66,,108,53,,157,13,,80,2,,1226,298,,160,58,,1072,251,,237,15,,1200,280,,88,69,,185,73,,"7,521,823.00","5,046,033.00","2,475,790.00"
2022-06-13,4349,11,1151,4,3.78,2573,550,,81,27,35,,319,,1376,539,,774,193,262,97,,430,87,134,52,,851,134,,116,66,,108,53,,157,13,,80,2,,1226,298,,161,60,,1075,253,,237,15,,1204,280,,88,69,,185,73,,"7,567,024.00","5,087,626.00","2,479,398.00"
2022-06-14,4353,4,1151,0,3.78,2577,550,,81,27,35,,319,,1376,539,,774,193,262,97,,432,87,134,52,,853,134,,116,66,,108,53,,157,13,,80,2,,1226,298,,161,60,,1077,253,,237,15,,1206,280,,88,69,,185,73,,"7,616,655.00","5,064,844.00","2,551,811.00"
2022-06-15,4353,0,1158,7,3.76,2577,557,,81,27,35,,319,,1376,539,,774,193,262,97,,432,89,134,52,,853,135,,116,67,,108,53,,157,13,,80,2,,1226,299,,161,61,,1077,255,,237,15,,1206,282,,88,69,,185,74,,"7,671,621.00","5,088,571.00","2,583,050.00"
2022-06-16,4344,-9,1159,1,3.75,2571,557,,80,27,35,,318,,1375,540,,781,193,263,97,,432,89,134,52,,854,135,,116,67,,108,104,,157,13,,80,2,,1200,299,,166,61,,1078,306,,237,15,,1213,282,,88,69,,185,74,,"7,703,857.00","5,108,390.00","2,595,467.00"
2022-06-17,4344,0,1159,0,3.75,2571,557,,80,27,35,,318,,1375,540,,781,193,263,97,,432,89,134,52,,854,135,,116,67,,108,104,,157,13,,80,2,,1200,299,,166,61,,1078,306,,237,15,,1213,282,,88,69,,185,74,,"7,786,169.00","5,079,076.00","2,707,093.00"
2022-06-18,4337,-7,1159,0,3.74,2583,557,,83,27,35,,322,,1349,540,,762,193,250,97,,432,89,132,52,,854,135,,116,67,,108,104,,168,13,,86,2,,1181,299,,167,61,,1078,306,,254,15,,1194,282,,88,69,,186,74,,"7,843,040.00","5,102,693.00","2,740,347.00"
2022-06-19,4359,22,1172,13,3.72,2601,566,,82,28,35,,321,,1355,543,,767,195,252,98,,434,90,133,52,,865,138,,117,68,,108,106,,166,15,,85,3,,1183,299,,169,62,,1090,312,,251,18,,1201,285,,88,69,,189,74,,"7,899,287.00","5,126,097.00","2,773,190.00"
2022-06-20,4359,0,1174,2,3.71,2601,569,,82,28,34,,321,,1355,543,,767,195,252,98,,434,90,133,52,,865,138,,117,67,,108,109,,166,15,,85,3,,1183,299,,169,62,,1090,314,,251,18,,1201,285,,88,69,,189,74,,"7,950,234.00","5,146,139.00","2,804,095.00"
2022-06-21,4375,16,1184,10,3.70,2614,577,,84,28,36,,322,,1355,543,,770,197,252,98,,435,90,133,52,,873,142,,117,67,,108,109,,166,15,,85,3,,1184,301,,172,62,,1098,318,,251,18,,1205,287,,88,69,,189,76,,"8,007,015.00","5,170,452.00","2,836,563.00"
2022-06-22,4375,0,1184,0,3.70,2614,577,,84,28,36,,322,,1355,543,,770,197,252,98,,435,90,133,52,,873,142,,117,67,,108,109,,166,15,,85,3,,1184,301,,172,62,,1098,318,,251,18,,1205,287,,88,69,,189,76,,"8,069,043.00","5,198,887.00","2,870,156.00"
2022-06-23,4375,0,1184,0,3.70,2614,577,,84,28,36,,322,,1355,543,,770,197,252,98,,435,90,133,52,,873,142,,117,67,,108,109,,166,15,,85,3,,1184,301,,172,62,,1098,318,,251,18,,1205,287,,88,69,,189,76,,"8,133,324.00","5,228,272.00","2,905,052.00"
2022-06-24,4375,0,1184,0,3.70,2614,577,,84,28,36,,322,,1355,543,,770,197,252,98,,435,90,133,52,,873,142,,117,67,,108,109,,166,15,,85,3,,1184,301,,172,62,,1098,318,,251,18,,1205,287,,88,69,,189,76,,"8,195,757.00","5,255,300.00","2,940,457.00"
2022-06-25,4375,0,1184,0,3.70,2614,577,,84,28,36,,322,,1355,543,,770,197,252,98,,435,90,133,52,,873,142,,117,67,,108,109,,166,15,,85,3,,1184,301,,172,62,,1098,318,,251,18,,1205,287,,88,69,,189,76,,"8,257,603.00","5,276,052.00","2,981,551.00"
2022-06-26,4384,9,1184,0,3.70,2622,577,,85,28,36,,322,,1355,543,,770,197,252,98,,435,90,133,52,,873,143,,117,67,,108,109,,167,15,,85,3,,1191,301,,172,62,,1098,319,,252,18,,1205,287,,88,69,,189,76,,"8,309,264.00","5,286,155.00","3,023,109.00"
2022-06-27,4392,8,1184,0,3.71,2630,577,,85,28,36,,322,,1355,543,,770,197,252,98,,435,90,133,52,,873,143,,117,67,,108,109,,167,15,,85,3,,1197,301,,172,62,,1098,319,,252,18,,1205,287,,88,69,,189,76,,"8,356,196.00","5,292,297.00","3,063,899.00"
2022-06-28,4463,71,1198,14,3.73,2685,585,,89,29,36,,323,,1366,548,,804,199,271,99,,457,90,133,53,,887,145,,120,67,,109,111,,169,16,,86,3,,1202,301,,175,65,,1116,323,,255,19,,1261,289,,88,69,,194,77,,"8,402,336.00","5,305,194.00","3,097,142.00"
2022-06-29,4511,48,1199,1,3.76,2727,586,,91,29,36,,330,,1363,548,,808,199,272,99,,467,90,133,53,,915,145,,121,67,,109,111,,171,16,,87,3,,1194,302,,175,65,,1145,323,,258,19,,1275,289,,88,69,,200,77,,"8,465,590.00","5,332,790.00","3,132,800.00"
2022-06-30,4510,-1,1199,0,3.76,2728,586,,91,29,36,,330,,1361,548,,808,199,272,99,,468,90,133,53,,912,145,,121,67,,109,111,,171,16,,87,3,,1194,302,,175,65,,1142,323,,258,19,,1276,289,,88,69,,200,77,,"8,552,500.00","5,384,719.00","3,167,781.00"
2022-07-01,4510,0,1199,0,3.76,2728,586,,91,29,36,,330,,1361,548,,808,199,272,99,,468,90,133,53,,912,145,,121,67,,109,111,,171,16,,87,3,,1194,302,,175,65,,1142,323,,258,19,,1276,289,,88,69,,200,77,,"8,579,036.00","5,376,664.00","3,202,372.00"
2022-07-02,4568,58,1201,2,3.80,2775,588,,97,29,36,,330,,1366,548,,821,199,273,99,,478,90,133,53,,921,145,,122,67,,110,111,,172,16,,88,3,,1209,302,,176,65,,1153,323,,260,19,,1299,289,,88,69,,201,79,,"8,638,634.00","5,397,478.00","3,241,156.00"
2022-07-03,4567,-1,1209,8,3.78,2775,592,,97,30,36,,327,,1368,551,,824,199,273,99,,478,91,133,54,,919,145,,122,67,,110,112,,172,16,,88,3,,1209,303,,176,65,,1151,324,,260,19,,1302,290,,88,69,,200,83,,"8,692,513.00","5,413,951.00","3,278,562.00"
2022-07-04,4574,7,1207,-2,3.79,2783,593,,97,30,36,,327,,1367,548,,831,199,273,99,,471,91,133,54,,917,145,,123,67,,110,112,,172,16,,89,3,,1211,302,,178,65,,1150,324,,261,19,,1302,290,,90,68,,200,83,,"8,740,344.00","5,429,339.00","3,311,005.00"
2022-07-05,4586,12,1207,0,3.80,2791,593,,99,30,36,,327,,1369,548,,834,199,274,99,,471,91,133,54,,922,145,,123,67,,110,112,,172,16,,90,3,,1214,302,,179,65,,1155,324,,262,19,,1305,290,,90,68,,200,83,,"8,792,763.00","5,452,366.00","3,340,397.00"
2022-07-06,4591,5,1209,2,3.80,2798,595,,100,30,36,,327,,1366,548,,836,199,274,99,,472,92,133,54,,922,146,,123,67,,110,112,,172,16,,90,3,,1217,302,,178,65,,1155,325,,262,19,,1308,291,,90,68,,200,83,,"8,847,773.00","5,476,237.00","3,371,536.00"
2022-07-07,4622,31,1222,13,3.78,2821,606,,104,30,36,,327,,1370,550,,848,199,276,99,,475,95,133,54,,906,146,,123,67,,110,114,,172,17,,90,3,,1217,305,,178,65,,1139,327,,262,20,,1323,294,,90,68,,200,83,,"8,903,944.00","5,502,677.00","3,401,267.00"
2022-07-08,4642,20,1226,4,3.79,2841,608,,101,30,36,,329,,1371,552,,853,201,276,100,,476,95,133,54,,911,148,,123,67,,112,114,,172,17,,90,3,,1228,305,,178,65,,1146,329,,262,20,,1329,296,,91,68,,200,83,,"8,959,803.00","5,528,391.00","3,431,412.00"
2022-07-09,4658,16,1226,0,3.80,2855,608,,101,30,36,,329,,1373,552,,857,201,277,100,,480,95,133,54,,914,148,,123,67,,112,114,,173,17,,90,3,,1231,305,,178,65,,1149,329,,263,20,,1337,296,,91,68,,201,83,,"9,016,213.00","5,560,061.00","3,456,152.00"
2022-07-10,4664,6,1233,7,3.78,2859,615,,101,30,36,,331,,1373,552,,862,201,277,100,,481,95,133,54,,914,148,,123,67,,112,114,,173,17,,90,3,,1232,305,,178,72,,1149,329,,263,20,,1343,296,,91,68,,201,83,,"9,069,148.00","5,566,149.00","3,502,999.00"
2022-07-11,4683,19,1253,20,3.74,2875,620,,102,30,36,,331,,1375,567,,869,204,278,103,,483,98,133,55,,916,153,,123,67,,112,117,,173,19,,90,3,,1237,307,,179,72,,1151,337,,263,22,,1352,302,,91,68,,204,85,,"9,118,918.00","5,582,310.00","3,536,608.00"
2022-07-12,4692,9,1252,-1,3.75,2879,619,,102,30,36,,331,,1380,567,,869,204,278,103,,487,98,133,55,,920,153,,124,67,,112,117,,173,19,,90,3,,1237,307,,179,71,,1156,337,,263,22,,1356,302,,91,68,,204,85,,"9,170,631.00","5,603,595.00","3,567,036.00"
2022-07-13,4706,14,1255,3,3.75,2892,622,,102,30,36,,332,,1380,567,,868,204,278,103,,490,98,133,55,,922,154,,125,67,,112,117,,173,19,,90,3,,1238,307,,179,71,,1159,338,,263,22,,1358,302,,91,68,,205,86,,"9,228,248.00","5,629,279.00","3,598,969.00"
2022-07-14,4722,16,1260,5,3.75,2907,627,,103,30,36,,332,,1380,567,,869,204,278,103,,491,98,133,55,,924,154,,127,67,,112,117,,173,19,,90,5,,1247,307,,180,74,,1163,338,,263,24,,1360,302,,91,68,,205,86,,"9,288,531.00","5,657,951.00","3,630,580.00"
2022-07-15,4734,12,1260,0,3.76,2917,627,,103,30,36,,333,,1381,567,,873,204,279,103,,491,98,133,55,,924,154,,127,67,,112,117,,173,19,,90,5,,1254,307,,180,74,,1163,338,,263,24,,1364,302,,91,68,,206,86,,"9,350,726.00","5,688,408.00","3,662,318.00"
2022-07-16,4747,13,1263,3,3.76,2929,629,,103,30,36,,333,,1382,568,,876,204,279,103,,495,98,134,55,,925,155,,128,68,,112,118,,173,19,,90,5,,1255,307,,180,74,,1165,341,,263,24,,1371,302,,91,68,,207,86,,"9,411,298.00","5,713,669.00","3,697,629.00"
2022-07-17,4757,10,1265,2,3.76,2938,631,,103,30,36,,333,,1383,568,,882,204,279,103,,496,98,134,55,,924,155,,127,68,,112,118,,173,19,,90,5,,1259,307,,180,74,,1163,341,,263,24,,1378,302,,91,68,,207,88,,"9,467,960.00","5,732,326.00","3,735,634.00"
2022-07-18,4733,-24,1268,3,3.73,2929,633,,103,30,36,,332,,1369,569,,867,205,270,104,,495,98,131,55,,949,155,,126,68,,113,118,,173,19,,91,5,,1259,307,,181,74,,1188,341,,264,24,,1362,303,,91,68,,209,89,,"9,518,549.00","5,749,914.00","3,768,635.00"
2022-07-19,4752,19,1269,1,3.74,2944,634,,103,30,36,,331,,1374,569,,871,206,270,104,,499,98,131,55,,951,155,,127,68,,113,118,,175,19,,94,5,,1254,307,,184,74,,1191,341,,269,24,,1370,304,,92,68,,210,89,,"9,572,980.00","5,773,747.00","3,799,233.00"
2022-07-20,4763,11,1307,38,3.64,2955,659,,103,30,36,,331,,1374,582,,874,216,271,106,,499,102,131,56,,953,161,,128,72,,114,118,,176,19,,95,6,,1254,315,,184,74,,1195,351,,271,25,,1373,318,,92,68,,212,88,,"9,630,484.00","5,801,405.00","3,829,079.00"
2022-07-21,4763,0,1307,0,3.64,2956,661,,103,30,36,,331,,1373,580,,873,217,270,106,,499,101,131,55,,953,162,,128,71,,114,118,,176,19,,95,6,,1254,315,,184,74,,1195,351,,271,25,,1372,318,,92,68,,215,88,,"9,686,058.00","5,826,710.00","3,859,348.00"
2022-07-22,4763,0,1307,0,3.64,2956,661,,103,30,36,,331,,1373,580,,873,217,270,106,,499,101,131,55,,953,162,,128,71,,114,118,,176,19,,95,6,,1254,315,,184,74,,1195,351,,271,25,,1372,318,,92,68,,215,88,,"9,744,987.00","5,854,864.00","3,890,123.00"
2022-07-23,4794,31,1362,55,3.52,2983,711,,104,30,36,,331,,1376,585,,882,226,272,107,,504,115,131,57,,958,172,,130,79,,114,119,,176,21,,95,6,,1258,318,,184,75,,1202,370,,271,27,,1386,341,,92,68,,215,90,,"9,802,850.00","5,877,528.00","3,925,322.00"
2022-07-24,4816,22,1361,-1,3.54,3026,711,,102,30,36,,320,,1368,584,,885,225,267,106,,505,115,130,57,,965,172,,130,79,,114,119,,174,21,,96,6,,1262,318,,186,75,,1209,370,,270,27,,1390,340,,94,68,,217,90,,"9,856,268.00","5,894,159.00","3,962,109.00"
2022-07-25,4824,8,1370,9,3.52,3031,719,,102,30,36,,319,,1372,585,,887,227,267,107,,507,115,131,57,,963,173,,130,79,,114,119,,175,21,,96,6,,1265,323,,186,76,,1207,371,,271,27,,1394,342,,94,68,,218,90,,"9,905,949.00","5,911,578.00","3,994,371.00"
2022-07-26,4834,10,1374,4,3.52,3037,722,,102,30,36,,319,,1376,586,,892,228,268,107,,507,115,131,57,,966,173,,131,79,,114,120,,176,21,,96,6,,1264,324,,186,77,,1211,372,,272,27,,1399,343,,94,68,,218,90,,"9,958,379.00","5,933,452.00","4,024,927.00"
2022-07-27,4966,132,1374,0,3.61,3158,722,,102,30,36,,322,,1384,586,,898,228,273,107,,506,115,131,57,,978,173,,137,79,,114,120,,179,21,,99,6,,1365,324,,186,77,,1229,372,,278,27,,1404,343,,94,68,,220,90,,"10,014,273.00","5,957,246.00","4,057,027.00"
2022-07-28,4975,9,1378,4,3.61,3165,725,,103,30,36,,323,,1384,587,,900,228,273,107,,507,115,131,57,,981,173,,137,79,,114,121,,179,22,,99,7,,1365,324,,187,77,,1232,373,,278,29,,1407,343,,94,68,,220,91,,"10,070,666.00","5,983,245.00","4,087,421.00"
2022-07-29,4987,12,1378,0,3.62,3175,725,,103,30,36,,323,,1386,587,,903,228,274,107,,507,115,131,57,,983,173,,137,79,,114,121,,179,22,,99,7,,1369,324,,188,77,,1234,373,,278,29,,1410,343,,94,68,,220,91,,"10,129,210.00","6,008,097.00","4,121,113.00"
2022-07-30,4997,10,1386,8,3.61,3183,731,,103,30,36,,323,,1388,589,,910,231,275,108,,506,116,131,57,,985,173,,137,79,,114,123,,179,22,,99,7,,1371,325,,188,78,,1236,375,,278,29,,1416,347,,94,68,,220,91,,"10,188,368.00","6,028,098.00","4,160,270.00"
2022-07-31,5020,23,1388,2,3.62,3202,732,,103,30,36,,323,,1392,590,,916,231,277,108,,507,116,132,57,,987,173,,137,79,,114,123,,179,22,,101,7,,1376,325,,189,79,,1238,375,,280,29,,1423,347,,95,68,,222,92,,"10,244,480.00","6,043,342.00","4,201,138.00"
2022-08-01,5033,13,1394,6,3.61,3210,735,,104,30,36,,323,,1396,593,,920,231,278,108,,509,116,133,57,,990,177,,137,79,,114,123,,179,22,,101,7,,1377,326,,189,79,,1241,379,,280,29,,1429,347,,95,68,,224,92,,"10,296,712.00","6,058,000.00","4,238,712.00"
2022-08-02,5045,12,1400,6,3.60,3216,740,,104,30,36,,324,,1401,594,,923,231,280,108,,512,116,134,57,,993,177,,138,79,,114,125,,179,22,,101,7,,1378,328,,189,79,,1245,381,,280,29,,1435,347,,96,69,,224,93,,"10,350,489.00","6,078,256.00","4,272,233.00"
2022-08-03,5054,9,1401,1,3.61,3223,741,,104,30,36,,324,,1403,594,,925,231,280,108,,513,116,134,57,,997,178,,139,79,,114,125,,180,22,,102,7,,1379,328,,189,79,,1250,382,,282,29,,1438,347,,96,69,,226,93,,"10,392,048.00","6,084,484.00","4,307,564.00"
2022-08-04,5062,8,1401,0,3.61,3225,741,,106,30,36,,324,,1407,594,,925,231,280,108,,516,116,136,57,,1000,178,,139,79,,114,125,,180,22,,102,7,,1381,328,,189,79,,1253,382,,282,29,,1441,347,,96,69,,226,93,,"10,432,853.00","6,033,570.00","4,399,283.00"
2022-08-05,5068,6,1401,0,3.62,3228,741,,108,30,36,,324,,1408,594,,926,231,280,108,,515,116,136,57,,1003,178,,140,79,,114,125,,180,22,,101,7,,1383,328,,189,79,,1257,382,,281,29,,1441,347,,96,69,,226,93,,"10,476,635.00","6,102,329.00","4,374,306.00"
2022-08-06,5083,15,1430,29,3.55,3238,767,,109,31,36,,326,,1410,596,,929,229,280,102,,518,126,137,62,,1004,185,,142,85,,114,126,,180,22,,102,7,,1385,339,,191,81,,1260,396,,282,29,,1447,355,,96,69,,226,95,,"10,518,581.00","6,107,446.00","4,411,135.00"
2022-08-07,5095,12,1441,11,3.54,3248,780,,109,31,36,,326,,1412,594,,931,229,280,99,,521,125,137,58,,1010,187,,142,88,,114,126,,180,23,,102,7,,1387,337,,191,81,,1266,401,,282,30,,1452,354,,96,66,,226,107,,"10,559,686.00","6,111,461.00","4,448,225.00"
2022-08-08,5103,8,1454,13,3.51,3252,790,,110,32,36,,325,,1416,596,,930,230,281,100,,521,125,137,58,,1017,187,,142,94,,114,126,,180,23,,102,7,,1388,339,,191,81,,1273,407,,282,30,,1451,355,,97,66,,226,110,,"10,592,635.00","6,113,361.00","4,479,274.00"
2022-08-09,5115,12,1474,20,3.47,3264,808,,110,33,36,,326,,1415,597,,933,231,281,100,,528,129,138,58,,1016,196,,142,96,,114,126,,178,23,,105,7,,1390,341,,192,82,,1272,418,,283,30,,1461,360,,98,66,,226,111,,"10,623,910.00","6,117,908.00","4,506,002.00"
2022-08-10,5139,24,1476,2,3.48,3282,810,,115,33,36,,327,,1415,597,,936,233,281,100,,530,129,138,58,,1016,195,,141,96,,114,126,,179,23,,106,7,,1396,342,,203,82,,1271,417,,285,30,,1466,362,,98,66,,226,112,,,,
2022-08-11,5159,20,1476,0,3.50,3298,810,,115,33,36,,327,,1419,597,,939,233,281,100,,534,129,139,58,,1020,195,,141,96,,114,126,,179,23,,107,7,,1401,342,,204,82,,1275,417,,286,30,,1473,362,,98,66,,227,112,,,,
2022-08-12,5169,10,1476,0,3.50,3304,810,,116,33,36,,327,,1422,597,,940,233,281,100,,534,129,139,58,,1024,195,,142,96,,114,126,,179,23,,108,7,,1402,342,,204,82,,1280,417,,287,30,,1474,362,,98,66,,227,112,,,,
2022-08-13,5182,13,1481,5,3.50,3316,813,,116,34,36,,327,,1423,598,,942,233,281,100,,503,129,121,58,,1026,198,,142,96,,115,127,,179,23,,108,7,,1391,342,,209,82,,1283,421,,287,30,,1445,362,,98,66,,280,113,,,,
2022-08-14,5186,4,1486,5,3.49,3328,814,,118,34,36,,315,,1425,602,,946,237,281,104,,505,129,121,58,,1027,199,,142,96,,115,127,,179,23,,108,7,,1383,342,,209,82,,1284,422,,287,30,,1451,366,,98,66,,282,113,,,,
2022-08-15,5200,14,1489,3,3.49,3341,817,,118,34,36,,315,,1426,602,,952,237,282,104,,506,129,121,58,,1029,200,,142,96,,115,128,,179,23,,108,7,,1384,342,,211,82,,1286,424,,287,30,,1458,366,,98,66,,282,114,,,,
2022-08-16,5207,7,1498,9,3.48,3345,824,,119,34,36,,315,,1428,604,,955,238,282,104,,508,129,122,58,,1029,207,,142,96,,115,129,,179,23,,108,7,,1385,342,,212,83,,1286,432,,287,30,,1463,367,,98,66,,282,113,,"11,150,639.00","6,382,725.00","4,767,914.00"
2022-08-17,5221,14,1499,1,3.48,3355,825,,120,34,36,,317,,1429,604,,961,238,283,104,,511,129,122,58,,1029,207,,142,96,,115,129,,179,23,,108,7,,1387,342,,212,84,,1286,432,,287,30,,1472,367,,98,66,,282,113,,,,
2022-08-18,5229,8,1501,2,3.48,3362,826,,120,35,36,,317,,1430,604,,964,238,283,104,,511,129,122,58,,1030,207,,142,96,,115,129,,179,23,,108,7,,1389,342,,212,84,,1287,432,,287,30,,1475,367,,98,67,,283,114,,,,
2022-08-19,5241,12,1508,7,3.48,3372,832,,120,36,36,,317,,1432,604,,969,239,285,104,,513,130,122,58,,1033,208,,142,96,,115,130,,180,23,,108,7,,1389,342,,213,85,,1290,434,,288,30,,1482,369,,98,67,,283,114,,,,
2022-08-20,5247,6,1513,5,3.47,3378,836,,120,36,36,,317,,1432,605,,970,239,285,104,,514,130,123,58,,1035,210,,142,96,,115,130,,180,23,,108,7,,1389,342,,213,85,,1292,436,,288,30,,1484,369,,99,67,,283,116,,,,
2022-08-21,5241,-6,1513,0,3.46,3379,836,,122,36,36,,315,,1425,605,,968,239,286,104,,502,130,123,58,,1047,210,,142,96,,115,130,,180,23,,108,7,,1389,342,,213,85,,1304,436,,288,30,,1470,369,,99,67,,283,116,,,,
2022-08-22,5321,80,1517,4,3.51,3454,840,,125,36,36,,309,,1433,605,,970,240,287,104,,501,131,123,58,,1060,210,,142,96,,114,130,,183,23,,114,7,,1437,342,,218,87,,1316,436,,297,30,,1471,371,,98,67,,290,116,,,,
2022-08-23,5332,11,1517,0,3.51,3464,840,,125,36,36,,302,,1441,605,,970,240,289,104,,502,131,123,58,,1059,210,,143,96,,114,130,,184,23,,114,7,,1445,342,,218,87,,1316,436,,298,30,,1472,371,,98,67,,291,116,,"11,536,470.00","6,551,566.00","4,984,904.00"
2022-08-24,5322,-10,1518,1,3.51,3453,841,,127,36,36,,302,,1440,605,,972,241,288,104,,504,131,123,58,,1048,210,,143,96,,114,130,,184,23,,114,7,,1445,342,,218,87,,1305,436,,298,30,,1476,372,,98,67,,291,116,,,,
2022-08-25,5340,18,1519,1,3.52,3464,841,,128,36,36,,302,,1446,606,,978,242,288,105,,507,131,125,58,,1053,210,,143,96,,114,130,,184,23,,114,7,,1445,342,,219,87,,1310,436,,298,30,,1485,373,,98,67,,293,116,,,,
2022-08-26,5340,0,1519,0,3.52,3464,841,,128,36,36,,302,,1446,606,,978,242,288,105,,507,131,125,58,,1053,210,,143,96,,114,130,,184,23,,114,7,,1445,342,,219,87,,1310,436,,298,30,,1485,373,,98,67,,293,116,,,,
2022-08-27,5344,4,1517,-2,3.52,3466,844,,128,36,36,,300,,1450,601,,980,241,289,104,,508,133,124,58,,1059,210,,143,96,,114,131,,184,23,,113,7,,1444,340,,219,87,,1316,437,,297,30,,1488,374,,98,67,,292,114,,,,
2022-08-28,5362,18,1520,3,3.53,3482,846,,129,36,36,,301,,1450,602,,989,241,289,104,,508,134,124,58,,1063,210,,143,96,,114,133,,184,23,,113,7,,1447,340,,221,87,,1320,439,,297,30,,1497,375,,98,67,,292,114,,,,
2022-08-29,5362,0,1523,3,3.52,3481,849,,129,36,36,,301,,1451,602,,988,241,289,104,,508,134,124,58,,1063,211,,143,96,,114,133,,184,23,,113,7,,1448,341,,221,87,,1320,440,,297,30,,1496,375,,98,67,,293,115,,,,
2022-08-30,5375,13,1534,11,3.50,3492,857,,131,36,39,,301,,1451,602,,990,244,289,104,,511,135,124,58,,1065,215,,143,96,,114,133,,184,23,,113,7,,1452,341,,221,87,,1322,444,,297,30,,1501,379,,98,67,,295,115,,"11,976,498.00","6,651,700.00","5,324,798.00"
2022-08-31,5388,13,1536,2,3.51,3505,859,,130,36,39,,301,,1452,602,,994,244,289,104,,511,135,124,58,,1071,215,,143,96,,114,133,,184,23,,113,7,,1454,341,,222,87,,1328,444,,297,30,,1505,379,,98,68,,295,115,,,,
2022-09-01,5396,8,1542,6,3.50,3510,865,,131,36,39,,301,,1454,602,,994,249,289,104,,512,135,125,58,,1072,215,,143,96,,114,133,,184,23,,113,7,,1455,341,,222,87,,1329,444,,297,30,,1506,384,,98,69,,296,115,,,,
2022-09-02,5411,15,1543,1,3.51,3524,865,,131,36,39,,301,,1455,603,,998,249,289,104,,514,135,125,58,,1077,215,,145,97,,114,133,,185,23,,113,7,,1455,341,,223,87,,1336,445,,298,30,,1512,384,,98,69,,296,115,,,,
2022-09-03,5435,24,1544,1,3.52,3540,864,,134,36,40,,301,,1460,604,,1004,250,288,104,,519,133,125,58,,1086,216,,145,97,,114,133,,185,23,,113,7,,1457,341,,224,87,,1345,446,,298,30,,1523,383,,99,69,,296,115,,,,
2022-09-04,5454,19,1553,9,3.51,3551,871,,134,38,40,,301,,1468,604,,1008,252,288,104,,521,133,125,58,,1089,218,,146,100,,114,133,,185,23,,114,7,,1458,341,,225,89,,1349,451,,299,30,,1529,385,,99,69,,297,115,,,,
2022-09-05,5478,24,1556,3,3.52,3565,874,,134,38,40,,301,,1478,604,,1012,252,292,104,,523,134,125,58,,1098,218,,146,100,,114,135,,185,23,,114,7,,1461,341,,225,89,,1358,453,,299,30,,1535,386,,102,69,,298,115,,,,
2022-09-06,5478,0,1556,0,3.52,3565,874,,134,38,40,,301,,1478,604,,1012,252,292,104,,523,134,125,58,,1098,218,,146,100,,114,135,,185,23,,114,7,,1461,341,,225,89,,1358,453,,299,30,,1535,386,,102,69,,298,115,,"12,324,430.00","6,757,579.00","5,566,851.00"
2022-09-07,5549,71,1561,5,3.55,3614,879,,134,38,40,,301,,1500,604,,1023,254,297,105,,526,134,125,58,,1117,218,,150,101,,115,135,,186,23,,115,7,,1472,342,,226,89,,1382,454,,301,30,,1549,388,,102,69,,306,116,,,,
2022-09-08,5597,48,1564,3,3.58,3629,882,,135,38,40,,302,,1531,604,,1029,255,299,105,,527,134,125,58,,1138,219,,151,101,,115,135,,187,23,,116,7,,1482,342,,226,89,,1404,455,,303,30,,1556,389,,102,69,,309,116,,,,
2022-09-09,5635,38,1574,10,3.58,3638,888,,135,39,43,,302,,1560,604,,1037,255,305,105,,529,135,127,58,,1147,222,,153,101,,115,135,,187,23,,116,7,,1496,342,,225,94,,1415,458,,303,30,,1566,390,,104,69,,311,116,,,,
2022-09-10,5700,65,1576,2,3.62,3663,888,,136,41,43,,302,,1599,604,,1049,255,311,105,,533,135,128,58,,1163,222,,154,103,,117,135,,190,23,,122,7,,1513,342,,226,94,,1434,460,,312,30,,1582,390,,105,69,,317,116,,,,
2022-09-11,5800,100,1581,5,3.67,3668,891,,136,41,45,,303,,1693,604,,1073,258,334,105,,544,136,139,58,,1194,224,,154,104,,118,135,,195,23,,124,7,,1533,342,,226,94,,1466,463,,319,30,,1617,394,,105,69,,320,116,,,,
2022-09-12,5902,102,1584,3,3.73,3713,894,,136,41,45,,303,,1750,604,,1087,259,338,105,,559,136,151,58,,1214,224,,156,104,,119,135,,199,23,,127,7,,1547,343,,230,94,,1489,463,,326,30,,1646,395,,105,70,,335,116,,,,
2022-09-13,5981,79,1589,5,3.76,3755,898,,136,41,45,,303,,1787,605,,1112,260,353,105,,568,137,155,59,,1232,226,,158,104,,122,136,,200,25,,133,7,,1557,343,,231,94,,1512,466,,333,32,,1680,397,,105,70,,340,117,,"12,660,508.00","6,904,538.00","5,755,970.00"
2022-09-14,6049,68,1593,4,3.80,3769,902,,137,40,44,,303,,1840,607,,1122,264,356,107,,572,135,155,59,,1253,227,,163,105,,126,136,,201,25,,140,7,,1566,343,,231,94,,1542,468,,341,32,,1694,399,,105,70,,348,117,,,,
2022-09-15,6097,48,1595,2,3.82,3788,905,,140,40,44,,303,,1866,606,,1130,263,361,106,,583,136,159,59,,1264,228,,164,105,,127,136,,203,25,,142,7,,1571,343,,231,94,,1555,469,,345,32,,1713,399,,105,70,,351,117,,,,
2022-09-16,6097,0,1595,0,3.82,3788,905,,140,40,44,,303,,1866,606,,1128,263,361,106,,583,136,159,59,,1264,228,,164,105,,127,136,,203,25,,142,7,,1572,343,,231,94,,1555,469,,345,32,,1711,399,,105,70,,351,117,,,,
2022-09-17,6168,71,1602,7,3.85,3826,912,,141,40,44,,303,,1898,606,,1135,263,365,106,,594,137,167,59,,1273,232,,165,107,,127,136,,204,25,,142,7,,1607,343,,232,94,,1565,475,,346,32,,1729,400,,105,70,,355,117,,,,
2022-09-18,6193,25,1606,4,3.86,3836,916,,142,40,44,,303,,1912,606,,1147,265,375,106,,597,137,169,59,,1277,232,,165,107,,127,136,,204,25,,140,7,,1611,344,,232,94,,1569,475,,344,32,,1744,402,,105,70,,358,118,,,,
2022-09-19,6202,9,1611,5,3.85,3845,919,,143,41,44,,303,,1911,607,,1156,266,381,107,,600,137,170,59,,1280,233,,162,107,,127,136,,204,25,,140,7,,1611,344,,233,95,,1569,476,,344,32,,1756,403,,105,70,,356,119,,,,
2022-09-20,6201,-1,1611,0,3.85,3844,919,,143,41,44,,303,,1911,607,,1157,266,382,107,,600,137,170,59,,1280,233,,162,107,,127,136,,204,25,,140,7,,1611,344,,233,95,,1569,476,,344,32,,1757,403,,105,70,,357,119,,"13,081,621.00","6,993,605.00","6,088,016.00"
2022-09-21,6309,108,1631,20,3.87,3893,930,,144,41,51,,304,,1968,609,,1176,267,386,108,,603,138,170,59,,1291,244,,164,107,,129,137,,205,25,,154,7,,1654,344,,233,96,,1584,488,,359,32,,1779,405,,105,70,,363,119,,,,
2022-09-22,6339,30,1631,0,3.89,3901,930,,144,41,51,,304,,1990,609,,1183,267,389,108,,606,138,173,59,,1304,244,,164,107,,129,137,,206,25,,155,7,,1658,344,,234,96,,1597,488,,361,32,,1789,405,,105,70,,364,119,,,,
2022-09-23,6371,32,1632,1,3.90,3915,931,,145,41,51,,305,,2006,609,,1186,267,389,108,,610,138,177,59,,1308,245,,165,107,,129,137,,207,25,,156,7,,1670,344,,237,96,,1602,489,,363,32,,1796,405,,105,70,,367,119,,,,
2022-09-24,6391,20,1632,0,3.92,3926,931,,146,41,51,,305,,2014,609,,1188,267,391,108,,614,138,178,59,,1314,245,,166,107,,129,137,,208,25,,156,7,,1675,344,,239,96,,1609,489,,364,32,,1802,405,,107,70,,366,119,,,,
2022-09-25,6397,6,1633,1,3.92,3928,932,,146,41,51,,307,,2016,609,,1192,267,392,108,,614,138,178,59,,1315,245,,166,107,,129,137,,208,25,,156,7,,1675,344,,239,97,,1610,489,,364,32,,1806,405,,107,70,,367,119,,,,
2022-09-26,6396,-1,1655,22,3.86,3926,944,,154,44,53,,306,,2010,614,,1180,270,386,109,,619,141,179,59,,1321,254,,163,110,,129,138,,209,25,,153,7,,1676,346,,239,97,,1613,502,,362,32,,1799,411,,107,70,,367,119,,,,
2022-09-27,6428,32,1659,4,3.87,3951,947,,151,45,53,,306,,2020,614,,1187,270,391,109,,621,141,181,59,,1324,255,,163,113,,130,138,,211,25,,154,7,,1686,346,,239,97,,1617,506,,365,32,,1808,411,,109,70,,372,119,,"13,379,780.00","7,123,222.00","6,256,558.00"
2022-09-28,6468,40,1664,5,3.89,3971,952,,155,45,53,,305,,2037,614,,1190,270,395,109,,625,141,183,59,,1336,257,,164,113,,131,138,,212,25,,156,7,,1698,348,,240,97,,1631,508,,368,32,,1815,411,,109,70,,373,120,,,,
2022-09-29,6526,58,1669,5,3.91,4008,957,,157,45,53,,303,,2058,614,,1211,271,399,109,,585,141,185,59,,1345,257,,204,114,,132,138,,214,25,,157,7,,1712,350,,241,98,,1681,509,,371,32,,1796,412,,109,70,,377,120,,,,
2022-09-30,6567,41,1672,3,3.93,4026,960,,157,45,53,,303,,2081,614,,1224,274,409,109,,589,141,189,59,,1355,258,,204,114,,137,138,,216,25,,161,7,,1715,350,,241,97,,1696,510,,377,32,,1813,415,,109,70,,380,120,,,,
2022-10-01,6608,41,1674,2,3.95,4044,961,,158,46,53,,303,,2103,614,,1232,274,411,109,,589,142,188,59,,1366,258,,204,114,,139,138,,217,25,,162,7,,1726,350,,243,98,,1709,510,,379,32,,1821,416,,109,70,,380,121,,,,
2022-10-02,6647,39,1674,0,3.97,4064,961,,158,46,53,,303,,2122,614,,1241,274,417,109,,594,142,190,59,,1377,258,,205,114,,141,138,,219,25,,163,7,,1731,350,,245,98,,1723,510,,382,32,,1835,416,,109,70,,381,121,,,,
2022-10-03,6681,34,1689,15,3.96,4078,972,,159,46,57,,304,,2140,614,,1248,277,420,109,,598,142,192,59,,1380,259,,208,119,,141,140,,220,25,,163,7,,1742,350,,247,100,,1729,518,,383,32,,1846,419,,109,70,,382,121,,,,
2022-10-04,6723,42,1696,7,3.96,4094,977,,159,48,57,,306,,2164,614,,1262,278,430,109,,602,143,195,59,,1387,259,,212,119,,142,141,,220,25,,164,7,,1750,352,,248,101,,1741,519,,384,32,,1864,421,,109,70,,382,121,,"13,736,198.00","7,267,503.00","6,468,695.00"
2022-10-05,6771,48,1702,6,3.98,4114,981,,158,49,57,,308,,2191,615,,1280,279,442,109,,604,143,196,59,,1400,259,,214,120,,142,143,,221,25,,164,7,,1755,354,,248,101,,1756,522,,385,32,,1884,422,,109,70,,384,121,,,,
2022-10-06,6812,41,1703,1,4.00,4136,982,,158,49,57,,308,,2210,615,,1292,279,449,109,,608,143,197,59,,1406,259,,215,121,,143,143,,221,25,,164,7,,1761,354,,248,101,,1764,523,,385,32,,1900,422,,109,70,,389,121,,,,
2022-10-07,6849,37,1714,11,4.00,4148,989,,158,51,57,,308,,2235,617,,1298,281,453,110,,617,143,202,59,,1415,260,,215,125,,143,145,,222,25,,164,7,,1768,354,,249,101,,1773,530,,386,32,,1915,424,,109,70,,391,123,,,,
2022-10-08,6883,34,1748,34,3.94,4163,1003,,160,57,69,,307,,2253,619,,1300,289,457,110,,620,147,204,59,,1429,267,,218,126,,143,152,,222,24,,164,7,,1773,354,,250,101,,1790,545,,386,31,,1920,436,,110,71,,394,123,,,,
2022-10-09,6941,58,1783,35,3.89,4193,1034,,161,58,71,,307,,2280,620,,1312,292,463,110,,630,154,212,59,,1443,275,,220,131,,143,153,,223,24,,164,7,,1783,358,,252,101,,1806,559,,387,31,,1942,446,,111,71,,398,123,,,,
2022-10-10,6937,-4,1777,-6,3.90,4190,1030,,161,58,69,,307,,2279,620,,1311,290,462,110,,630,151,212,59,,1442,275,,220,131,,143,152,,223,24,,164,7,,1781,358,,252,101,,1805,558,,387,31,,1941,441,,111,71,,398,123,,,,
2022-10-11,6992,55,1796,19,3.89,4225,1050,,163,59,62,,306,,2298,625,,1324,292,465,110,,633,152,214,59,,1452,275,,225,133,,145,160,,223,25,,165,7,,1796,361,,253,102,,1822,568,,388,32,,1957,444,,111,72,,404,126,,"14,031,127.00","7,315,750.00","6,715,377.00"
2022-10-12,7022,30,1806,10,3.89,4240,1057,,164,61,62,,306,,2312,626,,1329,294,468,110,,634,152,215,59,,1459,278,,227,135,,145,160,,223,25,,165,7,,1802,361,,253,103,,1831,573,,388,32,,1963,446,,112,73,,407,127,,,,
2022-10-13,7018,-4,1805,-1,3.89,4240,1056,,161,61,62,,306,,2311,626,,1329,295,468,110,,634,152,215,59,,1459,278,,226,135,,145,160,,223,25,,165,7,,1802,361,,253,103,,1830,573,,388,32,,1963,447,,112,73,,407,127,,,,
2022-10-14,7085,67,1814,9,3.91,4282,1063,,162,61,62,,306,,2335,628,,1337,295,471,110,,643,152,219,59,,1466,280,,229,137,,150,162,,223,25,,168,7,,1810,362,,253,105,,1845,579,,391,32,,1980,447,,112,73,,413,127,,,,
2022-10-15,7108,23,1825,11,3.89,4295,1072,,162,61,63,,307,,2344,629,,1342,297,473,110,,646,152,218,59,,1474,284,,230,138,,151,163,,223,25,,169,7,,1813,363,,253,105,,1855,585,,392,32,,1988,449,,112,75,,414,127,,,,
2022-10-16,7117,9,1859,34,3.83,4299,1084,,162,63,63,,309,,2347,649,,1347,302,474,113,,647,155,219,59,,1475,287,,230,140,,152,163,,223,25,,169,7,,1815,366,,253,106,,1857,590,,392,32,,1994,457,,112,77,,414,134,,,,
2022-10-17,7396,279,1997,138,3.70,4531,1138,,164,63,62,,305,,2396,734,,1393,316,482,120,,675,167,224,69,,1570,313,,240,162,,157,191,,231,29,,177,7,,1882,378,,254,106,,1967,666,,408,36,,2068,483,,114,81,,428,149,,,,
2022-10-18,7421,25,2014,17,3.68,4547,1142,,165,66,62,,305,,2404,744,,1400,316,486,120,,676,168,224,69,,1576,313,,241,170,,157,195,,232,30,,177,7,,1886,379,,254,106,,1974,678,,409,37,,2076,484,,114,83,,434,149,,"14,325,424.00","7,383,572.00","6,941,852.00"
2022-10-19,7428,7,2026,12,3.67,4546,1151,,164,66,62,,306,,2412,747,,1393,319,484,121,,676,170,224,69,,1578,318,,243,172,,158,197,,232,30,,178,7,,1889,380,,256,106,,1979,687,,410,37,,2069,489,,114,83,,438,149,,,,
2022-10-20,7452,24,2041,15,3.65,4564,1157,,164,69,62,,307,,2417,753,,1398,323,485,123,,680,174,224,72,,1582,320,,244,172,,160,197,,234,31,,178,7,,1891,381,,257,106,,1986,689,,412,38,,2078,497,,114,86,,440,149,,,,
2022-10-21,7463,11,2054,13,3.63,4569,1167,,166,69,62,,307,,2421,756,,1399,327,485,125,,680,175,224,72,,1587,325,,244,172,,160,197,,234,31,,178,7,,1893,381,,257,106,,1991,694,,412,38,,2079,502,,114,86,,441,149,,,,
2022-10-22,7474,11,2070,16,3.61,4577,1178,,166,69,62,,307,,2424,761,,1401,333,486,128,,680,180,224,73,,1594,327,,244,177,,160,197,,235,31,,179,7,,1894,381,,257,106,,1998,701,,414,38,,2081,513,,114,87,,443,149,,,,
2022-10-23,7498,24,2073,3,3.62,4594,1180,,166,69,62,,307,,2431,762,,1407,333,490,128,,681,179,224,73,,1602,330,,245,177,,159,199,,235,31,,181,7,,1898,381,,258,106,,2006,706,,416,38,,2088,512,,114,87,,443,149,,,,
2022-10-24,7531,33,2075,2,3.63,4617,1184,,166,67,62,,308,,2440,762,,1415,335,490,128,,682,179,225,73,,1610,331,,246,176,,161,198,,235,31,,183,7,,1902,381,,258,106,,2017,705,,418,38,,2097,514,,114,87,,445,149,,,,
2022-10-25,7559,28,2086,11,3.62,4635,1191,,167,68,63,,308,,2449,764,,1420,334,492,128,,682,179,225,73,,1613,333,,249,176,,164,200,,237,31,,184,7,,1910,383,,258,112,,2026,709,,421,38,,2102,513,,114,87,,446,149,,"14,591,581.00","7,447,364.00","7,144,217.00"
2022-10-26,7595,36,2105,19,3.61,4657,1203,,168,73,63,,308,,2462,766,,1426,337,495,128,,686,181,228,74,,1618,336,,252,179,,165,201,,237,31,,185,7,,1926,383,,258,119,,2035,716,,422,38,,2112,518,,114,87,,447,149,,,,
2022-10-27,7612,17,2112,7,3.60,4670,1206,,168,74,65,,308,,2466,767,,1429,338,496,128,,687,181,228,74,,1622,336,,252,179,,165,204,,237,31,,185,7,,1931,384,,258,121,,2039,719,,422,38,,2116,519,,114,87,,449,150,,,,
2022-10-28,7579,-33,2116,4,3.58,4650,1209,,169,74,66,,304,,2456,767,,1412,339,488,128,,681,182,226,74,,1613,338,,251,179,,163,204,,237,32,,185,7,,1933,384,,258,121,,2027,721,,422,39,,2093,521,,111,87,,448,150,,,,
2022-10-29,7552,-27,2122,6,3.56,4625,1218,,172,74,64,,297,,2458,766,,1419,338,491,128,,683,182,227,74,,1618,344,,250,179,,163,203,,235,32,,181,7,,1894,384,,258,121,,2031,726,,416,39,,2102,520,,111,88,,453,152,,,,
2022-10-30,7552,0,2122,0,3.56,4625,1218,,172,74,64,,297,,2458,766,,1419,338,491,128,,683,182,227,74,,1618,344,,250,179,,163,203,,235,32,,181,7,,1894,384,,258,121,,2031,726,,416,39,,2102,520,,111,88,,453,152,,,,
2022-10-31,7599,47,2128,6,3.57,4658,1221,,175,74,67,,298,,2468,766,,1429,340,493,128,,685,182,227,74,,1633,345,,250,179,,165,204,,235,32,,183,7,,1903,384,,261,123,,2048,728,,418,39,,2114,522,,111,88,,457,152,,,,
2022-11-01,7556,-43,2129,1,3.55,4625,1222,,177,74,67,,292,,2462,766,,1417,340,491,128,,682,182,228,74,,1618,345,,251,179,,161,204,,237,32,,184,7,,1893,384,,261,123,,2030,728,,421,39,,2099,522,,109,88,,454,152,,"14,853,082.00","7,493,866.00","7,359,216.00"
2022-11-02,7583,27,2153,24,3.52,4649,1241,,176,75,67,,293,,2465,770,,1420,341,492,128,,683,185,228,74,,1626,346,,252,180,,161,208,,237,32,,184,7,,1903,386,,263,125,,2039,734,,421,39,,2103,526,,111,95,,454,154,,,,
2022-11-03,7583,0,2153,0,3.52,4649,1241,,176,75,67,,293,,2465,770,,1420,341,492,128,,683,185,228,74,,1626,346,,252,180,,161,208,,237,32,,184,7,,1903,386,,263,125,,2039,734,,421,39,,2103,526,,111,95,,454,154,,,,
2022-11-04,7583,0,2163,10,3.51,4649,1248,,176,78,67,,293,,2465,770,,1420,342,492,128,,683,185,228,74,,1626,347,,252,180,,161,208,,237,32,,184,7,,1903,387,,263,125,,2039,735,,421,39,,2103,527,,111,97,,454,158,,,,
2022-11-05,7581,-2,2164,1,3.50,4647,1249,,176,78,67,,293,,2465,770,,1420,342,492,128,,683,185,228,74,,1626,347,,252,180,,161,208,,237,32,,184,7,,1903,387,,261,125,,2039,735,,421,39,,2103,527,,111,97,,454,159,,,,
2022-11-06,7581,0,2184,20,3.47,4647,1269,,176,79,67,,293,,2465,769,,1420,347,492,128,,683,190,228,74,,1626,348,,252,180,,161,208,,237,32,,184,7,,1903,389,,261,125,,2039,736,,421,39,,2103,537,,111,97,,454,165,,,,
2022-11-07,7671,90,2187,3,3.51,4705,1271,,186,80,67,,294,,2486,769,,1445,347,497,128,,684,190,226,74,,1660,348,,254,180,,163,208,,241,32,,187,7,,1915,389,,261,125,,2077,736,,428,39,,2129,537,,114,98,,455,167,,,,
2022-11-08,7687,16,2196,9,3.50,4713,1281,,185,80,67,,294,,2495,768,,1450,345,500,127,,684,190,226,74,,1661,352,,255,181,,163,209,,241,32,,188,7,,1916,390,,264,125,,2079,742,,429,39,,2134,535,,115,98,,456,170,,"15,107,523.00","7,545,399.00","7,562,124.00"
2022-11-09,7717,30,2200,4,3.51,4731,1280,,184,83,67,,296,,2506,770,,1460,348,503,128,,686,190,227,74,,1669,352,,260,181,,163,210,,242,32,,188,7,,1920,390,,268,126,,2092,743,,430,39,,2146,538,,115,98,,459,168,,,,
2022-11-10,7763,46,2206,6,3.52,4756,1284,,187,84,67,,296,,2524,771,,1465,348,504,128,,691,191,229,74,,1682,354,,259,181,,163,213,,242,32,,190,7,,1927,390,,268,127,,2104,748,,432,39,,2156,539,,115,98,,470,168,,,,
2022-11-11,7811,48,2213,7,3.53,4790,1291,,187,84,67,,297,,2537,771,,1476,349,509,128,,694,192,230,74,,1690,356,,263,181,,165,213,,243,32,,190,7,,1944,392,,268,127,,2118,750,,433,39,,2170,541,,116,98,,471,169,,,,
2022-11-12,7858,47,2222,9,3.54,4820,1300,,187,85,67,,298,,2553,770,,1477,350,510,128,,699,193,233,74,,1712,361,,265,181,,165,214,,245,32,,190,7,,1950,392,,268,128,,2142,756,,435,39,,2176,543,,118,98,,478,169,,,,
2022-11-13,7920,62,2258,36,3.51,4867,1333,,187,87,67,,298,,2568,771,,1485,361,515,128,,703,206,234,74,,1723,363,,266,182,,165,217,,245,33,,191,7,,1966,395,,274,128,,2154,762,,436,40,,2188,567,,120,100,,486,171,,,,
2022-11-14,7920,0,2228,-30,3.55,4867,1315,,187,87,63,,298,,2568,763,,1485,359,515,128,,703,204,234,72,,1723,356,,266,180,,165,210,,245,33,,191,7,,1966,394,,274,128,,2154,746,,436,40,,2188,563,,120,98,,486,168,,,,
2022-11-15,7967,47,2240,12,3.56,4892,1323,,191,90,63,,299,,2585,764,,1491,361,518,129,,705,207,236,72,,1732,356,,266,183,,165,210,,245,33,,191,7,,1979,395,,130,111,,2163,749,,436,40,,2196,568,,120,98,,500,169,,"15,354,147.00","7,606,697.00","7,747,450.00"
2022-11-16,7967,0,2237,-3,3.56,4892,1322,,191,90,63,,299,,2585,762,,1491,361,518,129,,705,207,236,72,,1732,356,,266,183,,165,210,,245,33,,191,7,,1979,395,,130,111,,2163,749,,436,40,,2196,568,,120,98,,500,169,,,,
2022-11-17,7991,24,2264,27,3.53,4899,1348,,194,91,63,,300,,2598,762,,1494,371,519,129,,714,210,243,72,,1739,361,,269,185,,165,210,,245,34,,192,7,,1979,396,,130,112,,2173,756,,437,41,,2208,581,,120,101,,505,170,,,,
2022-11-18,8022,31,2286,22,3.51,4913,1371,,198,94,60,,300,,2611,761,,1499,371,521,129,,715,211,243,72,,1745,361,,269,186,,166,210,,245,34,,193,7,,1984,399,,134,112,,2180,757,,438,41,,2214,582,,120,101,,509,171,,,,
2022-11-19,8023,1,2286,0,3.51,4914,1371,,198,94,60,,300,,2611,761,,1500,371,521,129,,715,211,243,72,,1745,361,,269,186,,166,210,,245,34,,193,7,,1984,399,,134,112,,2180,757,,438,41,,2215,582,,120,101,,509,171,,,,
2022-11-20,8044,21,2288,2,3.52,4927,1372,,198,94,60,,300,,2619,762,,1504,370,522,129,,718,211,245,72,,1750,361,,269,186,,166,213,,245,34,,193,7,,1986,399,,134,112,,2185,760,,438,41,,2222,581,,120,101,,513,171,,,,
2022-11-21,8047,3,2292,4,3.51,4929,1375,,198,94,60,,300,,2620,763,,1503,371,521,129,,718,211,245,72,,1756,362,,270,187,,167,214,,245,34,,193,7,,1988,399,,134,112,,2193,763,,438,41,,2221,582,,120,101,,513,171,,,,
2022-11-22,8047,0,2292,0,3.51,4929,1375,,198,94,60,,300,,2620,763,,1503,371,521,129,,718,211,245,72,,1756,362,,270,187,,167,214,,245,34,,193,7,,1988,399,,134,112,,2193,763,,438,41,,2221,582,,120,101,,513,171,,"15,591,979.00","7,653,118.00","7,938,861.00"
2022-11-23,8062,15,2307,15,3.49,4939,1389,,198,94,60,,300,,2625,764,,1505,371,522,129,,721,214,247,72,,1760,364,,271,188,,168,214,,245,33,,194,7,,1992,402,,134,115,,2199,766,,439,40,,2226,585,,120,101,,512,171,,,,
2022-11-24,8062,0,2305,-2,3.50,4939,1387,,198,94,60,,300,,2625,764,,1505,371,522,129,,721,214,247,72,,1760,362,,271,188,,168,214,,245,33,,194,7,,1992,402,,134,115,,2199,764,,439,40,,2226,585,,120,101,,512,171,,,,
2022-11-25,8085,23,2326,21,3.48,4955,1403,,198,95,64,,300,,2632,764,,1513,372,524,129,,721,218,247,72,,1764,369,,272,189,,168,214,,246,34,,194,7,,1995,408,,134,116,,2204,772,,440,41,,2234,590,,120,101,,514,172,,,,
2022-11-26,8114,29,2331,5,3.48,4980,1407,,198,96,64,,301,,2635,764,,1517,373,526,129,,722,218,247,72,,1766,369,,272,189,,169,214,,247,34,,195,7,,2007,409,,134,116,,2207,772,,442,41,,2239,591,,120,101,,517,175,,,,
2022-11-27,8137,23,2353,22,3.46,5000,1428,,199,96,64,,302,,2636,765,,1520,375,525,129,,724,218,247,72,,1776,369,,274,190,,169,214,,247,34,,195,7,,2011,427,,134,117,,2219,773,,442,41,,2244,593,,120,102,,518,175,,,,
2022-11-28,8137,0,2353,0,3.46,5000,1428,,199,96,64,,302,,2636,765,,1520,375,525,129,,724,218,247,72,,1776,369,,274,190,,169,214,,247,34,,195,7,,2011,427,,134,117,,2219,773,,442,41,,2244,593,,120,102,,518,175,,,,
2022-11-29,8176,39,2355,2,3.47,5033,1428,,199,96,64,,301,,2643,767,,1523,375,526,130,,728,218,247,72,,1789,366,,274,192,,170,214,,247,34,,198,7,,2021,431,,134,117,,2233,772,,445,41,,2251,593,,120,102,,520,174,,"15,835,332.00","7,709,557.00","8,125,775.00"
2022-11-30,8176,0,2355,0,3.47,5033,1428,,199,96,64,,301,,2643,767,,1523,375,526,130,,728,218,247,72,,1789,366,,274,192,,170,214,,247,34,,198,7,,2021,431,,134,117,,2233,772,,445,41,,2251,593,,120,102,,520,174,,,,
2022-12-01,8200,24,2363,8,3.47,5047,1435,,199,96,64,,301,,2653,768,,1530,377,530,130,,729,219,247,72,,1793,367,,274,192,,170,216,,247,34,,199,7,,2029,432,,134,117,,2237,775,,446,41,,2259,596,,120,102,,522,175,,,,
2022-12-02,8200,0,2363,0,3.47,5047,1435,,199,96,64,,301,,2653,768,,1530,377,530,130,,729,219,247,72,,1793,367,,274,192,,170,216,,247,34,,199,7,,2029,432,,134,117,,2237,775,,446,41,,2259,596,,120,102,,522,175,,,,
2022-12-03,8248,48,2372,9,3.48,5079,1441,,199,97,64,,302,,2668,770,,1538,378,535,130,,733,219,247,72,,1802,369,,274,194,,169,216,,247,34,,201,7,,2039,432,,134,118,,2245,779,,448,41,,2271,597,,121,102,,524,178,,,,
2022-12-04,8248,0,2558,186,3.22,5079,1581,,199,105,64,,302,,2668,808,,1538,436,535,143,,733,232,247,73,,1802,408,,274,202,,169,239,,247,34,,201,7,,2039,460,,134,119,,2245,849,,448,41,,2271,668,,121,108,,524,190,,,,
2022-12-05,8272,24,2557,-1,3.24,5102,1580,,201,105,64,,302,,2667,808,,1541,435,536,143,,735,232,248,73,,1814,408,,274,203,,170,239,,249,34,,203,7,,2047,460,,138,119,,2258,850,,452,41,,2276,667,,121,110,,524,190,,,,
2022-12-06,8272,0,2557,0,3.24,5102,1580,,201,105,64,,302,,2667,808,,1541,435,536,143,,735,232,248,73,,1814,408,,274,203,,170,239,,249,34,,203,7,,2047,460,,138,119,,2258,850,,452,41,,2276,667,,121,110,,524,190,,"16,087,565.00","7,777,847.00","8,309,718.00"
2022-12-07,8295,23,2563,6,3.24,5119,1584,,202,107,64,,301,,2673,808,,1545,435,536,143,,735,232,248,72,,1821,409,,275,203,,172,240,,249,34,,204,7,,2051,462,,138,119,,2268,852,,453,41,,2280,667,,121,110,,527,191,,,,
2022-12-08,8376,81,2563,0,3.27,5187,1584,,202,107,64,,301,,2686,808,,1551,435,537,143,,739,232,249,72,,1832,409,,275,203,,175,240,,252,34,,205,7,,2102,462,,138,119,,2282,852,,457,41,,2290,667,,121,110,,529,191,,,,
2022-12-09,8376,0,2563,0,3.27,5187,1584,,202,107,64,,301,,2686,808,,1551,435,537,143,,739,232,249,72,,1832,409,,275,203,,175,240,,252,34,,205,7,,2102,462,,138,119,,2282,852,,457,41,,2290,667,,121,110,,529,191,,,,
2022-12-10,8398,22,2586,23,3.25,5216,1604,,205,109,65,,303,,2674,808,,1566,438,534,143,,739,234,248,72,,1837,415,,278,205,,175,244,,252,34,,206,7,,2114,462,,139,121,,2290,864,,458,41,,2305,672,,120,111,,535,191,,,,
2022-12-11,8398,0,2586,0,3.25,5216,1604,,205,109,65,,303,,2674,808,,1566,438,534,143,,739,234,248,72,,1837,415,,278,205,,175,244,,252,34,,206,7,,2114,462,,139,121,,2290,864,,458,41,,2305,672,,120,111,,535,191,,"16,331,091.00","7,835,246.00","8,495,845.00"
2022-12-12,8424,26,2598,12,3.24,5236,1614,,206,109,66,,302,,2680,809,,1570,435,534,143,,737,234,248,72,,1852,417,,279,207,,175,246,,252,34,,207,7,,2114,465,,139,123,,2306,870,,459,41,,2307,669,,121,110,,540,191,,,,
2022-12-13,8424,0,2598,0,3.24,5236,1614,,206,109,66,,302,,2680,809,,1570,435,534,143,,737,234,248,72,,1852,417,,279,207,,175,246,,252,34,,207,7,,2114,465,,139,123,,2306,870,,459,41,,2307,669,,121,110,,540,191,,,,
2022-12-14,8463,39,2604,6,3.25,5263,1619,,209,109,66,,304,,2687,810,,1579,435,534,143,,740,235,250,72,,1861,418,,280,207,,177,246,,255,34,,208,8,,2126,467,,139,124,,2318,871,,463,42,,2319,670,,122,110,,540,191,,,,
2022-12-15,8463,0,2604,0,3.25,5263,1619,,209,109,66,,304,,2687,810,,1579,435,534,143,,740,235,250,72,,1861,418,,280,207,,177,246,,255,34,,208,8,,2126,467,,139,124,,2318,871,,463,42,,2319,670,,122,110,,540,191,,,,
2022-12-16,8480,17,2613,9,3.25,5277,1627,,210,109,67,,304,,2689,810,,1579,436,534,143,,742,236,250,72,,1864,419,,280,207,,177,246,,254,34,,208,8,,2138,468,,139,125,,2321,872,,462,42,,2321,672,,122,113,,540,191,,,,
2022-12-17,8480,0,2613,0,3.25,5277,1627,,210,109,67,,304,,2689,810,,1579,436,534,143,,742,236,250,72,,1864,419,,280,207,,177,246,,254,34,,208,8,,2138,468,,139,125,,2321,872,,462,42,,2321,672,,122,113,,540,191,,,,
2022-12-18,8480,0,2613,0,3.25,5277,1627,,210,109,67,,304,,2689,810,,1579,436,534,143,,742,236,250,72,,1864,419,,280,207,,177,246,,254,34,,208,8,,2138,468,,139,125,,2321,872,,462,42,,2321,672,,122,113,,540,191,,,,
2022-12-19,8480,0,2613,0,3.25,5277,1627,,210,109,67,,304,,2689,810,,1579,436,534,143,,742,236,250,72,,1864,419,,280,207,,177,246,,254,34,,208,8,,2138,468,,139,125,,2321,872,,462,42,,2321,672,,122,113,,540,191,,,,
2022-12-20,8515,35,2623,10,3.25,5307,1632,,210,110,67,,304,,2694,814,,1585,436,534,143,,744,236,252,72,,1871,420,,280,207,,177,247,,258,36,,210,8,,2146,471,,139,126,,2328,874,,468,44,,2329,672,,123,114,,542,192,,"16,595,007.00","7,883,605.00","8,711,402.00"
2022-12-21,8521,6,2627,4,3.24,5312,1636,,210,110,67,,304,,2695,814,,1585,436,534,143,,745,236,253,72,,1871,420,,280,207,,177,247,,258,36,,211,8,,2147,471,,140,126,,2328,874,,469,44,,2330,672,,129,116,,543,194,,,,
2022-12-22,8533,12,2637,10,3.24,5323,1644,,210,110,67,,304,,2696,816,,1589,436,534,143,,745,237,253,72,,1874,425,,280,208,,178,249,,258,36,,211,8,,2149,471,,140,126,,2332,882,,469,44,,2334,673,,129,116,,543,194,,,,
2022-12-23,8536,3,2641,4,3.23,5324,1648,,210,110,67,,304,,2698,816,,1590,436,535,143,,745,237,253,72,,1874,425,,280,209,,178,249,,258,36,,211,8,,2151,471,,140,126,,2332,883,,469,44,,2335,673,,129,117,,543,194,,,,
2022-12-24,8536,0,2641,0,3.23,5324,1648,,210,110,67,,304,,2698,816,,1590,436,535,143,,745,237,253,72,,1874,425,,280,209,,178,249,,258,36,,211,8,,2151,471,,140,126,,2332,883,,469,44,,2335,673,,129,117,,543,194,,,,
2022-12-25,8471,-65,2646,5,3.20,5288,1652,,209,111,67,,304,,2670,816,,1577,438,527,143,,735,237,251,72,,1861,427,,280,209,,175,249,,259,36,,212,8,,2145,471,,141,126,,2316,885,,471,44,,2312,675,,126,117,,539,195,,,,
2022-12-26,8471,0,2646,0,3.20,5288,1652,,209,111,67,,304,,2670,816,,1577,438,527,143,,735,237,251,72,,1861,427,,280,209,,175,249,,259,36,,212,8,,2145,471,,141,126,,2316,885,,471,44,,2312,675,,126,117,,539,195,,,,
2022-12-27,8497,26,2651,5,3.21,5306,1657,,214,111,67,,304,,2673,816,,1584,438,528,143,,738,237,252,72,,1861,428,,280,209,,175,250,,259,36,,212,8,,2146,472,,141,126,,2316,887,,471,44,,2322,675,,126,117,,539,197,,"16,867,334.00","7,914,848.00","8,952,486.00"
2022-12-28,8497,0,2651,0,3.21,5306,1657,,214,111,67,,304,,2673,816,,1584,438,528,143,,738,237,252,72,,1861,428,,280,209,,175,250,,259,36,,212,8,,2146,472,,141,126,,2316,887,,471,44,,2322,675,,126,117,,539,197,,,,
2022-12-29,8529,32,2661,10,3.21,5327,1666,,216,112,67,,306,,2680,816,,1593,438,529,143,,742,241,254,72,,1869,429,,280,212,,176,250,,260,36,,214,8,,2149,473,,141,126,,2325,891,,474,44,,2335,679,,126,117,,541,197,,,,
2022-12-30,8529,0,2661,0,3.21,5327,1666,,216,112,67,,306,,2680,816,,1593,438,529,143,,742,241,254,72,,1869,429,,280,212,,176,250,,260,36,,214,8,,2149,473,,141,126,,2325,891,,474,44,,2335,679,,126,117,,541,197,,,,
2022-12-31,8560,31,2677,16,3.20,5352,1678,,218,112,68,,303,,2687,819,,1600,439,531,144,,743,242,255,73,,1872,435,,283,212,,176,250,,261,36,,217,8,,2156,478,,141,126,,2331,897,,478,44,,2343,681,,127,119,,543,198,,,,
2023-01-01,8560,0,2677,0,3.20,5352,1678,,218,112,68,,303,,2687,819,,1600,439,531,144,,743,242,255,73,,1872,435,,283,212,,176,250,,261,36,,217,8,,2156,478,,141,126,,2331,897,,478,44,,2343,681,,127,119,,543,198,,,,
2023-01-02,8560,0,2677,0,3.20,5352,1678,,218,112,68,,303,,2687,819,,1600,439,531,144,,743,242,255,73,,1872,435,,283,212,,176,250,,261,36,,217,8,,2156,478,,141,126,,2331,897,,478,44,,2343,681,,127,119,,543,198,,,,
2023-01-03,8590,30,2699,22,3.18,5375,1697,,218,114,68,,302,,2695,820,,1603,441,533,144,,750,248,255,73,,1879,441,,283,214,,176,254,,261,36,,217,8,,2163,478,,141,126,,2338,909,,478,44,,2353,689,,127,119,,546,199,,"17,139,782.00","7,959,103.00","9,180,679.00"
2023-01-04,8590,0,2699,0,3.18,5375,1697,,218,114,68,,302,,2695,820,,1603,441,533,144,,750,248,255,73,,1879,441,,283,214,,176,254,,261,36,,217,8,,2163,478,,141,126,,2338,909,,478,44,,2353,689,,127,119,,546,199,,,,
2023-01-05,8620,30,2705,6,3.19,5395,1694,,218,116,67,,303,,2704,828,,1607,441,533,144,,751,248,255,73,,1889,443,,283,214,,176,255,,262,37,,217,8,,2173,478,,142,128,,2348,912,,479,45,,2358,689,,128,119,,546,199,,,,
2023-01-06,8620,0,2705,0,3.19,5395,1694,,218,116,67,,303,,2704,828,,1607,441,533,144,,751,248,255,73,,1889,443,,283,214,,176,255,,262,37,,217,8,,2173,478,,142,128,,2348,912,,479,45,,2358,689,,128,119,,546,199,,,,
2023-01-07,8634,14,2710,5,3.19,5408,1696,,219,119,67,,298,,2709,828,,1610,441,533,144,,751,249,255,73,,1895,442,,284,215,,176,255,,262,37,,217,8,,2176,479,,142,129,,2355,912,,479,45,,2361,690,,128,119,,547,200,,,,
2023-01-08,8634,0,2710,0,3.19,5408,1696,,219,119,67,,298,,2709,828,,1610,441,533,144,,751,249,255,73,,1895,442,,284,215,,176,255,,262,37,,217,8,,2176,479,,142,129,,2355,912,,479,45,,2361,690,,128,119,,547,200,,,,
2023-01-09,8681,47,2742,32,3.17,5446,1714,,219,123,67,,298,,2718,838,,1615,444,535,144,,752,249,255,73,,1902,445,,287,216,,176,255,,264,37,,220,8,,2191,490,,143,130,,2365,916,,484,45,,2367,693,,130,121,,552,202,,,,
2023-01-10,8679,-2,2742,0,3.17,5444,1714,,219,123,67,,298,,2718,838,,1615,444,535,144,,752,249,255,73,,1901,447,,286,217,,176,255,,264,37,,220,8,,2191,490,,143,130,,2363,919,,484,45,,2367,693,,130,121,,552,202,,"17,408,643.00","8,031,966.00","9,376,677.00"
2023-01-11,8714,35,2758,16,3.16,5472,1725,,219,127,67,,298,,2725,839,,1621,447,535,144,,753,249,256,73,,1908,448,,288,219,,176,257,,264,39,,221,8,,2206,492,,143,130,,2372,924,,485,47,,2374,696,,130,121,,554,206,,,,
2023-01-12,8714,0,2758,0,3.16,5472,1725,,219,127,67,,298,,2725,839,,1621,447,535,144,,753,249,256,73,,1908,448,,288,219,,176,257,,264,39,,221,8,,2206,492,,143,130,,2372,924,,485,47,,2374,696,,130,121,,554,206,,,,
2023-01-13,8744,30,2770,12,3.16,5496,1735,,220,128,67,,298,,2730,840,,1626,448,537,144,,756,251,256,74,,1912,448,,288,221,,177,260,,265,39,,221,8,,2216,495,,143,130,,2377,929,,486,47,,2382,699,,130,121,,557,207,,,,
2023-01-14,8691,-53,2771,1,3.14,5469,1736,,220,128,67,,293,,2709,840,,1614,448,535,144,,751,252,255,74,,1902,448,,287,221,,172,260,,265,39,,220,8,,2201,495,,143,130,,2361,929,,485,47,,2365,700,,130,121,,555,207,,,,
2023-01-15,8708,17,2809,38,3.10,5482,1772,,221,129,68,,293,,2712,840,,1614,449,535,144,,754,255,256,74,,1910,449,,289,221,,173,261,,265,39,,220,8,,2203,495,,143,130,,2372,931,,485,47,,2368,704,,130,142,,556,215,,,,
2023-01-16,8708,0,2802,-7,3.11,5482,1765,,221,129,68,,293,,2712,840,,1614,449,535,144,,754,255,256,74,,1910,449,,289,221,,173,261,,265,39,,220,8,,2203,495,,143,130,,2372,931,,485,47,,2368,704,,130,135,,556,215,,,,
2023-01-17,8736,28,2809,7,3.11,5506,1771,,222,128,68,,293,,2715,842,,1619,449,536,144,,754,254,256,74,,1925,451,,289,223,,173,263,,266,39,,220,8,,2208,497,,143,130,,2387,937,,486,47,,2373,703,,130,135,,557,215,,"17,688,845.00","8,103,145.00","9,585,700.00"
2023-01-18,8736,0,2809,0,3.11,5506,1771,,222,128,68,,293,,2715,842,,1619,449,536,144,,754,254,256,74,,1925,451,,289,223,,173,263,,266,39,,220,8,,2208,497,,143,130,,2387,937,,486,47,,2373,703,,130,135,,557,215,,,,
2023-01-19,8785,49,2835,26,3.10,5538,1793,,225,129,68,,292,,2730,845,,1630,450,538,144,,757,255,257,74,,1933,456,,291,224,,174,266,,266,40,,220,8,,2218,505,,143,133,,2398,946,,486,48,,2387,705,,132,138,,561,216,,,,
2023-01-20,8785,0,2835,0,3.10,5538,1793,,225,129,68,,292,,2730,845,,1630,450,538,144,,757,255,257,74,,1933,456,,291,224,,174,266,,266,40,,220,8,,2218,505,,143,133,,2398,946,,486,48,,2387,705,,132,138,,561,216,,,,
2023-01-21,8818,33,2844,9,3.10,5560,1797,,226,129,69,,292,,2740,849,,1634,450,540,144,,759,256,257,74,,1941,458,,291,224,,174,267,,266,40,,222,8,,2228,504,,143,139,,2406,949,,488,48,,2393,706,,132,138,,564,216,,,,
2023-01-22,8818,0,2844,0,3.10,5560,1797,,226,129,69,,292,,2740,849,,1634,450,540,144,,759,256,257,74,,1941,458,,291,224,,174,267,,266,40,,222,8,,2228,504,,144,139,,2406,949,,488,48,,2393,706,,132,138,,564,216,,,,
2023-01-23,8851,33,2845,1,3.11,5575,1796,,232,129,69,,297,,2747,851,,1642,449,543,144,,759,256,255,74,,1958,459,,291,224,,175,268,,266,40,,224,8,,2233,504,,144,139,,2424,951,,490,48,,2401,705,,131,138,,566,216,,,,
2023-01-24,8851,0,2845,0,3.11,5575,1796,,232,129,69,,297,,2747,851,,1642,449,543,144,,759,256,255,74,,1958,459,,291,224,,175,268,,266,40,,224,8,,2233,504,,144,139,,2424,951,,490,48,,2401,705,,131,138,,566,216,,"17,923,566.00","8,153,325.00","9,770,241.00"
2023-01-25,8887,36,2852,7,3.12,5605,1801,,233,130,70,,299,,2750,851,,1646,449,545,144,,764,257,256,74,,1968,461,,292,224,,176,269,,267,40,,225,8,,2236,504,,144,139,,2436,954,,492,48,,2410,706,,133,138,,571,218,,,,
2023-01-26,8887,0,2852,0,3.12,5605,1801,,233,130,70,,299,,2750,851,,1646,449,545,144,,764,257,256,74,,1968,461,,292,224,,176,269,,267,40,,225,8,,2236,504,,144,139,,2436,954,,492,48,,2410,706,,133,138,,571,218,,,,
2023-01-27,8891,4,2866,14,3.10,5604,1813,,238,132,71,,300,,2749,850,,1650,450,544,143,,763,257,256,74,,1980,464,,292,225,,175,270,,267,40,,225,8,,2237,505,,144,139,,2447,959,,492,48,,2413,707,,133,140,,573,222,,,,
2023-01-28,8891,0,2866,0,3.10,5604,1813,,238,132,71,,300,,2749,850,,1650,450,544,143,,763,257,256,74,,1980,464,,292,225,,175,270,,267,40,,225,8,,2237,505,,144,139,,2447,959,,492,48,,2413,707,,133,140,,573,222,,,,
2023-01-29,8953,62,2886,20,3.10,5654,1822,,239,134,71,,305,,2755,859,,1661,453,546,144,,767,258,256,75,,1987,471,,294,225,,175,272,,268,42,,225,8,,2245,506,,144,140,,2456,968,,493,50,,2428,711,,133,140,,580,226,,,,
2023-01-30,8953,0,2885,-1,3.10,5654,1821,,239,134,71,,305,,2755,859,,1661,453,546,144,,767,258,256,75,,1987,470,,294,225,,175,272,,268,42,,225,8,,2245,506,,144,140,,2456,967,,493,50,,2428,711,,133,140,,580,226,,,,
2023-01-31,8953,0,2885,0,3.10,5654,1821,,239,134,71,,305,,2755,859,,1664,453,546,144,,767,258,256,75,,1991,470,,295,225,,175,272,,268,42,,225,8,,2245,506,,144,140,,2461,967,,493,50,,2431,711,,133,140,,580,227,,"18,159,214.00","8,207,472.00","9,951,742.00"
2023-02-01,9001,48,2885,0,3.12,5694,1821,,242,134,71,,306,,2759,859,,1671,453,545,144,,771,258,257,75,,1998,470,,295,225,,176,272,,268,42,,225,8,,2256,506,,144,140,,2469,967,,493,50,,2442,711,,134,140,,583,227,,,,
2023-02-02,9001,0,2885,0,3.12,5694,1821,,242,134,71,,306,,2759,859,,1671,453,545,144,,771,258,257,75,,1998,470,,295,225,,176,273,,268,42,,225,8,,2256,506,,144,140,,2469,968,,493,50,,2442,711,,134,140,,583,227,,,,
2023-02-03,9019,18,2916,31,3.09,5708,1836,,243,137,74,,307,,2761,869,,1673,461,546,144,,772,260,258,75,,2003,473,,295,227,,176,273,,268,42,,225,8,,2259,511,,144,145,,2474,973,,493,50,,2445,721,,135,140,,587,229,,,,
2023-02-04,9019,0,2915,-1,3.09,5708,1835,,243,137,74,,307,,2761,869,,1673,461,546,144,,772,260,258,75,,2003,473,,295,227,,176,273,,268,42,,225,8,,2259,511,,144,144,,2474,973,,493,50,,2445,721,,135,140,,587,229,,,,
2023-02-05,9019,0,2915,0,3.09,5708,1835,,243,137,74,,307,,2761,869,,1673,461,546,144,,772,260,258,75,,2003,473,,295,227,,176,273,,268,42,,225,8,,2259,511,,144,144,,2474,973,,493,50,,2445,721,,135,140,,587,229,,,,
2023-02-06,9034,15,2917,2,3.10,5717,1837,,243,137,74,,310,,2764,869,,1678,461,546,144,,772,260,258,75,,2006,475,,295,227,,176,273,,268,42,,225,8,,2259,511,,144,144,,2477,975,,493,50,,2450,721,,135,140,,591,229,,,,
2023-02-07,9085,51,2933,16,3.10,5751,1850,,248,135,73,,318,,2768,875,,1688,459,544,142,,775,262,258,76,,2022,476,,295,227,,175,274,,270,42,,230,8,,2263,513,,147,144,,2492,977,,500,50,,2463,721,,138,140,,588,230,,"18,379,904.00","8,253,693.00","10,126,211.00"
2023-02-08,9085,0,2933,0,3.10,5751,1850,,248,135,73,,318,,2768,875,,1688,459,544,142,,775,262,258,76,,2022,476,,295,227,,175,274,,270,42,,230,8,,2263,513,,147,144,,2492,977,,500,50,,2463,721,,138,140,,588,230,,,,
2023-02-09,9153,68,2936,3,3.12,5799,1853,,252,135,73,,334,,2768,875,,1713,457,546,142,,779,262,258,76,,2037,478,,295,227,,176,275,,273,42,,231,8,,2267,513,,149,145,,2508,980,,504,50,,2492,719,,140,141,,596,230,,,,
2023-02-10,9189,36,2940,4,3.13,5810,1857,,251,135,73,,358,,2770,875,,1720,457,546,142,,782,263,258,76,,2053,478,,295,227,,176,275,,273,42,,231,8,,2269,514,,148,146,,2524,980,,504,50,,2502,720,,140,141,,601,231,,,,
2023-02-11,9186,-3,2940,0,3.12,5809,1857,,252,135,73,,355,,2770,875,,1718,457,546,142,,780,263,258,76,,2053,478,,295,227,,176,275,,275,42,,231,8,,2269,514,,148,146,,2524,980,,506,50,,2498,720,,140,141,,600,231,,,,
2023-02-12,9224,38,2964,24,3.11,5840,1868,,253,137,74,,358,,2773,885,,1727,461,547,143,,785,266,259,79,,2063,488,,295,227,,177,278,,275,42,,231,8,,2281,514,,148,146,,2535,993,,506,50,,2512,727,,141,141,,601,234,,,,
2023-02-13,9224,0,2964,0,3.11,5840,1868,,253,137,74,,358,,2773,885,,1727,461,547,143,,785,266,259,79,,2063,488,,295,227,,177,278,,275,42,,231,8,,2281,514,,148,146,,2535,993,,506,50,,2512,727,,141,141,,601,234,,,,
2023-02-14,9255,31,2974,10,3.11,5859,1876,,259,138,74,,364,,2773,886,,1733,461,547,143,,787,267,259,79,,2076,490,,295,227,,177,278,,275,42,,231,8,,2281,514,,149,147,,2548,995,,506,50,,2520,728,,141,141,,606,236,,"18,606,941.00","8,309,940.00","10,297,001.00"
2023-02-15,9255,0,2974,0,3.11,5859,1876,,259,138,74,,364,,2773,886,,1733,461,547,143,,787,267,259,79,,2077,490,,295,227,,177,278,,275,42,,231,8,,2281,514,,149,147,,2549,995,,506,50,,2520,728,,141,141,,606,236,,,,
2023-02-16,9255,0,2974,0,3.11,5859,1876,,259,138,74,,364,,2773,886,,1733,461,547,143,,787,267,259,79,,2077,490,,295,227,,177,278,,275,42,,231,8,,2281,514,,149,147,,2549,995,,506,50,,2520,728,,141,141,,606,236,,,,
2023-02-17,9297,42,2987,13,3.11,5886,1884,,262,142,75,,366,,2783,886,,1748,467,548,143,,786,267,259,79,,2088,491,,296,227,,178,280,,278,42,,231,8,,2286,514,,149,148,,2562,998,,509,50,,2534,734,,141,142,,607,238,,,,
2023-02-18,9297,0,2987,0,3.11,5886,1884,,262,142,75,,366,,2783,886,,1748,467,548,143,,786,267,259,79,,2088,491,,296,227,,178,280,,278,42,,231,8,,2286,514,,149,148,,2562,998,,509,50,,2534,734,,141,142,,607,238,,,,
2023-02-19,9288,-9,2979,-8,3.12,5880,1878,,262,142,75,,365,,2781,884,,1746,467,548,143,,785,266,258,78,,2083,490,,296,227,,178,280,,278,42,,231,8,,2286,514,,149,148,,2557,997,,509,50,,2531,733,,141,142,,607,236,,,,
2023-02-20,9342,54,3001,22,3.11,5924,1895,,266,142,76,,369,,2783,888,,1762,470,548,144,,788,267,260,78,,2096,495,,297,228,,179,281,,281,42,,233,8,,2297,518,,150,154,,2572,1004,,514,50,,2550,737,,141,142,,608,236,,,,
2023-02-21,9342,0,3001,0,3.11,5924,1895,,266,142,76,,369,,2783,888,,1762,470,548,144,,788,267,260,78,,2096,495,,297,228,,179,281,,281,42,,233,8,,2299,518,,150,154,,2572,1004,,514,50,,2550,737,,141,142,,608,236,,"18,843,973.00","8,405,133.00","10,438,840.00"
2023-02-22,9368,26,3001,0,3.12,5942,1904,,268,143,76,,376,,2782,878,,1769,468,549,143,,789,267,260,81,,2108,493,,298,226,,180,288,,281,45,,233,9,,2299,517,,151,155,,2586,1007,,514,54,,2558,735,,141,143,,612,241,,,,
2023-02-23,9393,25,3002,1,3.13,5965,1905,,269,143,76,,374,,2785,878,,1772,468,548,143,,793,266,260,81,,2118,493,,298,226,,180,288,,283,46,,233,9,,2302,517,,152,155,,2596,1007,,516,55,,2565,734,,141,143,,615,241,,,,
2023-02-24,9393,0,3002,0,3.13,5965,1905,,269,143,76,,374,,2785,878,,1770,468,547,143,,793,266,260,81,,2118,493,,298,226,,180,288,,283,46,,233,9,,2302,517,,152,155,,2596,1007,,516,55,,2563,734,,141,143,,615,241,,,,
2023-02-25,9393,0,3002,0,3.13,5965,1905,,269,143,76,,374,,2785,878,,1770,468,547,143,,793,266,260,81,,2118,493,,298,226,,180,288,,282,46,,233,9,,2302,517,,152,155,,2596,1007,,515,55,,2563,734,,141,143,,615,241,,,,
2023-02-26,9395,2,3013,11,3.12,5964,1912,,270,146,76,,375,,2786,879,,1779,470,548,143,,794,268,260,82,,2126,493,,298,227,,181,288,,284,46,,233,9,,2309,518,,152,157,,2605,1008,,517,55,,2573,738,,142,143,,616,243,,,,
2023-02-27,9426,31,3013,0,3.13,5995,1912,,270,146,76,,375,,2786,879,,1779,470,548,143,,794,268,260,82,,2130,493,,298,227,,181,288,,284,46,,233,9,,2309,518,,152,157,,2609,1008,,517,55,,2573,738,,142,143,,616,243,,,,
2023-02-28,9441,15,3021,8,3.13,6007,1919,,270,147,76,,376,,2788,879,,1782,470,548,143,,794,268,260,82,,2135,494,,299,228,,182,289,,285,46,,233,9,,2311,521,,153,158,,2616,1011,,518,55,,2576,738,,142,143,,617,244,,"19,080,271.00","8,445,243.00","10,635,028.00"
2023-03-01,9441,0,3021,0,3.13,6007,1919,,270,147,76,,376,,2788,879,,1782,470,548,143,,794,268,260,82,,2135,494,,299,228,,182,289,,285,46,,233,9,,2311,521,,153,158,,2616,1011,,518,55,,2576,738,,142,143,,617,244,,,,
2023-03-02,9439,-2,3020,-1,3.13,6005,1918,,270,147,76,,376,,2788,879,,1781,470,548,143,,794,268,260,82,,2134,494,,299,228,,182,289,,285,46,,232,9,,2311,520,,153,158,,2615,1011,,517,55,,2575,738,,142,143,,617,244,,,,
2023-03-03,9473,34,3031,11,3.13,6034,1928,,270,148,76,,380,,2789,879,,1790,471,549,143,,797,271,261,82,,2151,495,,299,229,,182,289,,286,46,,232,9,,2311,521,,154,160,,2632,1013,,518,55,,2587,742,,142,143,,618,245,,,,
2023-03-04,9486,13,3030,-1,3.13,6047,1927,,270,148,76,,380,,2789,879,,1790,470,549,143,,797,271,261,82,,2151,495,,299,229,,182,289,,286,46,,232,9,,2315,521,,154,160,,2632,1013,,518,55,,2587,741,,142,143,,626,245,,,,
2023-03-05,9487,1,3028,-2,3.13,6048,1925,,270,148,76,,380,,2789,879,,1787,470,548,143,,797,271,261,82,,2150,494,,299,229,,182,289,,286,46,,232,9,,2315,520,,154,160,,2631,1012,,518,55,,2584,741,,142,143,,626,245,,,,
2023-03-06,9547,60,3055,27,3.13,6095,1941,,271,154,78,,386,,2795,882,,1810,472,550,143,,799,272,261,82,,2165,499,,301,231,,183,291,,288,46,,233,9,,2321,525,,156,162,,2649,1021,,521,55,,2609,744,,142,143,,632,252,,,,
2023-03-07,9540,-7,3055,0,3.12,6092,1941,,271,154,78,,383,,2794,882,,1807,472,549,143,,799,272,261,82,,2162,499,,301,232,,183,291,,286,46,,233,9,,2321,525,,156,162,,2646,1022,,519,55,,2606,744,,142,143,,632,253,,"19,293,161.00","8,469,320.00","10,823,841.00"
2023-03-08,9567,27,3065,10,3.12,6114,1947,,273,157,78,,381,,2799,883,,1819,472,550,143,,802,272,262,82,,2169,500,,302,233,,183,293,,286,46,,233,9,,2323,526,,156,162,,2654,1026,,519,55,,2621,744,,142,143,,633,255,,,,
2023-03-09,9567,0,3065,0,3.12,6114,1947,,273,157,78,,381,,2799,883,,1819,472,550,143,,802,272,262,82,,2169,500,,302,233,,183,293,,286,46,,233,9,,2323,526,,156,162,,2654,1026,,519,55,,2621,744,,142,143,,633,255,,,,
2023-03-10,9605,38,3071,6,3.13,6140,1951,,279,157,78,,382,,2804,885,,1825,474,550,145,,803,273,263,82,,2188,501,,303,232,,184,293,,286,47,,233,9,,2327,528,,156,162,,2675,1026,,519,56,,2628,747,,145,143,,635,255,,,,
2023-03-11,9605,0,3071,0,3.13,6140,1951,,279,157,78,,382,,2804,885,,1825,474,550,145,,803,273,263,82,,2188,501,,303,232,,184,293,,286,47,,233,9,,2327,528,,156,162,,2675,1026,,519,56,,2628,747,,145,143,,635,255,,,,
2023-03-12,9606,1,3079,8,3.12,6139,1958,,280,157,78,,382,,2805,886,,1831,475,550,145,,805,273,263,82,,2192,505,,304,232,,184,293,,287,47,,233,9,,2330,532,,156,162,,2680,1030,,520,56,,2636,748,,146,144,,638,255,,,,
2023-03-13,9628,22,3078,-1,3.13,6161,1958,,280,156,78,,382,,2805,886,,1831,475,550,145,,805,273,263,82,,2192,505,,304,232,,184,293,,287,47,,233,9,,2330,532,,156,162,,2680,1030,,520,56,,2636,748,,146,144,,638,254,,,,
2023-03-14,9628,0,3078,0,3.13,6161,1958,,280,156,78,,382,,2805,886,,1831,475,550,145,,805,273,263,82,,2192,505,,304,232,,184,293,,287,47,,233,9,,2330,532,,156,162,,2680,1030,,520,56,,2636,748,,146,144,,638,254,,"19,505,596.00","8,502,273.00","11,003,323.00"
2023-03-15,9678,50,3101,23,3.12,6200,1978,,282,157,78,,384,,2812,888,,1845,477,550,146,,811,279,264,82,,2206,508,,305,234,,186,294,,289,47,,232,9,,2335,535,,158,165,,2697,1036,,521,56,,2656,756,,147,144,,641,255,,,,
2023-03-16,9678,0,3101,0,3.12,6200,1978,,282,157,78,,384,,2812,888,,1845,477,550,146,,811,279,264,82,,2206,508,,305,234,,186,294,,289,47,,232,9,,2335,535,,158,165,,2697,1036,,521,56,,2656,756,,147,144,,641,255,,,,
2023-03-17,9678,0,3101,0,3.12,6200,1978,,282,157,78,,384,,2812,888,,1845,477,550,146,,811,279,264,82,,2206,508,,305,234,,186,294,,289,47,,232,9,,2335,535,,158,165,,2697,1036,,521,56,,2656,756,,147,144,,641,255,,,,
2023-03-18,9678,0,3101,0,3.12,6200,1978,,282,157,78,,384,,2812,888,,1845,477,550,146,,811,279,264,82,,2206,508,,305,234,,186,294,,289,47,,232,9,,2335,535,,158,165,,2697,1036,,521,56,,2656,756,,147,144,,641,255,,,,
2023-03-19,9740,62,3119,18,3.12,6249,1992,,285,159,80,,385,,2821,888,,1865,480,550,146,,813,277,264,82,,2217,512,,308,238,,186,297,,294,48,,233,9,,2348,536,,159,165,,2711,1047,,527,57,,2678,757,,148,143,,643,257,,,,
2023-03-20,9740,0,3119,0,3.12,6249,1992,,285,159,80,,385,,2821,888,,1865,480,550,146,,813,277,264,82,,2217,512,,308,238,,186,297,,294,48,,233,9,,2348,536,,159,165,,2711,1047,,527,57,,2678,757,,148,143,,643,257,,"19,729,989.00","8,541,875.00","11,188,114.00"
2023-03-21,9776,36,3126,7,3.13,6278,1995,,287,160,80,,385,,2826,891,,1871,480,550,146,,816,277,266,82,,2226,513,,311,238,,186,297,,296,48,,233,9,,2356,539,,159,166,,2723,1048,,529,57,,2687,757,,148,143,,646,259,,,,
2023-03-22,9776,0,3126,0,3.13,6278,1995,,287,160,80,,385,,2826,891,,1871,480,550,146,,816,277,266,82,,2226,513,,311,238,,186,297,,296,48,,233,9,,2356,539,,159,166,,2723,1048,,529,57,,2687,757,,148,143,,646,259,,,,
2023-03-23,9776,0,3126,0,3.13,6278,1995,,287,160,80,,385,,2826,891,,1871,480,550,146,,816,277,266,82,,2226,513,,311,238,,186,297,,296,48,,233,9,,2356,539,,159,166,,2723,1048,,529,57,,2687,757,,148,143,,646,259,,,,
2023-03-24,9786,10,3129,3,3.13,6287,1998,,287,160,80,,384,,2828,891,,1874,480,551,146,,816,277,266,82,,2228,513,,311,237,,187,299,,296,48,,233,9,,2360,540,,159,167,,2726,1049,,529,57,,2690,757,,148,143,,646,259,,,,
2023-03-25,9822,36,3149,20,3.12,6314,2013,,292,162,83,,380,,2836,891,,1889,486,552,146,,821,277,267,82,,2232,516,,309,241,,187,300,,297,48,,234,9,,2366,543,,158,167,,2728,1057,,531,57,,2710,763,,151,143,,648,265,,,,
2023-03-26,9842,20,3133,-16,3.14,6334,2005,,294,161,83,,376,,2838,884,,1895,484,552,145,,819,275,267,82,,2236,515,,309,236,,187,291,,298,48,,234,9,,2371,544,,158,167,,2732,1042,,532,57,,2714,759,,151,143,,649,266,,,,
2023-03-27,9874,32,3137,4,3.15,6360,2009,,297,161,84,,377,,2840,883,,1901,485,552,145,,818,275,266,82,,2245,516,,311,236,,187,289,,298,48,,235,9,,2377,544,,158,92,,2743,1041,,533,57,,2719,760,,152,144,,656,268,,,,
2023-03-28,9888,14,3145,8,3.14,6370,2013,,296,164,85,,378,,2844,883,,1901,488,553,145,,820,273,266,82,,2252,519,,311,237,,188,291,,298,48,,235,9,,2380,544,,158,92,,2751,1047,,533,57,,2721,761,,153,144,,656,269,,"19,740,849.00","8,540,762.00","11,200,087.00"
2023-03-29,9894,6,3143,-2,3.15,6376,2014,,296,165,85,,380,,2842,879,,1903,488,552,144,,819,272,265,81,,2253,520,,310,236,,188,290,,298,48,,236,9,,2383,544,,158,92,,2751,1046,,534,57,,2722,760,,153,144,,657,269,,,,
2023-03-30,9923,29,3143,0,3.16,6394,2013,,301,167,85,,384,,2844,878,,1906,489,553,144,,821,273,265,81,,2262,521,,310,237,,188,289,,298,48,,236,9,,2389,536,,158,92,,2760,1047,,534,57,,2727,762,,153,144,,659,274,,,,
2023-03-31,9923,0,3143,0,3.16,6394,2013,,301,167,85,,384,,2844,878,,1906,489,553,144,,821,273,265,81,,2262,521,,310,237,,188,289,,298,48,,236,9,,2389,536,,158,92,,2760,1047,,534,57,,2727,762,,153,144,,659,274,,,,
2023-04-01,9943,20,3143,0,3.16,6412,2014,,301,166,85,,384,,2845,878,,1908,489,553,144,,821,273,264,81,,2267,522,,308,238,,188,285,,298,48,,238,9,,2400,539,,158,91,,2763,1045,,536,57,,2729,762,,155,144,,662,275,,,,
2023-04-02,9938,-5,3152,9,3.15,6412,2025,,301,165,85,,384,,2841,877,,1909,488,553,143,,820,273,264,80,,2268,523,,308,239,,188,286,,298,48,,238,9,,2394,542,,158,91,,2764,1048,,536,57,,2729,761,,155,144,,664,276,,,,
2023-04-03,9951,13,3170,18,3.14,6422,2036,,303,174,87,,386,,2840,873,,1916,486,553,143,,820,273,264,79,,2271,522,,306,239,,189,285,,298,48,,237,9,,2396,547,,158,91,,2766,1046,,535,57,,2736,759,,155,146,,666,278,,,,
2023-04-04,9976,25,3149,-21,3.17,6446,2021,,303,174,87,,389,,2838,867,,1924,484,553,143,,825,271,264,79,,2271,518,,307,244,,189,279,,298,48,,238,9,,2402,542,,158,90,,2767,1041,,536,57,,2749,755,,155,144,,668,278,,"20,189,825.00","8,554,883.00","11,634,942.00"
2023-04-05,9984,8,3150,1,3.17,6455,2021,,303,175,88,,390,,2836,866,,1923,482,553,142,,825,271,264,79,,2275,518,,306,244,,189,279,,298,48,,239,9,,2404,543,,159,90,,2770,1041,,537,57,,2748,753,,156,144,,669,279,,,,
2023-04-06,9986,2,3149,-1,3.17,6459,2020,,303,175,88,,390,,2834,866,,1924,482,553,142,,826,271,264,79,,2276,518,,305,242,,189,279,,298,48,,239,9,,2406,551,,159,90,,2770,1039,,537,57,,2750,753,,156,145,,669,279,,,,
2023-04-07,9995,9,3153,4,3.17,6468,2024,,303,175,88,,392,,2832,866,,1927,480,553,141,,826,272,264,80,,2278,519,,304,242,,189,279,,298,48,,239,9,,2406,553,,160,90,,2771,1040,,537,57,,2753,752,,157,145,,673,279,,,,
2023-04-08,10005,10,3162,9,3.16,6473,2031,,304,176,89,,394,,2834,866,,1928,480,554,140,,827,271,265,80,,2282,522,,304,244,,189,281,,299,48,,241,10,,2405,553,,160,90,,2775,1047,,540,58,,2755,751,,157,145,,674,280,,,,
2023-04-09,10009,4,3164,2,3.16,6477,2032,,304,176,89,,394,,2834,867,,1928,480,554,140,,827,270,265,80,,2284,523,,304,244,,189,281,,299,48,,240,10,,2405,554,,160,90,,2777,1048,,539,58,,2755,750,,158,145,,674,281,,,,
2023-04-10,10015,6,3153,-11,3.18,6485,2025,,305,175,89,,394,,2831,864,,1929,479,554,140,,828,265,265,78,,2284,521,,304,243,,189,280,,298,48,,240,10,,2409,553,,160,90,,2777,1044,,538,58,,2757,744,,158,146,,674,280,,,,
2023-04-11,10013,-2,3151,-2,3.18,6490,2022,,305,176,90,,390,,2828,863,,1916,480,551,141,,828,265,265,78,,2284,520,,306,245,,190,278,,298,48,,240,10,,2414,550,,160,90,,2780,1043,,538,58,,2744,745,,159,146,,674,281,,"20,421,761.00","8,531,883.00","11,889,878.00"
2023-04-12,10014,1,3150,-1,3.18,6493,2021,,304,176,90,,390,,2827,863,,1908,480,549,141,,829,264,265,78,,2286,519,,306,245,,190,278,,298,48,,240,10,,2419,550,,160,90,,2782,1042,,538,58,,2737,744,,159,146,,675,282,,,,
2023-04-13,10014,0,3150,0,3.18,6493,2021,,304,176,90,,390,,2827,863,,1908,480,549,141,,829,264,265,78,,2286,519,,306,245,,190,278,,298,48,,240,10,,2419,550,,160,90,,2782,1042,,538,58,,2737,744,,159,146,,675,282,,,,
2023-04-14,10014,0,3150,0,3.18,6493,2021,,304,176,90,,390,,2827,863,,1908,480,549,141,,829,264,265,78,,2286,519,,306,245,,190,278,,298,48,,240,10,,2419,550,,160,90,,2782,1042,,538,58,,2737,744,,159,146,,675,282,,,,
2023-04-15,10014,0,3150,0,3.18,6493,2021,,304,176,90,,390,,2827,863,,1908,480,549,141,,829,264,265,78,,2286,519,,306,245,,190,278,,298,48,,240,10,,2419,550,,160,90,,2782,1042,,538,58,,2737,744,,159,146,,675,282,,,,
2023-04-16,10035,21,3158,8,3.18,6516,2027,,306,177,89,,391,,2822,865,,1901,479,544,140,,833,265,265,78,,2298,522,,306,245,,193,280,,298,48,,240,10,,2426,553,,160,90,,2797,1047,,538,58,,2734,744,,160,147,,675,280,,,,
2023-04-17,10055,20,3173,15,3.17,6534,2037,,307,182,90,,391,,2823,864,,1902,482,544,140,,834,264,265,77,,2303,524,,306,246,,193,280,,298,48,,241,10,,2432,555,,160,90,,2802,1050,,539,58,,2736,746,,161,147,,678,283,,,,
2023-04-18,10064,9,3175,2,3.17,6541,2039,,307,182,90,,391,,2825,864,,1903,482,544,140,,834,264,265,77,,2304,524,,306,246,,193,280,,298,48,,241,10,,2436,555,,160,90,,2803,1050,,539,58,,2737,746,,161,149,,679,283,,,,
2023-04-19,10064,0,3175,0,3.17,6541,2039,,307,182,90,,391,,2825,864,,1903,482,544,140,,834,264,265,77,,2304,524,,306,246,,193,280,,298,48,,241,10,,2436,555,,160,90,,2803,1050,,539,58,,2737,746,,161,149,,679,283,,,,
2023-04-20,10087,23,3193,18,3.16,6559,2052,,312,184,90,,391,,2825,867,,1902,486,544,140,,837,264,265,77,,2312,525,,306,246,,193,282,,298,49,,241,12,,2444,560,,160,90,,2811,1053,,539,61,,2739,750,,161,150,,684,283,,,,
2023-04-21,10099,12,3197,4,3.16,6570,2059,,314,184,89,,391,,2824,865,,1905,489,544,140,,838,265,265,77,,2314,523,,306,247,,192,284,,299,49,,241,12,,2448,558,,162,90,,2812,1054,,540,61,,2743,754,,161,150,,684,284,,,,
2023-04-22,10099,0,3197,0,3.16,6570,2059,,314,184,89,,391,,2824,865,,1905,489,544,140,,838,265,265,77,,2314,523,,306,247,,192,284,,299,49,,241,12,,2448,558,,162,90,,2812,1054,,540,61,,2743,754,,161,150,,684,284,,,,
2023-04-23,10110,11,3204,7,3.16,6579,2067,,316,184,88,,391,,2824,865,,1907,490,544,140,,838,264,265,77,,2317,523,,306,247,,192,284,,299,50,,241,12,,2454,559,,163,95,,2815,1054,,540,62,,2745,754,,161,150,,685,284,,,,
2023-04-24,10110,0,3204,0,3.16,6579,2067,,316,184,88,,391,,2824,865,,1907,490,544,140,,838,264,265,77,,2317,523,,306,247,,192,284,,299,50,,241,12,,2454,559,,163,95,,2815,1054,,540,62,,2745,754,,161,150,,685,284,,,,
2023-04-25,10071,-39,3200,-4,3.15,6556,2060,,315,187,88,,385,,2815,865,,1906,490,544,140,,838,264,265,77,,2281,523,,306,247,,192,284,,299,50,,241,12,,2454,559,,163,95,,2779,1054,,540,62,,2744,754,,161,150,,685,280,,"20,922,328.00","8,650,252.00","12,272,076.00"
2023-04-26,10038,-33,3200,0,3.14,6538,2060,,315,187,88,,383,,2802,865,,1906,490,544,140,,830,264,262,77,,2281,523,,305,247,,188,284,,299,50,,240,12,,2442,559,,163,95,,2774,1054,,539,62,,2736,754,,159,150,,681,280,,,,
2023-04-27,10084,46,3214,14,3.14,6581,2073,,317,188,88,,384,,2802,865,,1914,491,544,140,,832,265,262,77,,2299,524,,307,247,,188,285,,300,50,,241,12,,2447,559,,164,95,,2794,1056,,541,62,,2746,756,,160,153,,684,283,,,,
2023-04-28,10084,0,3214,0,3.14,6581,2073,,317,188,88,,384,,2802,865,,1914,491,544,140,,832,265,262,77,,2299,524,,307,247,,188,285,,300,50,,241,12,,2447,559,,164,95,,2794,1056,,541,62,,2746,756,,160,153,,684,283,,,,
2023-04-29,10067,-17,3213,-1,3.13,6567,2072,,317,188,88,,383,,2800,865,,1911,490,544,140,,832,264,262,77,,2296,524,,306,247,,188,285,,300,50,,238,12,,2447,557,,164,95,,2790,1056,,538,62,,2743,754,,160,153,,684,283,,,,
2023-04-30,10067,0,3213,0,3.13,6567,2072,,317,188,88,,383,,2800,865,,1911,490,544,140,,832,264,262,77,,2296,524,,306,247,,188,285,,300,50,,238,12,,2447,557,,164,95,,2790,1056,,538,62,,2743,754,,160,153,,684,283,,,,
2023-05-01,10135,68,3243,30,3.13,6623,2095,,320,189,88,,388,,2804,871,,1925,493,545,140,,836,264,262,77,,2311,524,,308,251,,189,289,,302,50,,239,12,,2467,566,,164,95,,2808,1064,,541,62,,2761,757,,160,160,,686,285,,,,
2023-05-02,10135,0,3243,0,3.13,6623,2095,,320,189,88,,388,,2804,871,,1925,493,545,140,,836,264,262,77,,2311,524,,308,251,,189,289,,302,50,,239,12,,2467,566,,164,95,,2808,1064,,541,62,,2761,757,,160,160,,686,285,,,,
2023-05-03,10135,0,3243,0,3.13,6623,2095,,320,189,88,,388,,2804,871,,1925,493,545,140,,836,264,262,77,,2311,524,,308,251,,189,289,,302,50,,239,12,,2467,566,,164,95,,2808,1064,,541,62,,2761,757,,160,160,,686,285,,,,
2023-05-04,10138,3,3250,7,3.12,6626,2099,,320,189,91,,388,,2804,871,,1927,494,545,140,,836,264,262,77,,2312,525,,308,252,,189,290,,302,50,,239,12,,2467,566,,164,95,,2809,1067,,541,62,,2763,758,,160,160,,686,285,,,,
2023-05-05,10179,41,3263,13,3.12,6652,2107,,326,194,90,,390,,2811,872,,1937,495,545,140,,838,266,263,77,,2319,530,,309,253,,190,290,,302,50,,239,12,,2476,568,,164,95,,2818,1073,,541,62,,2775,761,,161,161,,689,287,,,,
2023-05-06,10179,0,3263,0,3.12,6652,2107,,326,194,90,,390,,2811,872,,1937,495,545,140,,838,266,263,77,,2319,530,,309,253,,190,290,,302,50,,239,12,,2476,568,,164,95,,2818,1073,,541,62,,2775,761,,161,161,,689,287,,,,
2023-05-07,10179,0,3263,0,3.12,6652,2107,,326,194,90,,390,,2811,872,,1937,495,545,140,,838,266,263,77,,2319,530,,309,253,,190,290,,302,50,,239,12,,2476,568,,164,95,,2818,1073,,541,62,,2775,761,,161,161,,689,287,,,,
2023-05-08,10179,0,3263,0,3.12,6652,2107,,326,194,90,,390,,2811,872,,1937,495,545,140,,838,266,263,77,,2319,530,,309,253,,190,290,,302,50,,239,12,,2476,568,,164,95,,2818,1073,,541,62,,2775,761,,161,161,,689,287,,,,
2023-05-09,10179,0,3263,0,3.12,6652,2107,,326,194,90,,390,,2811,872,,1938,495,545,140,,838,266,263,77,,2320,530,,309,253,,190,290,,302,50,,239,12,,2476,568,,164,95,,2819,1073,,541,62,,2776,761,,162,162,,689,288,,,,
2023-05-10,10225,46,3314,51,3.09,6691,2147,,328,199,95,,392,,2814,873,,1943,495,542,139,,844,268,264,77,,2329,531,,310,256,,191,297,,303,55,,239,12,,2481,575,,164,95,,2830,1084,,542,67,,2787,763,,163,176,,691,291,,,,
2023-05-11,10227,2,3328,14,3.07,6700,2155,,329,198,93,,391,,2807,882,,1947,496,543,139,,846,270,265,79,,2324,532,,309,258,,186,297,,303,55,,238,12,,2483,582,,164,95,,2819,1087,,541,67,,2793,766,,165,176,,692,292,,,,
2023-05-12,10227,0,3328,0,3.07,6700,2155,,329,198,93,,391,,2807,882,,1947,496,543,139,,846,270,265,79,,2324,532,,309,258,,186,297,,303,55,,238,12,,2483,582,,164,95,,2819,1087,,541,67,,2793,766,,165,176,,692,292,,,,
2023-05-13,10232,5,3328,0,3.07,6705,2155,,329,198,93,,391,,2807,882,,1947,496,543,139,,846,270,265,79,,2324,532,,309,258,,186,297,,303,55,,238,12,,2483,582,,169,95,,2819,1087,,541,67,,2793,766,,165,176,,692,292,,,,
2023-05-14,10232,0,3328,0,3.07,6705,2155,,329,198,93,,391,,2807,882,,1947,496,543,139,,846,270,265,79,,2324,532,,309,258,,186,297,,303,55,,238,12,,2483,582,,169,95,,2819,1087,,541,67,,2793,766,,165,176,,692,292,,,,
2023-05-15,10232,0,3328,0,3.07,6705,2155,,329,198,93,,391,,2807,882,,1947,496,543,139,,846,270,265,79,,2324,532,,309,258,,186,297,,303,55,,238,12,,2483,582,,169,95,,2819,1087,,541,67,,2793,766,,165,176,,692,292,,,,
2023-05-16,10232,0,3328,0,3.07,6705,2155,,329,198,93,,391,,2807,882,,1947,496,543,139,,846,270,265,79,,2324,532,,309,258,,186,297,,303,55,,238,12,,2483,582,,169,95,,2819,1087,,541,67,,2793,766,,165,176,,692,292,,,,
2023-05-17,10324,92,3373,45,3.06,6777,2191,,339,203,95,,395,,2813,884,,1965,500,543,139,,852,270,265,79,,2334,537,,311,259,,186,300,,305,57,,240,12,,2500,604,,169,95,,2831,1096,,545,69,,2817,770,,169,176,,710,296,,,,
2023-05-18,10324,0,3373,0,3.06,6777,2191,,339,203,95,,395,,2813,884,,1965,500,543,139,,852,270,265,79,,2334,537,,311,259,,186,300,,305,57,,240,12,,2500,604,,169,95,,2831,1096,,545,69,,2817,770,,169,176,,710,296,,,,
2023-05-19,10324,0,3373,0,3.06,6777,2191,,339,203,95,,395,,2813,884,,1965,500,543,139,,852,270,265,79,,2334,537,,311,259,,186,300,,305,57,,240,12,,2500,604,,169,95,,2831,1096,,545,69,,2817,770,,169,176,,710,296,,,,
2023-05-20,10324,0,3373,0,3.06,6777,2191,,339,203,95,,395,,2813,884,,1965,500,543,139,,852,270,265,79,,2334,537,,311,259,,186,300,,305,57,,240,12,,2500,604,,169,95,,2831,1096,,545,69,,2817,770,,169,176,,710,296,,,,
2023-05-21,10341,17,3375,2,3.06,6789,2191,,339,203,95,,400,,2813,886,,1972,500,543,139,,854,270,265,79,,2340,538,,311,260,,186,300,,305,57,,240,12,,2500,604,,169,95,,2837,1098,,545,69,,2826,770,,169,176,,711,296,,,,
2023-05-22,10406,65,3426,51,3.04,6838,2231,,346,208,95,,402,,2820,892,,1981,503,542,139,,855,278,265,79,,2357,542,,312,263,,189,306,,306,57,,241,13,,2504,609,,170,96,,2858,1111,,547,70,,2836,781,,169,177,,717,303,,,,
2023-05-23,10419,13,3430,4,3.04,6852,2232,,348,208,94,,400,,2819,896,,1982,503,542,139,,856,275,265,79,,2360,541,,312,263,,190,311,,306,57,,241,13,,2509,609,,172,96,,2862,1115,,547,70,,2838,778,,169,177,,719,303,,,,
2023-05-24,10419,0,3430,0,3.04,6852,2234,,348,208,94,,400,,2819,894,,1982,503,542,139,,856,275,265,79,,2360,541,,312,263,,190,313,,306,57,,241,13,,2509,609,,172,96,,2862,1117,,547,70,,2838,778,,169,177,,719,303,,,,
2023-05-25,10442,23,3438,8,3.04,6871,2240,,350,210,94,,400,,2821,894,,1984,503,543,139,,859,275,265,79,,2363,542,,314,265,,190,315,,306,57,,241,13,,2514,609,,172,96,,2867,1122,,547,70,,2843,778,,169,177,,725,304,,,,
2023-05-26,10442,0,3438,0,3.04,6871,2240,,350,210,94,,400,,2821,894,,1984,503,543,139,,859,275,265,79,,2363,542,,314,265,,190,315,,306,57,,241,13,,2514,609,,172,96,,2867,1122,,547,70,,2843,778,,169,177,,725,304,,,,
2023-05-27,10444,2,3443,5,3.03,6875,2244,,351,211,94,,399,,2819,894,,1989,504,544,139,,861,275,265,79,,2365,541,,312,265,,188,315,,306,57,,242,13,,2515,610,,172,96,,2865,1121,,548,70,,2850,779,,169,178,,728,305,,,,
2023-05-28,10448,4,3443,0,3.03,6879,2244,,351,211,94,,399,,2819,894,,1989,504,544,139,,862,275,265,79,,2365,541,,312,265,,188,315,,306,57,,242,13,,2517,610,,172,96,,2865,1121,,548,70,,2851,779,,169,178,,728,305,,,,
2023-05-29,10469,21,3451,8,3.03,6898,2249,,352,214,94,,399,,2820,894,,2002,505,544,139,,862,277,265,79,,2366,543,,312,265,,189,316,,306,57,,242,13,,2518,610,,172,96,,2867,1124,,548,70,,2864,782,,169,178,,732,308,,,,
2023-05-30,10468,-1,3451,0,3.03,6897,2249,,352,214,94,,399,,2820,894,,2001,505,544,139,,862,277,265,79,,2366,543,,312,265,,189,316,,306,57,,242,13,,2518,610,,172,96,,2867,1124,,548,70,,2863,782,,169,178,,732,308,,,,
2023-05-31,10500,32,3464,13,3.03,6920,2258,,353,216,95,,404,,2823,895,,2003,508,544,139,,865,278,265,79,,2372,543,,312,268,,189,317,,308,57,,243,13,,2531,611,,172,97,,2873,1128,,551,70,,2868,786,,169,180,,733,310,,,,
2023-06-01,10500,0,3464,0,3.03,6920,2258,,353,216,95,,404,,2823,895,,2003,508,544,139,,865,278,265,79,,2372,543,,312,268,,189,317,,308,57,,243,13,,2531,611,,172,97,,2873,1128,,551,70,,2868,786,,169,180,,733,310,,,,
2023-06-02,10500,0,3464,0,3.03,6920,2258,,353,216,95,,404,,2823,895,,2002,508,544,139,,866,278,265,79,,2373,543,,313,268,,189,317,,308,57,,243,13,,2531,611,,172,97,,2875,1128,,551,70,,2868,786,,170,180,,734,310,,,,
2023-06-03,10538,38,3503,39,3.01,6949,2285,,358,223,95,,404,,2827,900,,2011,513,544,139,,869,280,265,79,,2379,547,,314,270,,189,318,,309,59,,243,13,,2539,629,,172,97,,2882,1135,,552,72,,2880,793,,170,180,,740,311,,,,
2023-06-04,10538,0,3503,0,3.01,6949,2285,,358,223,95,,404,,2827,900,,2011,514,544,139,,869,280,265,79,,2379,548,,310,270,,189,316,,309,59,,243,13,,2550,629,,172,97,,2878,1134,,552,72,,2880,794,,171,180,,740,311,,,,
2023-06-05,10538,0,3503,0,3.01,6949,2285,,358,223,95,,404,,2827,900,,2011,514,544,139,,869,280,265,79,,2379,548,,310,270,,189,316,,309,59,,243,13,,2550,629,,172,97,,2878,1134,,552,72,,2880,794,,171,180,,740,311,,,,
2023-06-06,10538,0,3503,0,3.01,6949,2285,,358,223,95,,404,,2827,900,,2011,514,544,139,,869,280,265,79,,2379,548,,310,270,,189,316,,309,59,,243,13,,2550,629,,172,97,,2878,1134,,552,72,,2880,794,,171,180,,740,311,,,,
2023-06-07,10538,0,3504,1,3.01,6949,2286,,358,223,95,,404,,2827,900,,2012,514,544,139,,869,280,265,79,,2379,548,,310,270,,189,316,,309,59,,243,13,,2550,629,,172,97,,2878,1134,,552,72,,2881,794,,172,181,,740,311,,,,
2023-06-08,10593,55,3520,16,3.01,6998,2290,,365,228,100,,405,,2825,902,,2023,523,544,139,,875,281,266,79,,2392,549,,311,272,,189,320,,310,59,,243,13,,2564,645,,172,98,,2892,1141,,553,72,,2898,804,,173,182,,743,315,,,,
2023-06-09,10595,2,3545,25,2.99,7000,2296,,365,228,119,,405,,2825,902,,2023,527,544,139,,875,284,266,79,,2392,559,,311,273,,189,320,,310,60,,243,13,,2564,647,,172,98,,2892,1152,,553,73,,2898,811,,173,183,,744,315,,,,
2023-06-10,10609,14,3549,4,2.99,7020,2298,,368,229,120,,403,,2818,902,,2025,527,542,139,,879,284,266,79,,2393,562,,312,273,,190,320,,310,60,,243,13,,2564,645,,172,98,,2895,1155,,553,73,,2904,811,,174,181,,749,315,,,,
2023-06-11,10609,0,3556,7,2.98,7020,2299,,368,229,126,,403,,2818,902,,2025,528,542,139,,879,284,266,79,,2393,563,,312,273,,190,320,,310,64,,243,13,,2564,645,,172,98,,2895,1156,,553,77,,2904,812,,174,181,,749,315,,,,
2023-06-12,10609,0,3556,0,2.98,7020,2299,,368,229,126,,403,,2818,902,,2027,528,542,139,,879,284,266,79,,2393,563,,312,273,,190,320,,310,64,,243,13,,2564,645,,172,98,,2895,1156,,553,77,,2906,812,,174,181,,749,315,,,,
2023-06-13,10658,49,3556,0,3.00,7059,2299,,372,229,126,,405,,2822,902,,2041,528,544,139,,885,284,266,79,,2402,563,,316,273,,191,320,,310,64,,243,13,,2570,645,,172,98,,2909,1156,,553,77,,2926,812,,175,181,,750,314,,,,
2023-06-14,10658,0,3647,91,2.92,7059,2383,,372,232,126,,405,,2822,906,,2043,533,544,139,,885,285,266,79,,2402,571,,316,274,,191,322,,310,65,,243,15,,2570,651,,172,99,,2909,1167,,553,80,,2928,818,,173,182,,750,317,,,,
2023-06-15,10667,9,3657,10,2.92,7076,2388,,374,235,128,,403,,2814,906,,2039,538,541,139,,887,285,266,79,,2403,573,,316,274,,191,323,,310,66,,243,15,,2566,651,,172,99,,2910,1170,,553,81,,2926,823,,175,182,,757,318,,,,
2023-06-16,10667,0,3657,0,2.92,7076,2388,,374,235,128,,403,,2814,906,,2039,538,541,139,,887,285,266,79,,2403,573,,316,274,,191,323,,310,66,,243,15,,2566,651,,172,99,,2910,1170,,553,81,,2926,823,,175,182,,757,318,,,,
2023-06-17,10667,0,3657,0,2.92,7076,2388,,374,235,128,,403,,2814,906,,2043,538,541,139,,887,285,266,79,,2403,573,,316,274,,191,323,,310,66,,243,15,,2566,651,,172,99,,2910,1170,,553,81,,2930,823,,175,182,,757,318,,,,
2023-06-18,10684,17,3676,19,2.91,7087,2405,,375,236,128,,404,,2818,907,,2047,539,541,139,,890,288,266,79,,2412,576,,315,274,,191,325,,313,66,,243,15,,2568,656,,172,99,,2918,1175,,556,81,,2937,827,,176,182,,758,319,,,,
2023-06-19,10684,0,3676,0,2.91,7087,2405,,375,236,128,,404,,2818,907,,2047,539,541,139,,890,288,266,79,,2412,576,,315,274,,191,325,,313,66,,243,15,,2568,656,,172,99,,2918,1175,,556,81,,2937,827,,176,182,,758,319,,,,
2023-06-20,10684,0,3676,0,2.91,7087,2405,,375,236,128,,404,,2818,907,,2047,539,541,139,,890,288,266,79,,2412,576,,315,274,,191,325,,313,66,,243,15,,2568,656,,172,99,,2918,1175,,556,81,,2937,827,,176,182,,758,319,,,,
2023-06-21,10741,57,3723,47,2.89,7129,2440,,388,240,131,,405,,2819,912,,2054,550,541,140,,893,291,266,79,,2428,583,,315,276,,191,328,,313,67,,243,15,,2582,657,,173,99,,2934,1187,,556,82,,2947,841,,178,183,,766,322,,,,
2023-06-22,10741,0,3723,0,2.89,7129,2440,,388,240,131,,405,,2819,912,,2054,550,541,140,,893,291,266,79,,2428,583,,315,276,,191,328,,313,67,,243,15,,2582,657,,173,99,,2934,1187,,556,82,,2947,841,,178,183,,766,322,,,,
2023-06-23,10741,0,3723,0,2.89,7129,2440,,388,240,131,,405,,2819,912,,2054,550,541,140,,893,291,266,79,,2428,583,,315,276,,191,328,,313,67,,243,15,,2582,657,,173,99,,2934,1187,,556,82,,2947,841,,178,183,,766,322,,,,
2023-06-24,10800,59,3737,14,2.89,7179,2453,,390,241,131,,407,,2824,912,,2061,551,541,140,,892,291,267,79,,2444,584,,317,279,,191,328,,313,69,,244,15,,2594,660,,180,99,,2952,1191,,557,84,,2953,842,,178,183,,776,323,,,,
2023-06-25,10800,0,3737,0,2.89,7179,2453,,390,241,131,,407,,2824,912,,2061,551,541,140,,892,291,267,79,,2444,584,,317,279,,191,328,,313,69,,244,15,,2594,660,,180,99,,2952,1191,,557,84,,2953,842,,178,183,,776,323,,,,
2023-06-26,10800,0,3737,0,2.89,7179,2453,,390,241,131,,407,,2824,912,,2061,551,541,140,,892,291,267,79,,2444,584,,317,279,,191,328,,313,69,,244,15,,2594,660,,180,99,,2952,1191,,557,84,,2953,842,,178,183,,776,323,,,,
2023-06-27,10869,69,3768,31,2.88,7227,2476,,404,243,135,,409,,2829,914,,2070,552,541,140,,894,292,268,79,,2454,595,,318,284,,193,329,,313,70,,245,15,,2624,662,,180,99,,2965,1208,,558,85,,2964,844,,179,183,,779,324,,,,
2023-06-28,10869,0,3768,0,2.88,7227,2476,,404,243,135,,409,,2829,914,,2070,552,541,140,,894,292,268,79,,2454,595,,318,284,,193,329,,313,70,,245,15,,2624,662,,180,99,,2965,1208,,558,85,,2964,844,,179,183,,779,324,,,,
2023-06-29,10869,0,3768,0,2.88,7227,2476,,404,243,135,,409,,2829,914,,2070,552,541,140,,894,292,268,79,,2454,595,,318,284,,193,329,,313,70,,245,15,,2624,662,,180,99,,2965,1208,,558,85,,2964,844,,179,183,,779,324,,,,
2023-06-30,10907,38,3771,3,2.89,7254,2471,,414,248,135,,407,,2832,917,,2082,557,544,140,,898,292,267,79,,2462,597,,319,285,,193,329,,316,70,,245,15,,2626,661,,181,99,,2974,1211,,561,85,,2980,849,,180,184,,782,323,,,,
2023-07-01,10904,-3,3771,0,2.89,7251,2471,,414,248,135,,407,,2832,917,,2082,557,544,140,,898,292,267,79,,2462,597,,319,285,,193,330,,316,70,,245,15,,2626,661,,181,99,,2974,1212,,561,85,,2980,849,,180,184,,782,323,,,,
2023-07-02,10904,0,3771,0,2.89,7251,2471,,414,248,135,,407,,2832,917,,2082,557,544,140,,898,292,267,79,,2462,597,,319,285,,193,330,,316,70,,245,15,,2626,661,,181,99,,2974,1212,,561,85,,2980,849,,180,184,,782,323,,,,
2023-07-03,10946,42,3786,15,2.89,7286,2486,,419,264,118,,407,,2834,918,,2084,558,545,140,,901,291,267,79,,2469,602,,321,286,,194,331,,317,70,,245,15,,2632,662,,182,99,,2984,1219,,562,85,,2985,849,,182,185,,784,326,,,,
2023-07-04,10946,0,3786,0,2.89,7286,2486,,419,264,118,,407,,2834,918,,2084,558,545,140,,901,291,267,79,,2469,602,,321,286,,194,331,,317,70,,245,15,,2632,662,,182,99,,2984,1219,,562,85,,2985,849,,182,185,,784,326,,,,
2023-07-05,10946,0,3786,0,2.89,7286,2486,,419,264,118,,407,,2834,918,,2084,558,545,140,,901,291,267,79,,2469,602,,321,286,,194,331,,317,70,,245,15,,2632,662,,182,99,,2984,1219,,562,85,,2985,849,,182,185,,784,326,,,,
2023-07-06,10993,47,3786,0,2.90,7329,2486,,420,264,118,,409,,2835,918,,2093,558,546,140,,905,292,267,79,,2483,602,,323,286,,194,331,,317,70,,245,15,,2636,662,,183,99,,3000,1219,,562,85,,2998,850,,182,185,,793,327,,,,
2023-07-07,10993,0,3786,0,2.90,7329,2486,,420,264,118,,409,,2835,918,,2093,558,546,140,,905,292,267,79,,2483,602,,323,286,,194,331,,317,70,,245,15,,2636,662,,183,99,,3000,1219,,562,85,,2998,850,,182,185,,793,327,,,,
2023-07-08,11008,15,3815,29,2.89,7345,2510,,418,266,121,,413,,2832,918,,2098,560,544,140,,907,293,267,80,,2483,609,,323,289,,194,334,,318,71,,245,15,,2636,665,,182,99,,3000,1232,,563,86,,3005,853,,181,188,,796,329,,,,
2023-07-09,11033,25,3833,18,2.88,7364,2521,,418,271,121,,417,,2834,920,,2103,565,544,140,,907,293,267,80,,2492,614,,324,292,,194,336,,318,69,,245,15,,2641,673,,182,99,,3010,1242,,563,84,,3010,858,,182,189,,798,332,,,,
2023-07-10,11033,0,3833,0,2.88,7364,2521,,418,271,121,,417,,2834,920,,2103,565,544,140,,907,293,267,80,,2492,614,,324,292,,194,336,,318,69,,245,15,,2641,673,,182,99,,3010,1242,,563,84,,3010,858,,182,189,,798,332,,,,
2023-07-11,11095,62,3867,34,2.87,7419,2540,,423,271,131,,418,,2835,925,,2115,572,545,142,,910,296,267,80,,2501,626,,325,295,,197,335,,318,71,,246,15,,2657,677,,182,99,,3023,1256,,564,86,,3025,868,,186,189,,805,333,,,,
2023-07-12,11095,0,3867,0,2.87,7419,2540,,423,271,131,,418,,2835,925,,2115,572,545,142,,910,296,267,80,,2501,626,,325,295,,197,335,,318,71,,246,15,,2657,677,,182,99,,3023,1256,,564,86,,3025,868,,186,189,,805,333,,,,
2023-07-13,11146,51,3882,15,2.87,7459,2549,,425,274,135,,422,,2840,924,,2125,573,545,141,,916,297,267,80,,2514,629,,329,299,,197,335,,318,71,,246,15,,2666,677,,182,99,,3040,1263,,564,86,,3041,870,,187,190,,807,335,,,,
2023-07-14,11146,0,3882,0,2.87,7459,2549,,425,274,135,,422,,2840,924,,2125,573,545,141,,916,297,267,80,,2514,629,,329,299,,197,335,,318,71,,246,15,,2666,677,,182,99,,3040,1263,,564,86,,3041,870,,187,190,,807,335,,,,
2023-07-15,11146,0,3881,-1,2.87,7459,2549,,425,273,135,,422,,2840,924,,2125,573,545,141,,917,297,267,80,,2514,628,,329,299,,197,335,,319,71,,247,15,,2670,677,,182,99,,3040,1262,,566,86,,3042,870,,188,190,,809,335,,,,
2023-07-16,11208,62,3893,12,2.88,7518,2557,,429,277,135,,414,,2847,924,,2136,574,548,141,,922,297,267,80,,2523,629,,330,299,,197,335,,320,71,,244,15,,2682,678,,183,99,,3050,1263,,564,86,,3058,871,,189,190,,815,338,,,,
2023-07-17,11209,1,3893,0,2.88,7519,2557,,429,277,135,,414,,2847,924,,2137,574,548,141,,922,297,267,80,,2523,629,,330,299,,197,335,,320,71,,244,15,,2682,678,,183,99,,3050,1263,,564,86,,3059,871,,189,190,,815,338,,,,
2023-07-18,11209,0,3893,0,2.88,7519,2557,,429,277,135,,414,,2847,924,,2137,574,548,141,,922,297,267,80,,2523,629,,330,299,,197,335,,320,71,,244,15,,2682,678,,183,99,,3050,1263,,564,86,,3059,871,,189,190,,815,338,,,,
2023-07-19,11272,63,3909,16,2.88,7580,2571,,428,279,135,,416,,2848,924,,2146,574,548,141,,925,297,267,80,,2547,629,,331,303,,197,338,,322,71,,244,15,,2689,680,,184,99,,3075,1270,,566,86,,3071,871,,191,192,,821,340,,,,
2023-07-20,11272,0,3909,0,2.88,7580,2571,,428,279,135,,416,,2848,924,,2145,574,548,141,,925,297,267,80,,2547,629,,331,303,,197,338,,322,71,,244,15,,2689,680,,184,99,,3075,1270,,566,86,,3070,871,,191,192,,821,340,,,,
2023-07-21,11305,33,3932,23,2.88,7608,2589,,430,280,139,,417,,2850,924,,2156,579,549,141,,928,297,267,80,,2553,637,,335,303,,197,338,,323,72,,244,15,,2695,684,,183,99,,3085,1278,,567,87,,3084,876,,191,191,,824,342,,,,
2023-07-22,11305,0,3932,0,2.88,7608,2589,,430,280,139,,417,,2850,924,,2156,579,549,141,,928,297,267,80,,2553,637,,335,303,,197,338,,323,72,,244,15,,2695,684,,183,99,,3085,1278,,567,87,,3084,876,,191,191,,824,342,,,,
2023-07-23,11323,18,3957,25,2.86,7625,2602,,430,288,142,,418,,2850,925,,2161,587,549,142,,928,297,267,80,,2564,652,,335,303,,197,338,,323,72,,244,16,,2695,684,,183,99,,3096,1293,,567,88,,3089,884,,191,192,,825,342,,,,
2023-07-24,11365,42,4018,61,2.83,7662,2650,,432,297,141,,418,,2853,930,,2164,588,549,141,,930,301,267,80,,2566,654,,336,312,,198,342,,326,73,,244,16,,2711,696,,183,100,,3100,1308,,570,89,,3094,889,,196,192,,827,349,,,,
2023-07-25,11405,40,4027,9,2.83,7699,2657,,436,298,142,,419,,2851,930,,2167,589,547,141,,930,300,267,80,,2574,658,,337,312,,198,342,,326,73,,246,16,,2724,696,,184,100,,3109,1312,,572,89,,3097,889,,198,192,,832,351,,,,
2023-07-26,11405,0,4027,0,2.83,7699,2657,,436,298,142,,419,,2851,930,,2167,589,547,141,,930,300,267,80,,2574,658,,337,312,,198,342,,326,73,,246,16,,2724,696,,184,100,,3109,1312,,572,89,,3097,889,,198,192,,832,351,,,,
2023-07-27,11434,29,4042,15,2.83,7725,2667,,438,301,144,,419,,2852,930,,2173,592,547,141,,932,303,267,80,,2581,662,,336,312,,198,342,,327,73,,244,16,,2731,697,,184,100,,3115,1316,,571,89,,3105,895,,198,193,,835,351,,,,
2023-07-28,11434,0,4042,0,2.83,7725,2667,,438,301,144,,419,,2852,930,,2173,592,547,141,,932,303,267,80,,2581,662,,336,312,,198,342,,327,73,,244,16,,2731,697,,184,100,,3115,1316,,571,89,,3105,895,,198,193,,835,351,,,,
2023-07-29,11434,0,4042,0,2.83,7725,2667,,438,301,144,,419,,2852,930,,2173,592,547,141,,932,303,267,80,,2581,662,,336,312,,198,342,,327,73,,244,16,,2731,697,,184,100,,3115,1316,,571,89,,3105,895,,198,193,,835,351,,,,
2023-07-30,11445,11,4042,0,2.83,7734,2667,,440,301,144,,419,,2852,930,,2187,592,548,141,,932,303,267,80,,2581,662,,336,312,,198,342,,327,73,,244,16,,2731,697,,184,100,,3115,1316,,571,89,,3119,895,,201,193,,836,351,,,,
2023-07-31,11487,42,4066,24,2.83,7769,2689,,444,301,146,,420,,2854,930,,2188,595,547,141,,936,305,267,80,,2594,670,,337,313,,198,344,,327,73,,245,16,,2735,697,,184,100,,3129,1327,,572,89,,3124,900,,203,194,,845,353,,,,
2023-08-01,11487,0,4066,0,2.83,7769,2689,,444,301,146,,420,,2854,930,,2188,595,547,141,,936,305,267,80,,2594,670,,337,313,,198,344,,327,73,,245,16,,2735,697,,184,100,,3129,1327,,572,89,,3124,900,,203,194,,845,353,,,,
2023-08-02,11487,0,4066,0,2.83,7769,2689,,444,301,146,,420,,2854,930,,2188,595,547,141,,936,305,267,80,,2594,670,,337,313,,198,344,,327,73,,245,16,,2735,697,,184,100,,3129,1327,,572,89,,3124,900,,203,194,,845,353,,,,
2023-08-03,11533,46,4085,19,2.82,7809,2706,,447,301,147,,420,,2857,931,,2199,601,547,141,,938,305,267,80,,2615,681,,339,314,,198,346,,329,74,,246,16,,2737,698,,184,101,,3152,1341,,575,90,,3137,906,,204,194,,848,356,,,,
2023-08-04,11533,0,4085,0,2.82,7809,2706,,447,301,147,,420,,2857,931,,2199,601,547,141,,938,305,267,80,,2615,681,,339,314,,198,346,,329,74,,246,16,,2737,698,,184,101,,3152,1341,,575,90,,3137,906,,204,194,,848,356,,,,
2023-08-05,11562,29,4100,15,2.82,7831,2723,,449,301,145,,425,,2857,931,,2203,602,547,141,,939,305,267,80,,2621,681,,341,316,,198,348,,329,74,,246,16,,2746,702,,184,101,,3160,1345,,575,90,,3142,907,,206,195,,851,360,,,,
2023-08-06,11562,0,4100,0,2.82,7831,2723,,449,301,145,,425,,2857,931,,2203,602,547,141,,939,305,267,80,,2621,681,,341,316,,198,348,,329,74,,246,16,,2746,702,,184,101,,3160,1345,,575,90,,3142,907,,206,195,,851,360,,,,
2023-08-07,11562,0,4100,0,2.82,7831,2723,,449,301,145,,425,,2857,931,,2203,602,547,141,,939,305,267,80,,2621,681,,341,316,,198,348,,329,74,,246,16,,2746,702,,184,101,,3160,1345,,575,90,,3142,907,,206,195,,851,360,,,,
2023-08-08,11596,34,4113,13,2.82,7860,2735,,451,302,145,,426,,2859,931,,2207,604,548,141,,940,305,267,80,,2626,683,,341,319,,200,349,,330,74,,246,16,,2751,703,,185,101,,3167,1351,,576,90,,3147,909,,207,195,,864,363,,,,
2023-08-09,11596,0,4113,0,2.82,7860,2735,,451,302,145,,426,,2859,931,,2207,604,548,141,,940,305,267,80,,2626,683,,341,319,,200,349,,330,74,,246,16,,2751,703,,185,101,,3167,1351,,576,90,,3147,909,,207,195,,864,363,,,,
2023-08-10,11596,0,4113,0,2.82,7860,2735,,451,302,145,,426,,2859,931,,2207,604,548,141,,940,305,267,80,,2626,683,,341,319,,200,349,,330,74,,246,16,,2751,703,,185,101,,3167,1351,,576,90,,3147,909,,207,195,,864,363,,,,
2023-08-11,11638,42,4128,15,2.82,7892,2747,,458,304,145,,428,,2860,932,,2218,607,548,141,,941,305,267,80,,2634,683,,341,320,,200,351,,331,74,,246,16,,2762,705,,185,101,,3175,1354,,577,90,,3159,912,,207,196,,870,365,,,,
2023-08-12,11638,0,4128,0,2.82,7892,2747,,458,304,145,,428,,2860,932,,2218,607,548,141,,941,305,267,80,,2634,683,,341,320,,200,351,,331,74,,246,16,,2762,705,,185,101,,3175,1354,,577,90,,3159,912,,207,196,,870,365,,,,
2023-08-13,11638,0,4128,0,2.82,7892,2747,,458,304,145,,428,,2860,932,,2218,607,548,141,,941,305,267,80,,2634,683,,341,320,,200,351,,331,74,,246,16,,2762,705,,185,101,,3175,1354,,577,90,,3159,912,,207,196,,870,365,,,,
2023-08-14,11679,41,4145,17,2.82,7926,2759,,460,306,145,,432,,2861,935,,2233,608,548,141,,946,306,267,80,,2644,687,,343,320,,201,353,,332,74,,246,16,,2767,705,,185,101,,3188,1360,,578,90,,3179,914,,209,199,,872,367,,,,
2023-08-15,11679,0,4145,0,2.82,7926,2759,,460,306,145,,432,,2861,935,,2233,608,548,141,,946,306,267,80,,2645,686,,343,320,,201,353,,333,74,,246,16,,2766,705,,185,101,,3189,1359,,579,90,,3179,914,,209,199,,872,367,,,,
2023-08-16,11704,25,4154,9,2.82,7949,2766,,461,307,144,,433,,2861,937,,2236,610,548,142,,948,307,267,80,,2654,689,,343,321,,201,353,,333,74,,246,16,,2766,705,,185,101,,3198,1363,,579,90,,3184,917,,211,199,,877,368,,,,
2023-08-17,11719,15,4183,29,2.80,7963,2787,,463,314,144,,432,,2861,938,,2237,616,548,142,,948,308,267,80,,2659,692,,343,325,,201,354,,334,74,,246,16,,2769,708,,186,101,,3203,1371,,580,90,,3185,924,,212,202,,879,375,,,,
2023-08-18,11719,0,4183,0,2.80,7963,2787,,463,314,144,,432,,2861,938,,2237,616,548,142,,948,308,267,80,,2659,692,,343,325,,201,354,,334,74,,246,16,,2769,708,,186,101,,3203,1371,,580,90,,3185,924,,212,202,,879,375,,,,
2023-08-19,11719,0,4183,0,2.80,7963,2787,,463,314,144,,432,,2861,938,,2237,616,548,142,,948,308,267,80,,2659,692,,343,325,,201,354,,334,74,,246,16,,2769,708,,186,101,,3203,1371,,580,90,,3185,924,,212,202,,879,375,,,,
2023-08-20,11783,64,4206,23,2.80,8016,2802,,466,321,145,,438,,2863,938,,2255,619,548,142,,949,308,267,80,,2679,697,,343,325,,201,359,,335,74,,247,16,,2775,710,,187,101,,3223,1381,,582,90,,3204,927,,213,205,,889,377,,,,
2023-08-21,11783,0,4206,0,2.80,8016,2802,,466,321,145,,438,,2863,938,,2255,619,548,142,,949,308,267,80,,2679,697,,343,325,,201,359,,335,74,,247,16,,2775,710,,187,101,,3223,1381,,582,90,,3204,927,,213,205,,889,377,,,,
2023-08-22,11783,0,4206,0,2.80,8016,2802,,466,321,145,,438,,2863,938,,2255,619,548,142,,949,308,267,80,,2679,697,,343,325,,201,359,,335,74,,247,16,,2775,710,,187,101,,3223,1381,,582,90,,3204,927,,213,205,,889,377,,,,
2023-08-23,11818,35,4225,19,2.80,8042,2818,,470,323,145,,442,,2864,939,,2262,624,548,143,,952,309,267,80,,2683,700,,344,328,,201,360,,336,77,,247,16,,2777,711,,188,101,,3228,1388,,583,93,,3214,933,,214,206,,896,379,,,,
2023-08-24,11818,0,4225,0,2.80,8042,2818,,470,323,145,,442,,2864,939,,2262,624,548,143,,952,309,267,80,,2683,700,,344,328,,201,360,,336,77,,247,16,,2777,711,,188,101,,3228,1388,,583,93,,3214,933,,215,206,,896,379,,,,
2023-08-25,11842,24,4237,12,2.79,8062,2829,,471,324,145,,442,,2867,939,,2265,626,548,143,,953,309,267,80,,2694,701,,344,328,,202,360,,338,78,,247,16,,2777,711,,188,101,,3240,1389,,585,94,,3218,935,,216,208,,898,382,,,,
2023-08-26,11842,0,4237,0,2.79,8062,2829,,471,324,145,,442,,2867,939,,2266,626,548,143,,953,309,267,80,,2695,701,,344,328,,202,360,,338,78,,247,16,,2777,711,,188,103,,3241,1389,,585,94,,3219,935,,216,208,,899,383,,,,
2023-08-27,11862,20,4247,10,2.79,8081,2839,,472,324,145,,442,,2867,939,,2270,626,548,143,,953,309,267,80,,2700,702,,345,328,,202,362,,339,78,,247,16,,2779,711,,188,103,,3247,1392,,586,94,,3223,935,,216,209,,900,385,,,,
2023-08-28,11862,0,4247,0,2.79,8081,2839,,472,324,145,,442,,2867,939,,2270,626,548,143,,953,309,267,80,,2700,702,,345,328,,202,362,,339,78,,247,16,,2779,711,,188,103,,3247,1392,,586,94,,3223,935,,216,209,,900,385,,,,
2023-08-29,11911,49,4322,75,2.76,8123,2901,,475,331,148,,444,,2869,942,,2276,631,549,143,,958,316,267,80,,2712,727,,347,330,,203,365,,340,79,,248,16,,2791,725,,188,103,,3262,1422,,588,95,,3234,947,,217,210,,906,391,,,,
2023-08-30,11914,3,4323,1,2.76,8127,2902,,474,331,148,,444,,2869,942,,2277,631,549,143,,957,316,267,80,,2712,726,,347,330,,203,365,,340,79,,248,16,,2791,725,,190,105,,3262,1421,,588,95,,3234,947,,218,210,,906,391,,,,
2023-08-31,11920,6,4325,2,2.76,8132,2904,,475,331,148,,444,,2869,942,,2276,631,549,143,,958,317,267,80,,2713,727,,347,330,,204,365,,340,79,,248,16,,2791,725,,192,105,,3264,1422,,588,95,,3234,948,,218,210,,907,391,,,,
2023-09-01,11928,8,4326,1,2.76,8139,2905,,475,331,148,,445,,2869,942,,2281,631,549,143,,958,317,267,80,,2714,727,,346,330,,204,365,,340,79,,249,16,,2791,725,,192,105,,3264,1422,,589,95,,3239,948,,218,210,,908,392,,,,
2023-09-02,11941,13,4340,14,2.75,8151,2916,,476,331,149,,445,,2869,944,,2283,634,549,143,,959,318,267,80,,2714,727,,346,332,,204,365,,340,79,,249,16,,2795,727,,192,105,,3264,1424,,589,95,,3242,952,,218,210,,910,393,,,,
2023-09-03,11947,6,4341,1,2.75,8155,2917,,478,331,149,,445,,2869,944,,2285,634,549,143,,959,318,267,80,,2715,728,,346,332,,204,365,,340,79,,249,16,,2795,727,,193,105,,3265,1425,,589,95,,3244,952,,218,210,,911,393,,,,
2023-09-04,11967,20,4359,18,2.75,8173,2933,,478,332,149,,446,,2870,945,,2288,640,549,143,,961,318,267,80,,2723,731,,348,337,,205,366,,340,79,,249,16,,2797,727,,194,105,,3276,1434,,589,95,,3249,958,,218,210,,912,393,,,,
2023-09-05,12004,37,4375,16,2.74,8206,2946,,479,334,149,,446,,2873,946,,2292,642,549,143,,964,319,267,80,,2740,735,,349,339,,205,368,,340,79,,250,16,,2799,731,,194,105,,3294,1442,,590,95,,3256,961,,218,210,,915,393,,,,
2023-09-06,12015,11,4379,4,2.74,8215,2950,,480,334,149,,446,,2874,946,,2292,644,549,143,,966,319,267,80,,2743,735,,349,340,,205,368,,340,79,,250,16,,2804,731,,194,105,,3297,1443,,590,95,,3258,963,,218,210,,916,394,,,,
2023-09-07,12054,39,4391,12,2.75,8250,2958,,482,338,149,,448,,2874,946,,2301,646,549,143,,969,319,267,80,,2759,737,,349,341,,205,368,,341,79,,251,16,,2814,735,,194,106,,3313,1446,,592,95,,3270,965,,218,210,,916,395,,,,
2023-09-08,12057,3,4392,1,2.75,8252,2959,,482,338,149,,448,,2875,946,,2303,647,550,143,,969,319,267,80,,2759,737,,349,341,,205,368,,341,79,,251,16,,2814,735,,194,106,,3313,1446,,592,95,,3272,966,,218,210,,916,395,,,,
2023-09-09,12064,7,4398,6,2.74,8257,2962,,484,338,152,,448,,2875,946,,2304,647,550,143,,969,319,267,80,,2759,739,,349,342,,205,368,,340,80,,251,16,,2815,735,,194,106,,3313,1449,,591,96,,3273,966,,222,211,,918,396,,,,
2023-09-10,12088,24,4408,10,2.74,8277,2969,,484,338,154,,450,,2877,947,,2307,648,550,143,,972,319,268,80,,2766,743,,351,343,,207,368,,340,81,,251,17,,2822,735,,194,106,,3324,1454,,591,98,,3279,967,,222,212,,918,397,,,,
2023-09-11,12105,17,4408,0,2.75,8292,2971,,484,338,152,,452,,2877,947,,2312,648,550,143,,974,319,268,80,,2770,742,,351,344,,207,368,,341,80,,251,17,,2824,736,,194,106,,3328,1454,,592,97,,3286,967,,222,212,,920,397,,,,
2023-09-12,12125,20,4428,20,2.74,8310,2985,,485,342,152,,452,,2878,949,,2313,648,550,143,,977,325,268,80,,2773,745,,351,344,,207,370,,341,81,,251,17,,2829,741,,194,106,,3331,1459,,592,98,,3290,973,,223,212,,923,397,,,,
2023-09-13,12145,20,4433,5,2.74,8324,2989,,489,342,152,,454,,2878,950,,2315,649,550,143,,977,325,268,80,,2780,745,,351,345,,207,370,,342,81,,251,17,,2831,743,,195,106,,3338,1460,,593,98,,3292,974,,222,213,,927,397,,,,
2023-09-14,12147,2,4436,3,2.74,8327,2990,,488,342,152,,454,,2878,952,,2317,648,550,143,,977,325,268,80,,2780,746,,351,345,,207,370,,342,81,,251,17,,2831,744,,195,106,,3338,1461,,593,98,,3294,973,,222,213,,927,397,,,,
2023-09-15,12153,6,4436,0,2.74,8333,2990,,488,342,152,,454,,2878,952,,2317,648,550,143,,977,326,268,80,,2781,746,,351,344,,207,370,,342,81,,251,17,,2833,744,,195,106,,3339,1460,,593,98,,3294,974,,223,213,,927,397,,,,
2023-09-16,12159,6,4438,2,2.74,8339,2990,,488,344,152,,454,,2878,952,,2317,648,550,143,,977,326,268,80,,2781,746,,351,344,,207,371,,342,81,,251,17,,2834,744,,195,106,,3339,1461,,593,98,,3294,974,,227,214,,928,397,,,,
2023-09-17,12164,5,4438,0,2.74,8344,2990,,488,344,152,,454,,2878,952,,2317,648,550,143,,977,326,268,80,,2783,746,,351,344,,207,371,,342,81,,251,17,,2834,744,,195,106,,3341,1461,,593,98,,3294,974,,230,214,,928,397,,,,
2023-09-18,12177,13,4441,3,2.74,8355,2993,,489,344,152,,454,,2879,952,,2323,648,551,143,,977,327,268,80,,2786,746,,351,344,,207,371,,342,81,,251,17,,2835,744,,195,106,,3344,1461,,593,98,,3300,975,,231,214,,930,397,,,,
2023-09-19,12191,14,4443,2,2.74,8368,2995,,489,344,152,,455,,2879,952,,2331,648,551,143,,978,327,268,80,,2785,746,,351,344,,208,371,,342,81,,251,17,,2837,744,,195,107,,3344,1461,,593,98,,3309,975,,231,214,,933,397,,,,
2023-09-20,12213,22,4456,13,2.74,8386,3005,,489,344,152,,458,,2880,955,,2331,652,551,143,,978,327,268,80,,2796,749,,351,344,,208,371,,343,82,,251,17,,2839,746,,196,107,,3355,1464,,594,99,,3309,979,,233,214,,937,398,,,,
2023-09-21,12230,17,4466,10,2.74,8399,3014,,491,345,153,,458,,2882,954,,2331,651,551,142,,978,327,268,80,,2799,750,,352,344,,208,372,,343,82,,251,17,,2844,747,,196,107,,3359,1466,,594,99,,3309,978,,233,215,,942,403,,,,
2023-09-22,12228,-2,4475,9,2.73,8397,3020,,491,345,153,,458,,2882,957,,2331,652,551,142,,978,327,268,80,,2797,750,,352,344,,208,373,,343,82,,251,17,,2842,750,,196,107,,3357,1467,,594,99,,3309,979,,233,215,,942,403,,,,
2023-09-23,12228,0,4475,0,2.73,8397,3020,,491,345,153,,458,,2882,957,,2331,652,551,142,,978,327,268,80,,2797,750,,352,344,,208,373,,343,82,,251,17,,2842,750,,196,107,,3357,1467,,594,99,,3309,979,,233,215,,942,403,,,,
2023-09-24,12279,51,4486,11,2.74,8439,3028,,499,345,156,,459,,2882,957,,2334,655,551,142,,982,327,268,80,,2813,754,,354,344,,209,373,,343,84,,251,17,,2853,751,,197,107,,3376,1471,,594,101,,3316,982,,234,215,,951,403,,,,
2023-09-25,12288,9,4491,5,2.74,8447,3032,,499,345,156,,459,,2883,958,,2336,654,551,142,,983,327,268,80,,2814,755,,354,344,,209,374,,343,84,,251,17,,2855,752,,197,107,,3377,1473,,594,101,,3319,981,,234,215,,952,404,,,,
2023-09-26,12297,9,4496,5,2.74,8456,3037,,498,345,156,,459,,2884,958,,2337,654,551,142,,983,327,268,80,,2814,757,,355,344,,209,374,,344,84,,251,17,,2856,752,,197,110,,3378,1475,,595,101,,3320,981,,234,215,,953,404,,,,
2023-09-27,12297,0,4496,0,2.74,8456,3037,,498,345,156,,459,,2884,958,,2337,654,551,142,,983,327,268,80,,2814,757,,355,344,,209,374,,344,84,,251,17,,2856,752,,197,110,,3378,1475,,595,101,,3320,981,,234,215,,953,404,,,,
2023-09-28,12296,-1,4508,12,2.73,8459,3043,,498,345,162,,457,,2882,958,,2331,656,550,142,,984,327,268,80,,2813,764,,354,347,,211,375,,344,84,,251,17,,2860,749,,197,110,,3378,1486,,595,101,,3315,983,,235,215,,954,405,,,,
2023-09-29,12312,16,4510,2,2.73,8474,3045,,499,345,162,,457,,2882,958,,2331,656,550,142,,985,327,268,80,,2816,764,,354,347,,211,375,,345,84,,251,17,,2863,749,,198,110,,3381,1486,,596,101,,3316,983,,235,215,,955,405,,,,
2023-09-30,12312,0,4510,0,2.73,8474,3045,,499,345,162,,457,,2882,958,,2331,656,550,142,,985,327,268,80,,2816,764,,354,347,,211,375,,345,84,,251,17,,2863,749,,198,110,,3381,1486,,596,101,,3316,983,,235,215,,955,405,,,,
2023-10-01,12312,0,4510,0,2.73,8474,3045,,499,345,162,,457,,2882,958,,2331,656,550,142,,985,327,268,80,,2816,764,,354,347,,211,375,,345,84,,251,17,,2863,749,,198,110,,3381,1486,,596,101,,3316,983,,235,215,,955,405,,,,
2023-10-02,12312,0,4510,0,2.73,8474,3045,,499,345,162,,457,,2882,958,,2331,656,550,142,,985,327,268,80,,2816,764,,354,347,,211,375,,345,84,,251,17,,2863,749,,198,110,,3381,1486,,596,101,,3316,983,,235,215,,955,405,,,,
2023-10-03,12312,0,4510,0,2.73,8474,3045,,499,345,162,,457,,2882,958,,2331,656,550,142,,985,327,268,80,,2816,764,,354,347,,211,375,,345,84,,251,17,,2863,749,,198,110,,3381,1486,,596,101,,3316,983,,235,215,,955,405,,,,
2023-10-04,12351,39,4525,15,2.73,8507,3053,,501,346,168,,461,,2882,958,,2345,660,550,142,,987,327,268,80,,2830,769,,354,349,,211,375,,345,84,,251,17,,2863,749,,198,110,,3395,1493,,596,101,,3332,987,,235,215,,957,405,,,,
2023-10-05,12405,54,4550,25,2.73,8552,3075,,507,348,169,,461,,2885,958,,2349,660,550,142,,988,329,269,80,,2834,769,,355,352,,211,377,,349,86,,252,17,,2886,753,,198,113,,3400,1498,,601,103,,3337,989,,236,216,,967,409,,,,
2023-10-06,12405,0,4550,0,2.73,8552,3075,,507,348,169,,461,,2885,958,,2349,660,550,142,,988,329,269,80,,2834,769,,355,352,,211,377,,349,86,,252,17,,2886,753,,198,113,,3400,1498,,601,103,,3337,989,,236,216,,967,409,,,,
2023-10-07,12405,0,4550,0,2.73,8552,3075,,507,348,169,,461,,2885,958,,2349,660,550,142,,988,329,269,80,,2834,769,,355,352,,211,377,,349,86,,252,17,,2886,753,,198,113,,3400,1498,,601,103,,3337,989,,236,216,,967,409,,,,
2023-10-08,12455,50,4560,10,2.73,8594,3084,,511,349,169,,463,,2887,958,,2362,660,550,142,,990,329,269,80,,2838,772,,355,353,,211,379,,349,86,,252,17,,2908,754,,199,113,,3404,1504,,601,103,,3352,989,,237,216,,974,409,,,,
2023-10-09,12455,0,4560,0,2.73,8594,3084,,511,349,169,,463,,2887,958,,2362,660,550,142,,990,329,269,80,,2838,772,,355,353,,211,379,,349,86,,252,17,,2908,754,,199,113,,3404,1504,,601,103,,3352,989,,237,216,,974,409,,,,
2023-10-10,12455,0,4560,0,2.73,8594,3084,,511,349,169,,463,,2887,958,,2362,660,550,142,,990,329,269,80,,2838,772,,355,353,,211,379,,349,86,,252,17,,2908,754,,199,113,,3404,1504,,601,103,,3352,989,,237,216,,974,409,,,,
2023-10-11,12519,64,4575,15,2.74,8642,3097,,514,349,171,,472,,2891,958,,2378,664,550,142,,994,330,269,80,,2857,775,,358,354,,212,382,,350,86,,253,17,,2914,754,,199,114,,3427,1511,,603,103,,3372,994,,238,216,,983,410,,,,
2023-10-12,12519,0,4575,0,2.74,8642,3097,,514,349,171,,472,,2891,958,,2378,664,550,142,,994,330,269,80,,2857,775,,358,354,,212,382,,350,86,,253,17,,2914,754,,199,114,,3427,1511,,603,103,,3372,994,,238,216,,983,410,,,,
2023-10-13,12519,0,4575,0,2.74,8642,3097,,514,349,171,,472,,2891,958,,2378,664,550,142,,994,330,269,80,,2857,775,,358,354,,212,382,,350,86,,253,17,,2914,754,,199,114,,3427,1511,,603,103,,3372,994,,238,216,,983,410,,,,
2023-10-14,12573,54,4587,12,2.74,8687,3107,,521,349,171,,473,,2892,960,,2389,664,550,142,,998,331,269,80,,2871,776,,362,355,,214,382,,351,86,,253,17,,2919,755,,199,113,,3447,1513,,604,103,,3387,995,,239,217,,990,414,,,,
2023-10-15,12573,0,4587,0,2.74,8687,3107,,521,349,171,,473,,2892,960,,2389,664,550,142,,998,331,269,80,,2871,776,,362,355,,214,382,,351,86,,253,17,,2919,755,,199,113,,3447,1513,,604,103,,3387,995,,239,217,,990,414,,,,
2023-10-16,12573,0,4587,0,2.74,8687,3107,,521,349,171,,473,,2892,960,,2389,664,550,142,,998,331,269,80,,2871,776,,362,355,,214,382,,351,86,,253,17,,2919,755,,199,113,,3447,1513,,604,103,,3387,995,,239,217,,990,414,,,,
2023-10-17,12610,37,4587,0,2.75,8720,3107,,522,349,171,,476,,2892,960,,2404,664,550,142,,1001,331,269,80,,2887,776,,362,355,,214,382,,351,86,,253,17,,2919,755,,199,113,,3463,1513,,604,103,,3405,995,,239,217,,992,414,,,,
2023-10-18,12656,46,4606,19,2.75,8760,3125,,524,349,172,,477,,2895,960,,2404,668,550,142,,1004,331,269,80,,2887,780,,366,356,,214,383,,353,90,,253,17,,2929,755,,208,113,,3467,1519,,606,107,,3408,999,,240,217,,1003,418,,,,
2023-10-19,12656,0,4606,0,2.75,8760,3125,,524,349,172,,477,,2895,960,,2404,668,550,142,,1004,331,269,80,,2887,780,,366,356,,214,383,,353,90,,253,17,,2929,755,,208,113,,3467,1519,,606,107,,3408,999,,240,217,,1003,418,,,,
2023-10-20,12656,0,4606,0,2.75,8760,3125,,524,349,172,,477,,2895,960,,2404,668,550,142,,1004,331,269,80,,2887,780,,366,356,,214,383,,353,90,,253,17,,2929,755,,208,113,,3467,1519,,606,107,,3408,999,,240,217,,1003,418,,,,
2023-10-21,12772,116,4628,22,2.76,8836,3143,,547,350,173,,490,,2899,962,,2419,673,550,142,,1010,333,269,80,,2927,782,,367,358,,219,386,,355,90,,254,17,,2943,755,,224,114,,3513,1526,,609,107,,3429,1006,,242,217,,1015,418,,,,
2023-10-22,12772,0,4628,0,2.76,8836,3143,,547,350,173,,490,,2899,962,,2419,673,550,142,,1010,333,269,80,,2927,782,,367,358,,219,386,,355,90,,254,17,,2943,755,,224,114,,3513,1526,,609,107,,3429,1006,,242,217,,1015,418,,,,
2023-10-23,12772,0,4628,0,2.76,8836,3143,,547,350,173,,490,,2899,962,,2419,673,550,142,,1010,333,269,80,,2927,781,,367,358,,219,386,,355,90,,254,17,,2940,755,,224,114,,3513,1525,,609,107,,3429,1006,,242,217,,1014,418,,,,
2023-10-24,12784,12,4635,7,2.76,8847,3150,,548,350,173,,490,,2899,962,,2428,674,550,142,,1008,333,269,80,,2938,782,,367,358,,219,386,,353,91,,254,17,,2939,755,,225,114,,3524,1526,,607,108,,3436,1007,,242,217,,1013,422,,,,
2023-10-25,12819,35,4653,18,2.75,8875,3167,,549,351,173,,495,,2900,962,,2434,679,550,142,,1015,333,269,80,,2942,781,,367,359,,221,387,,354,92,,254,17,,2948,763,,225,114,,3530,1527,,608,109,,3449,1012,,242,217,,1017,422,,,,
2023-10-26,12819,0,4653,0,2.75,8875,3167,,549,351,173,,495,,2900,962,,2434,679,550,142,,1015,333,269,80,,2942,781,,367,359,,221,387,,354,92,,254,17,,2948,763,,225,114,,3530,1527,,608,109,,3449,1012,,242,217,,1017,422,,,,
2023-10-27,12819,0,4653,0,2.75,8875,3167,,549,351,173,,495,,2900,962,,2434,679,550,142,,1015,333,269,80,,2942,781,,367,359,,221,387,,354,92,,254,17,,2948,763,,225,114,,3530,1527,,608,109,,3449,1012,,242,217,,1017,422,,,,
2023-10-28,12863,44,4665,12,2.76,8911,3179,,554,354,172,,498,,2900,960,,2437,682,550,141,,1024,333,269,80,,2957,780,,368,360,,222,388,,355,92,,254,18,,2950,762,,225,114,,3547,1528,,609,110,,3461,1015,,243,218,,1022,427,,,,
2023-10-29,12863,0,4665,0,2.76,8911,3179,,554,354,172,,498,,2900,960,,2437,682,550,141,,1024,333,269,80,,2957,780,,368,360,,222,388,,355,92,,254,18,,2950,762,,225,114,,3547,1528,,609,110,,3461,1015,,243,218,,1022,427,,,,
2023-10-30,12863,0,4665,0,2.76,8911,3179,,554,354,172,,498,,2900,960,,2437,682,550,141,,1024,333,269,80,,2957,780,,368,360,,222,388,,355,92,,254,18,,2950,762,,225,114,,3547,1528,,609,110,,3461,1015,,243,218,,1022,427,,,,
2023-10-31,12902,39,4686,21,2.75,8948,3191,,555,359,175,,498,,2901,961,,2439,688,550,141,,1026,333,269,80,,2977,780,,368,364,,223,392,,357,93,,254,18,,2959,765,,225,114,,3568,1536,,611,111,,3465,1021,,243,219,,1023,430,,,,
2023-11-01,12902,0,4684,-2,2.75,8948,3189,,555,359,175,,498,,2901,961,,2439,688,550,141,,1027,333,269,80,,2974,780,,368,364,,223,392,,357,93,,254,18,,2959,764,,225,114,,3565,1536,,611,111,,3466,1021,,243,218,,1022,431,,,,
2023-11-02,12948,46,4684,0,2.76,8971,3189,,559,359,175,,516,,2902,961,,2458,688,550,141,,1036,333,269,80,,2989,780,,369,364,,223,392,,358,93,,254,18,,2961,764,,225,114,,3581,1536,,612,111,,3494,1021,,244,218,,1023,431,,,,
2023-11-03,12948,0,4684,0,2.76,8971,3189,,559,359,175,,516,,2902,961,,2458,688,550,141,,1036,333,269,80,,2989,780,,369,364,,223,392,,358,93,,254,18,,2961,764,,225,114,,3581,1536,,612,111,,3494,1021,,244,218,,1023,431,,,,
2023-11-04,12948,0,4684,0,2.76,8971,3189,,559,359,175,,516,,2902,961,,2458,688,550,141,,1036,333,269,80,,2989,780,,369,364,,223,392,,358,93,,254,18,,2961,764,,225,114,,3581,1536,,612,111,,3494,1021,,244,218,,1023,431,,,,
2023-11-05,13020,72,4699,15,2.77,9024,3200,,566,361,176,,527,,2903,962,,2475,690,550,141,,1042,333,269,80,,3007,783,,369,367,,224,393,,359,94,,256,18,,2967,764,,225,116,,3600,1543,,615,112,,3517,1023,,246,218,,1033,432,,,,
2023-11-06,13020,0,4699,0,2.77,9024,3200,,566,361,176,,527,,2903,962,,2475,690,550,141,,1042,333,269,80,,3007,783,,369,367,,224,393,,359,94,,256,18,,2967,764,,225,116,,3600,1543,,615,112,,3517,1023,,246,218,,1033,432,,,,
2023-11-07,13020,0,4699,0,2.77,9024,3200,,566,361,176,,527,,2903,962,,2475,690,550,141,,1042,333,269,80,,3007,783,,369,367,,224,393,,359,94,,256,18,,2967,764,,225,116,,3600,1543,,615,112,,3517,1023,,246,218,,1033,432,,,,
2023-11-08,13020,0,4699,0,2.77,9024,3200,,566,361,176,,527,,2903,962,,2475,690,550,141,,1042,333,269,80,,3007,783,,369,367,,224,393,,359,94,,256,18,,2967,764,,225,116,,3600,1543,,615,112,,3517,1023,,246,218,,1033,432,,,,
2023-11-09,13077,57,4720,21,2.77,9068,3215,,567,364,178,,539,,2903,963,,2483,693,550,141,,1053,335,269,80,,3027,787,,370,368,,224,396,,361,94,,257,18,,2973,767,,226,116,,3621,1551,,618,112,,3536,1028,,248,219,,1034,433,,,,
2023-11-10,13077,0,4720,0,2.77,9068,3215,,567,364,178,,539,,2903,963,,2474,693,550,141,,1050,335,269,80,,3022,787,,369,368,,224,396,,360,94,,257,18,,2973,767,,226,115,,3615,1551,,617,112,,3524,1028,,248,220,,1032,433,,,,
2023-11-11,13077,0,4720,0,2.77,9068,3215,,567,364,178,,539,,2903,963,,2474,693,550,141,,1050,335,269,80,,3022,787,,369,368,,224,396,,360,94,,257,18,,2973,767,,226,115,,3615,1551,,617,112,,3524,1028,,248,220,,1032,433,,,,
2023-11-12,13077,0,4720,0,2.77,9068,3215,,567,364,178,,539,,2903,963,,2474,693,550,141,,1050,335,269,80,,3022,787,,369,368,,224,396,,360,94,,257,18,,2973,767,,226,115,,3615,1551,,617,112,,3524,1028,,248,220,,1032,433,,,,
2023-11-13,13105,28,4735,15,2.77,9100,3227,,570,366,179,,534,,2901,963,,2485,697,550,141,,1054,335,269,80,,3038,789,,370,370,,224,398,,364,96,,258,18,,2982,768,,226,115,,3632,1557,,622,114,,3539,1032,,248,220,,1034,436,,,,
2023-11-14,13083,-22,4711,-24,2.78,9084,3216,,569,365,176,,530,,2900,954,,2462,686,548,134,,1054,334,269,80,,3036,784,,369,369,,224,396,,363,97,,258,18,,2982,763,,226,114,,3629,1549,,621,115,,3516,1020,,248,220,,1035,436,,,,
2023-11-15,13083,0,4711,0,2.78,9084,3216,,569,365,176,,530,,2900,954,,2462,686,548,134,,1054,334,269,80,,3036,784,,369,369,,224,396,,363,97,,258,18,,2982,763,,226,114,,3629,1549,,621,115,,3516,1020,,248,220,,1035,436,,,,
2023-11-16,13083,0,4711,0,2.78,9084,3216,,569,365,176,,530,,2900,954,,2462,686,548,134,,1054,334,269,80,,3036,784,,369,369,,224,396,,363,97,,258,18,,2982,763,,226,114,,3629,1549,,621,115,,3516,1020,,248,220,,1035,436,,,,
2023-11-17,13141,58,4717,6,2.79,9128,3220,,573,365,178,,537,,2903,954,,2468,686,548,134,,1060,334,269,80,,3054,785,,371,369,,225,397,,364,97,,258,18,,2989,763,,226,114,,3650,1551,,622,115,,3528,1020,,251,220,,1044,440,,,,
2023-11-18,13141,0,4717,0,2.79,9128,3220,,573,365,178,,537,,2903,954,,2468,686,548,134,,1060,334,269,80,,3054,785,,371,369,,225,397,,364,97,,258,18,,2989,763,,226,114,,3650,1551,,622,115,,3528,1020,,251,220,,1044,440,,,,
2023-11-19,13141,0,4716,-1,2.79,9128,3220,,573,364,178,,537,,2903,954,,2470,687,548,134,,1060,334,269,80,,3047,783,,370,369,,225,397,,363,97,,258,18,,2989,763,,226,114,,3642,1549,,621,115,,3530,1021,,251,220,,1042,440,,,,
2023-11-20,13152,11,4724,8,2.78,9139,3228,,576,364,178,,534,,2903,954,,2472,688,548,134,,1065,336,269,80,,3049,783,,370,368,,225,397,,363,99,,258,18,,2995,763,,226,114,,3644,1548,,621,117,,3537,1024,,252,220,,1045,441,,,,
2023-11-21,13152,0,4724,0,2.78,9139,3228,,576,364,178,,534,,2903,954,,2472,688,548,134,,1065,336,269,80,,3049,783,,370,368,,225,397,,363,99,,258,18,,2995,763,,226,114,,3644,1548,,621,117,,3537,1024,,252,220,,1045,441,,,,
2023-11-22,13152,0,4724,0,2.78,9139,3228,,576,364,178,,534,,2903,954,,2472,688,548,134,,1065,336,269,80,,3049,783,,370,368,,225,397,,363,99,,258,18,,2995,763,,226,114,,3644,1548,,621,117,,3537,1024,,252,220,,1045,441,,,,
2023-11-23,13182,30,4730,6,2.79,9163,3233,,578,364,180,,535,,2906,953,,2478,689,548,134,,1070,336,270,80,,3055,784,,371,369,,225,397,,363,99,,258,18,,3003,763,,226,114,,3651,1550,,621,117,,3548,1025,,252,220,,1047,442,,,,
2023-11-24,13182,0,4730,0,2.79,9162,3233,,579,364,180,,535,,2906,953,,2478,689,548,134,,1070,336,270,80,,3055,784,,371,369,,225,397,,363,99,,258,18,,3003,763,,226,114,,3651,1550,,621,117,,3548,1025,,252,220,,1047,442,,,,
2023-11-25,13182,0,4730,0,2.79,9162,3234,,579,364,180,,535,,2906,952,,2478,689,548,134,,1070,336,270,80,,3054,784,,371,369,,225,396,,363,99,,258,18,,3002,763,,226,114,,3650,1549,,621,117,,3548,1025,,252,220,,1047,442,,,,
2023-11-26,13182,0,4730,0,2.79,9162,3234,,579,364,180,,535,,2906,952,,2478,689,548,134,,1070,336,270,80,,3054,784,,371,369,,225,396,,363,99,,258,18,,3002,763,,226,114,,3650,1549,,621,117,,3548,1025,,252,220,,1047,442,,,,
2023-11-27,13236,54,4761,31,2.78,9201,3257,,583,369,183,,545,,2907,952,,2504,691,548,133,,1076,336,270,80,,3064,785,,372,374,,226,396,,365,100,,258,18,,3008,764,,226,114,,3662,1555,,623,118,,3580,1027,,252,221,,1048,447,,,,
2023-11-28,13236,0,4761,0,2.78,9201,3257,,583,369,183,,545,,2907,952,,2504,691,548,133,,1076,336,270,80,,3064,785,,372,374,,226,396,,365,100,,258,18,,3008,764,,226,114,,3662,1555,,623,118,,3580,1027,,252,221,,1048,447,,,,
2023-11-29,13236,0,4761,0,2.78,9201,3257,,583,369,183,,545,,2907,952,,2504,691,548,133,,1076,336,270,80,,3064,785,,372,374,,226,396,,365,100,,258,18,,3008,764,,226,114,,3662,1555,,623,118,,3580,1027,,252,221,,1048,447,,,,
2023-11-30,13269,33,4771,10,2.78,9228,3264,,593,370,185,,542,,2906,952,,2510,693,548,133,,1075,336,270,80,,3068,786,,373,374,,228,397,,367,100,,260,18,,3010,764,,226,114,,3669,1557,,627,118,,3585,1029,,258,222,,1050,448,,,,
2023-12-01,13269,0,4771,0,2.78,9228,3264,,593,370,185,,542,,2906,952,,2510,693,548,133,,1075,336,270,80,,3068,786,,373,374,,228,397,,367,100,,260,18,,3010,764,,226,114,,3669,1557,,627,118,,3585,1029,,258,222,,1050,448,,,,
2023-12-02,13269,0,4771,0,2.78,9228,3264,,593,370,185,,542,,2906,952,,2510,693,548,133,,1075,336,270,80,,3068,786,,373,374,,228,397,,367,100,,260,18,,3010,764,,226,114,,3669,1557,,627,118,,3585,1029,,258,222,,1050,448,,,,
2023-12-03,13285,16,4786,15,2.78,9241,3274,,597,373,186,,542,,2905,953,,2513,695,548,133,,1076,336,270,80,,3073,787,,375,377,,228,398,,367,100,,260,18,,3011,764,,226,114,,3676,1562,,627,118,,3589,1031,,258,223,,1051,450,,,,
2023-12-04,13285,0,4786,0,2.78,9241,3274,,597,373,186,,542,,2905,953,,2513,695,548,133,,1076,336,270,80,,3073,787,,375,377,,228,398,,367,100,,260,18,,3011,764,,226,114,,3676,1562,,627,118,,3589,1031,,258,223,,1051,450,,,,
2023-12-05,13285,0,4786,0,2.78,9241,3274,,597,373,186,,542,,2905,953,,2513,695,548,133,,1076,336,270,80,,3073,787,,375,377,,228,398,,367,100,,260,18,,3011,764,,226,114,,3676,1562,,627,118,,3589,1031,,258,223,,1051,450,,,,
2023-12-06,13285,0,4785,-1,2.78,9241,3273,,597,374,185,,542,,2905,953,,2513,695,548,133,,1076,336,270,80,,3076,787,,375,377,,228,398,,367,100,,260,18,,3011,764,,226,113,,3679,1562,,627,118,,3589,1031,,258,223,,1051,450,,,,
2023-12-07,13351,66,4798,13,2.78,9289,3282,,600,376,187,,557,,2905,953,,2527,696,548,133,,1082,336,270,80,,3100,788,,379,378,,228,401,,368,100,,260,18,,3016,767,,227,113,,3707,1567,,628,118,,3609,1032,,259,223,,1057,452,,,,
2023-12-08,13341,-10,4797,-1,2.78,9280,3281,,600,376,187,,556,,2905,953,,2522,696,548,133,,1080,336,270,80,,3098,788,,379,378,,228,400,,367,100,,260,18,,3015,767,,227,113,,3705,1566,,627,118,,3602,1032,,259,223,,1057,452,,,,
2023-12-09,13341,0,4797,0,2.78,9280,3281,,600,376,187,,556,,2905,953,,2522,696,548,133,,1080,336,270,80,,3098,788,,379,378,,228,400,,367,100,,260,18,,3015,767,,227,113,,3705,1566,,627,118,,3602,1032,,259,223,,1057,452,,,,
2023-12-10,13370,29,4804,7,2.78,9299,3287,,601,377,187,,564,,2906,953,,2526,697,548,133,,1080,337,270,80,,3114,791,,382,378,,228,400,,367,100,,260,18,,3017,766,,227,113,,3724,1569,,627,118,,3606,1034,,260,223,,1059,454,,,,
2023-12-11,13370,0,4804,0,2.78,9299,3287,,601,377,187,,564,,2906,953,,2526,697,548,133,,1080,337,270,80,,3114,791,,382,378,,228,400,,367,100,,260,18,,3017,766,,227,113,,3724,1569,,627,118,,3606,1034,,260,223,,1059,454,,,,
2023-12-12,13442,72,4808,4,2.80,9349,3291,,602,377,187,,585,,2906,953,,2548,697,548,133,,1086,338,270,80,,3145,792,,387,379,,230,400,,367,100,,260,18,,3021,766,,228,113,,3762,1571,,627,118,,3634,1035,,260,223,,1059,454,,,,
2023-12-13,13433,-9,4808,0,2.79,9349,3291,,602,377,187,,577,,2905,953,,2541,697,547,133,,1087,338,270,80,,3140,792,,387,379,,230,400,,368,100,,260,18,,3000,766,,228,113,,3757,1571,,628,118,,3628,1035,,260,223,,1060,454,,,,
2023-12-14,13433,0,4808,0,2.79,9349,3291,,602,377,187,,577,,2905,953,,2541,697,547,133,,1087,338,270,80,,3140,792,,387,379,,230,400,,368,100,,260,18,,3000,766,,228,113,,3757,1571,,628,118,,3628,1035,,260,223,,1060,454,,,,
2023-12-15,13433,0,4808,0,2.79,9349,3291,,602,377,187,,577,,2905,953,,2541,697,547,133,,1087,338,270,80,,3140,792,,387,379,,230,400,,368,100,,260,18,,3000,766,,228,113,,3757,1571,,628,118,,3628,1035,,260,223,,1060,454,,,,
2023-12-16,13487,54,4841,33,2.79,9391,3313,,605,385,189,,586,,2905,954,,2552,703,547,133,,1093,340,270,80,,3159,795,,389,383,,230,401,,368,100,,261,18,,3003,771,,228,113,,3778,1579,,629,118,,3645,1043,,260,223,,1074,460,,,,
2023-12-17,13482,-5,4834,-7,2.79,9389,3310,,605,383,189,,583,,2905,952,,2552,702,547,132,,1094,340,270,80,,3157,794,,387,383,,230,401,,368,100,,261,18,,3002,768,,228,113,,3774,1578,,629,118,,3646,1042,,260,223,,1074,460,,,,
2023-12-18,13538,56,4834,0,2.80,9436,3310,,606,383,189,,591,,2905,952,,2570,701,547,132,,1094,342,270,80,,3176,794,,385,383,,232,401,,369,100,,262,18,,3012,767,,229,113,,3793,1578,,631,118,,3664,1043,,260,223,,1075,460,,,,
2023-12-19,13538,0,4834,0,2.80,9436,3310,,606,383,189,,591,,2905,952,,2570,701,547,132,,1094,342,270,80,,3176,794,,385,383,,232,401,,369,100,,262,18,,3012,767,,229,113,,3793,1578,,631,118,,3664,1043,,260,223,,1075,460,,,,
2023-12-20,13538,0,4834,0,2.80,9436,3310,,606,383,189,,591,,2905,952,,2570,701,547,132,,1094,342,270,80,,3176,794,,385,383,,232,401,,369,100,,262,18,,3012,767,,229,113,,3793,1578,,631,118,,3664,1043,,260,223,,1075,460,,,,
2023-12-21,13530,-8,4843,9,2.79,9431,3316,,607,386,190,,590,,2902,951,,2571,702,546,132,,1092,343,270,80,,3166,798,,385,383,,232,401,,370,100,,263,18,,3014,767,,229,113,,3783,1582,,633,118,,3663,1045,,264,223,,1076,461,,,,
2023-12-22,13530,0,4843,0,2.79,9431,3316,,607,386,190,,590,,2902,951,,2571,702,546,132,,1092,343,270,80,,3166,798,,385,383,,232,401,,370,100,,263,18,,3014,767,,229,113,,3783,1582,,633,118,,3663,1045,,264,223,,1076,461,,,,
2023-12-23,13530,0,4843,0,2.79,9431,3316,,607,386,190,,590,,2902,951,,2571,702,546,132,,1092,343,270,80,,3166,798,,385,383,,232,401,,370,100,,263,18,,3014,767,,229,113,,3783,1582,,633,118,,3663,1045,,264,223,,1076,461,,,,
2023-12-24,13593,63,4874,31,2.79,9484,3344,,611,387,190,,595,,2903,953,,2580,713,546,132,,1095,343,270,80,,3180,803,,386,387,,232,401,,370,100,,263,18,,3032,770,,232,113,,3798,1591,,633,118,,3675,1056,,264,223,,1083,464,,,,
2023-12-25,13637,44,4877,3,2.80,9513,3344,,616,389,191,,606,,2902,953,,2585,714,546,132,,1105,342,270,80,,3221,804,,389,387,,232,401,,369,101,,263,18,,3034,770,,233,113,,3842,1592,,632,119,,3690,1056,,264,223,,1084,465,,,,
2023-12-26,13637,0,4877,0,2.80,9513,3344,,616,389,191,,606,,2902,953,,2585,714,546,132,,1105,342,270,80,,3221,804,,389,387,,232,401,,369,101,,263,18,,3034,770,,233,113,,3842,1592,,632,119,,3690,1056,,264,223,,1084,465,,,,
2023-12-27,13637,0,4877,0,2.80,9513,3344,,616,389,191,,606,,2902,953,,2585,714,546,132,,1105,342,270,80,,3221,804,,389,387,,232,401,,369,101,,263,18,,3034,770,,233,113,,3842,1592,,632,119,,3690,1056,,264,223,,1084,465,,,,
2023-12-28,13692,55,4894,17,2.80,9546,3354,,618,391,195,,625,,2903,954,,2605,719,546,132,,1112,343,270,80,,3232,806,,389,389,,233,402,,370,102,,263,18,,3043,770,,233,113,,3854,1597,,633,120,,3717,1062,,265,223,,1086,467,,,,
2023-12-29,13692,0,4894,0,2.80,9546,3354,,618,391,195,,625,,2903,954,,2605,719,546,132,,1112,343,270,80,,3232,806,,389,389,,233,402,,370,102,,263,18,,3043,770,,233,113,,3854,1597,,633,120,,3717,1062,,265,223,,1086,467,,,,
2023-12-30,13683,-9,4894,0,2.80,9545,3354,,618,391,195,,617,,2903,954,,2604,719,546,132,,1110,342,270,80,,3227,806,,390,389,,233,402,,370,102,,263,18,,3043,770,,233,113,,3850,1597,,633,120,,3714,1061,,265,223,,1086,467,,,,
2023-12-31,13728,45,4914,20,2.79,9581,3373,,621,395,191,,622,,2904,955,,2608,722,544,132,,1113,343,270,80,,3211,816,,388,389,,234,402,,371,102,,264,18,,3060,769,,233,113,,3833,1607,,635,120,,3721,1065,,267,224,,1089,470,,,,
2024-01-01,13728,0,4914,0,2.79,9581,3373,,621,395,191,,622,,2904,955,,2607,722,544,132,,1113,343,270,80,,3211,816,,388,389,,234,402,,371,102,,264,18,,3060,769,,233,113,,3833,1607,,635,120,,3720,1065,,267,224,,1089,470,,,,
2024-01-02,13728,0,4914,0,2.79,9581,3373,,621,395,191,,622,,2904,955,,2607,722,544,132,,1113,343,270,80,,3211,816,,388,389,,234,402,,371,102,,264,18,,3060,769,,233,113,,3833,1607,,635,120,,3720,1065,,267,224,,1089,470,,,,
2024-01-03,13758,30,4939,25,2.79,9605,3391,,626,397,196,,623,,2904,955,,2611,727,544,132,,1114,345,270,80,,3227,822,,388,389,,234,403,,371,103,,264,18,,3062,774,,233,114,,3849,1614,,635,121,,3725,1072,,270,225,,1092,472,,,,
2024-01-04,13758,0,4939,0,2.79,9605,3391,,626,397,196,,623,,2904,955,,2611,727,544,132,,1114,345,270,80,,3227,822,,388,389,,234,403,,371,103,,264,18,,3062,774,,233,114,,3849,1614,,635,121,,3725,1072,,270,225,,1092,472,,,,
2024-01-05,13758,0,4939,0,2.79,9605,3391,,626,397,196,,623,,2904,955,,2611,727,544,132,,1114,345,270,80,,3227,822,,388,389,,234,403,,371,103,,264,18,,3062,774,,233,114,,3849,1614,,635,121,,3725,1072,,270,225,,1092,472,,,,
2024-01-06,13799,41,4956,17,2.78,9654,3406,,625,398,197,,618,,2902,955,,2619,729,544,132,,1117,345,271,80,,3245,824,,388,390,,234,404,,372,103,,264,18,,3067,778,,233,114,,3867,1618,,636,121,,3736,1074,,274,225,,1098,475,,,,
2024-01-07,13799,0,4956,0,2.78,9654,3406,,625,398,197,,618,,2902,955,,2619,729,544,132,,1117,345,271,80,,3245,824,,388,390,,234,404,,372,103,,264,18,,3067,778,,233,114,,3867,1618,,636,121,,3736,1074,,274,225,,1098,475,,,,
2024-01-08,13799,0,4956,0,2.78,9654,3406,,625,398,197,,618,,2902,955,,2619,729,544,132,,1117,345,271,80,,3245,824,,388,390,,234,404,,372,103,,264,18,,3067,778,,233,114,,3867,1618,,636,121,,3736,1074,,274,225,,1098,475,,,,
2024-01-09,13831,32,4969,13,2.78,9681,3418,,625,398,197,,623,,2902,956,,2625,731,544,132,,1121,345,271,80,,3256,824,,388,390,,234,405,,372,103,,264,18,,3069,782,,233,115,,3878,1619,,636,121,,3746,1076,,276,226,,1098,475,,,,
2024-01-10,13787,-44,4955,-14,2.78,9645,3408,,626,399,194,,620,,2896,954,,2606,728,542,130,,1115,345,270,80,,3244,824,,386,386,,234,397,,366,102,,266,18,,3064,781,,233,115,,3864,1607,,632,120,,3721,1073,,283,226,,1102,474,,,,
2024-01-11,13787,0,4955,0,2.78,9645,3408,,626,399,194,,620,,2896,954,,2606,728,542,130,,1115,345,270,80,,3244,824,,386,386,,234,397,,366,102,,266,18,,3064,781,,233,115,,3864,1607,,632,120,,3721,1073,,283,226,,1102,474,,,,
2024-01-12,13787,0,4955,0,2.78,9645,3408,,626,399,194,,620,,2896,954,,2606,728,542,130,,1115,345,270,80,,3244,824,,386,386,,234,397,,366,102,,266,18,,3064,781,,233,115,,3864,1607,,632,120,,3721,1073,,283,226,,1102,474,,,,
2024-01-13,13843,56,4978,23,2.78,9689,3426,,628,401,197,,627,,2899,954,,2612,732,542,130,,1127,346,270,80,,3261,828,,388,388,,234,401,,369,102,,266,18,,3078,785,,233,116,,3883,1617,,635,120,,3739,1078,,283,227,,1105,474,,,,
2024-01-14,13843,0,4978,0,2.78,9689,3426,,628,401,197,,627,,2899,954,,2612,732,542,130,,1127,346,270,80,,3261,828,,388,388,,234,401,,369,102,,266,18,,3078,785,,233,116,,3883,1617,,635,120,,3739,1078,,283,227,,1105,474,,,,
2024-01-15,13843,0,4978,0,2.78,9689,3426,,628,401,197,,627,,2899,954,,2612,732,542,130,,1127,346,270,80,,3261,828,,388,388,,234,401,,369,102,,266,18,,3078,785,,233,116,,3883,1617,,635,120,,3739,1078,,283,227,,1105,474,,,,
2024-01-16,13882,39,4989,11,2.78,9708,3434,,633,403,197,,642,,2899,955,,2623,734,542,130,,1135,347,270,80,,3268,830,,391,389,,234,402,,369,102,,266,18,,3081,785,,235,116,,3893,1621,,635,120,,3758,1081,,283,229,,1107,474,,,,
2024-01-17,13882,0,4989,0,2.78,9708,3434,,633,403,197,,642,,2899,955,,2623,734,542,130,,1135,347,270,80,,3268,830,,391,389,,234,402,,369,102,,266,18,,3081,785,,235,116,,3893,1621,,635,120,,3758,1081,,283,229,,1107,474,,,,
2024-01-18,13882,0,4989,0,2.78,9708,3434,,633,403,197,,642,,2899,955,,2623,734,542,130,,1135,347,270,80,,3268,830,,391,389,,234,402,,369,102,,266,18,,3081,785,,235,116,,3893,1621,,635,120,,3758,1081,,283,229,,1107,474,,,,
2024-01-19,13882,0,4989,0,2.78,9708,3434,,633,403,197,,642,,2899,955,,2623,734,542,130,,1135,347,270,80,,3268,830,,391,389,,234,402,,369,102,,266,18,,3081,785,,235,116,,3893,1621,,635,120,,3758,1081,,283,229,,1107,474,,,,
2024-01-20,13951,69,5021,32,2.78,9752,3461,,636,406,197,,663,,2900,957,,2633,734,541,130,,1142,347,271,81,,3293,835,,393,391,,234,403,,368,103,,267,18,,3091,798,,236,116,,3920,1629,,635,121,,3775,1081,,287,231,,1111,478,,,,
2024-01-21,13951,0,5021,0,2.78,9752,3461,,636,406,197,,663,,2900,957,,2633,734,541,130,,1142,347,271,81,,3293,835,,393,391,,234,403,,368,103,,267,18,,3091,798,,236,116,,3920,1629,,635,121,,3775,1081,,287,231,,1111,478,,,,
2024-01-22,14015,64,5057,36,2.77,9797,3488,,638,415,196,,651,,2929,958,,2633,734,541,130,,1142,347,271,81,,3293,835,,393,392,,234,403,,432,139,,267,18,,3091,798,,236,116,,3920,1630,,699,157,,3775,1081,,287,231,,1111,478,,,,
2024-01-23,14081,66,5069,12,2.78,9834,3497,,640,417,197,,675,,2932,958,,2661,736,541,130,,1140,347,271,81,,3316,835,,391,392,,234,404,,433,139,,268,18,,3099,801,,236,116,,3941,1631,,701,157,,3801,1083,,288,231,,1112,482,,,,
2024-01-24,14081,0,5069,0,2.78,9834,3497,,640,417,197,,675,,2932,958,,2661,736,541,130,,1140,347,271,81,,3316,835,,391,392,,234,404,,433,139,,268,18,,3099,801,,236,116,,3941,1631,,701,157,,3801,1083,,288,231,,1112,482,,,,
2024-01-25,14081,0,5069,0,2.78,9834,3497,,640,417,197,,675,,2932,958,,2661,736,541,130,,1140,347,271,81,,3316,835,,391,392,,234,404,,433,139,,268,18,,3099,801,,236,116,,3941,1631,,701,157,,3801,1083,,288,231,,1112,482,,,,
2024-01-26,14115,34,5072,3,2.78,9862,3500,,642,418,197,,679,,2932,957,,2666,737,541,130,,1155,349,271,81,,3324,837,,391,392,,235,404,,432,138,,268,18,,3102,802,,237,116,,3950,1633,,700,156,,3821,1086,,289,230,,1116,482,,,,
2024-01-27,14115,0,5072,0,2.78,9862,3500,,642,418,197,,679,,2932,957,,2666,737,541,130,,1155,349,271,81,,3324,837,,391,392,,235,404,,432,138,,268,18,,3102,802,,237,116,,3950,1633,,700,156,,3821,1086,,289,230,,1116,482,,,,
2024-01-28,14115,0,5072,0,2.78,9862,3500,,642,418,197,,679,,2932,957,,2666,737,541,130,,1155,349,271,81,,3324,837,,391,392,,235,404,,432,138,,268,18,,3102,802,,237,116,,3950,1633,,700,156,,3821,1086,,289,230,,1116,482,,,,
2024-01-29,14159,44,5081,9,2.79,9891,3505,,642,421,198,,694,,2932,957,,2678,736,541,130,,1162,350,271,81,,3343,837,,392,393,,235,404,,433,138,,268,18,,3104,804,,237,116,,3970,1634,,701,156,,3840,1086,,291,230,,1116,487,,,,
2024-01-30,14159,0,5081,0,2.79,9891,3505,,642,421,198,,694,,2932,957,,2678,736,541,130,,1162,350,271,81,,3343,837,,392,393,,235,404,,433,138,,268,18,,3104,804,,237,116,,3970,1634,,701,156,,3840,1086,,291,230,,1116,487,,,,
2024-01-31,14159,0,5081,0,2.79,9891,3505,,642,421,198,,694,,2932,957,,2678,736,541,130,,1162,350,271,81,,3343,837,,392,393,,235,404,,433,138,,268,18,,3104,804,,237,116,,3970,1634,,701,156,,3840,1086,,291,230,,1116,487,,,,
2024-02-01,14231,72,5089,8,2.80,9945,3513,,644,421,198,,710,,2932,957,,2701,736,541,130,,1178,350,271,81,,3359,839,,392,394,,236,406,,433,138,,269,18,,3114,804,,237,116,,3987,1639,,702,156,,3879,1086,,291,230,,1118,489,,,,
2024-02-02,14218,-13,5086,-3,2.80,9934,3511,,644,421,198,,708,,2932,956,,2700,736,541,130,,1175,350,271,81,,3358,839,,392,394,,236,406,,433,138,,269,18,,3111,801,,237,116,,3986,1639,,702,156,,3875,1086,,291,230,,1118,489,,,,
2024-02-03,14247,29,5097,11,2.80,9955,3518,,644,423,199,,715,,2933,957,,2710,739,542,130,,1185,350,271,81,,3362,839,,395,394,,235,407,,433,138,,269,18,,3112,803,,237,116,,3992,1640,,702,156,,3895,1089,,291,230,,1118,489,,,,
2024-02-04,14247,0,5097,0,2.80,9955,3518,,644,423,199,,715,,2933,957,,2709,739,542,130,,1179,350,271,81,,3361,839,,395,394,,235,407,,433,138,,269,18,,3112,803,,237,116,,3991,1640,,702,156,,3888,1089,,291,230,,1118,489,,,,
2024-02-05,14265,18,5099,2,2.80,9965,3520,,644,423,199,,723,,2933,957,,2714,740,542,130,,1184,350,271,81,,3364,839,,395,394,,234,407,,435,138,,269,18,,3113,804,,237,116,,3993,1640,,704,156,,3898,1090,,291,230,,1119,489,,,,
2024-02-06,14265,0,5099,0,2.80,9965,3520,,644,423,199,,723,,2933,957,,2714,740,542,130,,1184,350,271,81,,3364,839,,395,394,,234,407,,435,138,,269,18,,3113,804,,237,116,,3993,1640,,704,156,,3898,1090,,291,230,,1119,489,,,,
2024-02-07,14265,0,5099,0,2.80,9965,3520,,644,423,199,,723,,2933,957,,2714,740,542,130,,1184,350,271,81,,3364,839,,395,394,,234,407,,435,138,,269,18,,3113,804,,237,116,,3993,1640,,704,156,,3898,1090,,291,230,,1119,489,,,,
2024-02-08,14265,0,5099,0,2.80,9965,3520,,644,423,199,,723,,2933,957,,2714,740,542,130,,1184,350,271,81,,3364,839,,395,394,,234,407,,435,138,,269,18,,3113,804,,237,116,,3993,1640,,704,156,,3898,1090,,291,230,,1119,489,,,,
2024-02-09,14320,55,5118,19,2.80,10002,3534,,650,424,202,,734,,2934,958,,2729,741,542,130,,1190,350,271,81,,3388,841,,395,397,,234,408,,437,139,,269,18,,3118,806,,237,117,,4017,1646,,706,157,,3919,1091,,291,232,,1128,489,,,,
2024-02-10,14320,0,5118,0,2.80,10002,3534,,650,424,202,,734,,2934,958,,2729,741,542,130,,1190,350,271,81,,3388,841,,395,397,,234,408,,437,139,,269,18,,3118,806,,237,117,,4017,1646,,706,157,,3919,1091,,291,232,,1128,489,,,,
2024-02-11,14333,13,5129,11,2.79,10018,3543,,651,425,201,,732,,2932,960,,2726,741,541,130,,1187,350,271,81,,3400,844,,394,397,,234,408,,438,139,,269,18,,3124,806,,237,117,,4028,1649,,707,157,,3913,1091,,293,234,,1128,492,,,,
2024-02-12,14333,0,5129,0,2.79,10018,3543,,651,425,201,,732,,2932,960,,2726,741,541,130,,1187,350,271,81,,3400,844,,394,397,,234,408,,438,139,,269,18,,3124,806,,237,117,,4028,1649,,707,157,,3913,1091,,293,234,,1128,492,,,,
2024-02-13,14333,0,5129,0,2.79,10018,3543,,651,425,201,,732,,2932,960,,2726,741,541,130,,1187,350,271,81,,3400,844,,394,397,,234,408,,438,139,,269,18,,3124,806,,237,117,,4028,1649,,707,157,,3913,1091,,293,234,,1128,492,,,,
2024-02-14,14393,60,5157,28,2.79,10065,3565,,651,430,202,,742,,2935,960,,2735,742,541,130,,1193,351,272,81,,3421,848,,395,399,,235,409,,438,139,,269,18,,3138,819,,237,118,,4051,1656,,707,157,,3928,1093,,293,234,,1133,496,,,,
2024-02-15,14393,0,5157,0,2.79,10065,3565,,651,430,202,,742,,2935,960,,2735,742,541,130,,1193,351,272,81,,3421,848,,395,399,,235,409,,438,139,,269,18,,3138,819,,237,118,,4051,1656,,707,157,,3928,1093,,293,234,,1133,496,,,,
2024-02-16,14393,0,5157,0,2.79,10065,3565,,651,430,202,,742,,2935,960,,2735,742,541,130,,1193,351,272,81,,3421,848,,395,399,,235,409,,438,139,,269,18,,3138,819,,237,118,,4051,1656,,707,157,,3928,1093,,293,234,,1133,496,,,,
2024-02-17,14424,31,5169,12,2.79,10075,3579,,662,430,197,,754,,2933,963,,2742,742,540,130,,1196,353,270,81,,3435,848,,397,401,,236,410,,439,139,,271,18,,3135,820,,238,118,,4068,1659,,710,157,,3938,1095,,294,234,,1135,499,,,,
2024-02-18,14424,0,5169,0,2.79,10075,3579,,662,430,197,,754,,2933,963,,2742,742,540,130,,1196,353,270,81,,3435,848,,397,401,,236,410,,439,139,,271,18,,3135,820,,238,118,,4068,1659,,710,157,,3938,1095,,294,234,,1135,499,,,,
2024-02-19,14424,0,5169,0,2.79,10075,3579,,662,430,197,,754,,2933,963,,2742,742,540,130,,1196,353,270,81,,3435,848,,397,401,,236,410,,439,139,,271,18,,3135,820,,238,118,,4068,1659,,710,157,,3938,1095,,294,234,,1135,499,,,,
2024-02-20,14483,59,5193,24,2.79,10124,3598,,664,433,197,,760,,2935,965,,2754,748,541,131,,1209,355,270,81,,3451,853,,398,405,,236,412,,440,139,,271,18,,3139,820,,239,118,,4085,1670,,711,157,,3963,1103,,296,235,,1136,501,,,,
2024-02-21,14483,0,5193,0,2.79,10124,3598,,664,433,197,,760,,2935,965,,2754,748,541,131,,1209,355,270,81,,3451,853,,398,405,,236,411,,440,138,,271,18,,3139,821,,239,118,,4085,1669,,711,156,,3963,1103,,296,236,,1136,501,,,,
2024-02-22,14508,25,5212,19,2.78,10151,3610,,666,434,199,,759,,2932,969,,2752,748,539,131,,1214,356,269,81,,3469,862,,399,407,,235,413,,439,139,,273,18,,3123,827,,239,118,,4103,1682,,712,157,,3966,1104,,299,236,,1140,501,,,,
2024-02-23,14516,8,5213,1,2.78,10155,3611,,666,434,199,,763,,2932,969,,2754,748,539,131,,1214,356,269,81,,3474,862,,399,407,,235,413,,439,139,,273,18,,3123,827,,239,118,,4108,1682,,712,157,,3968,1104,,299,236,,1140,501,,,,
2024-02-24,14516,0,5213,0,2.78,10155,3611,,666,434,199,,763,,2932,969,,2754,748,539,131,,1214,356,269,81,,3474,862,,399,407,,235,413,,439,139,,273,18,,3123,827,,239,118,,4108,1682,,712,157,,3968,1104,,299,236,,1140,501,,,,
2024-02-25,14516,0,5213,0,2.78,10155,3611,,666,434,199,,763,,2932,969,,2754,748,539,131,,1214,356,269,81,,3474,862,,399,407,,235,413,,439,139,,273,18,,3123,827,,240,118,,4108,1682,,712,157,,3968,1104,,299,236,,1140,501,,,,
2024-02-26,14573,57,5235,22,2.78,10203,3625,,669,436,201,,768,,2933,973,,2759,749,539,131,,1220,356,269,81,,3496,865,,400,411,,235,414,,440,140,,273,18,,3135,829,,240,118,,4131,1690,,713,158,,3979,1105,,299,239,,1144,504,,,,
2024-02-27,14573,0,5236,1,2.78,10203,3626,,669,436,201,,768,,2933,973,,2758,749,539,131,,1220,357,269,81,,3496,865,,398,411,,235,414,,440,140,,274,18,,3134,829,,240,118,,4129,1690,,714,158,,3978,1106,,299,239,,1144,504,,,,
2024-02-28,14594,21,5267,31,2.77,10217,3644,,670,440,203,,770,,2937,980,,2764,749,539,131,,1219,357,268,81,,3513,868,,399,414,,235,417,,441,147,,274,18,,3142,829,,240,118,,4147,1699,,715,165,,3983,1106,,299,241,,1145,507,,,,
2024-02-29,14594,0,5267,0,2.77,10217,3644,,670,440,203,,770,,2937,980,,2764,749,539,131,,1219,357,268,81,,3513,868,,399,414,,235,417,,441,147,,274,18,,3142,829,,240,118,,4147,1699,,715,165,,3983,1106,,299,241,,1145,507,,,,
2024-03-01,14594,0,5267,0,2.77,10217,3644,,670,440,203,,770,,2937,980,,2764,749,539,131,,1219,357,268,81,,3513,868,,399,414,,235,417,,441,147,,274,18,,3142,829,,240,118,,4147,1699,,715,165,,3983,1106,,299,241,,1145,507,,,,
2024-03-02,14644,50,5281,14,2.77,10264,3651,,672,443,205,,773,,2935,982,,2774,750,537,131,,1226,358,268,81,,3532,870,,404,415,,235,419,,442,147,,274,18,,3129,832,,240,118,,4171,1704,,716,165,,4000,1108,,299,241,,1148,509,,,,
2024-03-03,14644,0,5281,0,2.77,10264,3651,,672,443,205,,773,,2935,982,,2774,750,537,131,,1226,358,268,81,,3532,870,,404,415,,235,419,,442,147,,274,18,,3129,832,,240,118,,4171,1704,,716,165,,4000,1108,,299,241,,1148,509,,,,
2024-03-04,14705,61,5305,24,2.77,10313,3669,,674,443,207,,783,,2935,986,,2791,754,537,131,,1237,358,268,81,,3556,872,,405,419,,235,419,,442,148,,274,18,,3135,835,,240,118,,4196,1710,,716,166,,4028,1112,,299,241,,1150,513,,,,
2024-03-05,14705,0,5305,0,2.77,10313,3669,,674,443,207,,783,,2935,986,,2791,754,537,131,,1237,358,268,81,,3556,872,,405,419,,235,419,,442,148,,274,18,,3135,835,,240,118,,4196,1710,,716,166,,4028,1112,,299,241,,1150,513,,,,
2024-03-06,14705,0,5305,0,2.77,10313,3669,,674,443,207,,783,,2935,986,,2791,754,537,131,,1237,358,268,81,,3556,872,,405,419,,235,419,,442,148,,274,18,,3135,835,,240,118,,4196,1710,,716,166,,4028,1112,,299,241,,1150,513,,,,
2024-03-07,14737,32,5320,15,2.77,10345,3676,,674,446,209,,782,,2936,989,,2803,757,537,131,,1243,359,268,81,,3564,872,,406,420,,236,419,,442,148,,274,18,,3134,837,,240,118,,4206,1711,,716,166,,4046,1116,,299,243,,1154,518,,,,
2024-03-08,14737,0,5320,0,2.77,10345,3676,,674,446,209,,782,,2936,989,,2803,757,537,131,,1243,359,268,81,,3564,872,,406,420,,236,419,,442,148,,274,18,,3134,837,,240,118,,4206,1711,,716,166,,4046,1116,,299,243,,1154,518,,,,
2024-03-09,14799,62,5334,14,2.77,10391,3684,,676,450,209,,795,,2937,991,,2813,757,537,131,,1251,359,268,81,,3589,874,,407,421,,237,419,,442,148,,274,18,,3144,839,,240,119,,4233,1714,,716,166,,4064,1116,,299,246,,1154,520,,,,
2024-03-10,14799,0,5334,0,2.77,10391,3684,,676,450,209,,795,,2937,991,,2813,757,537,131,,1251,359,268,81,,3589,874,,407,421,,237,419,,442,148,,274,18,,3144,839,,240,119,,4233,1714,,716,166,,4064,1116,,299,246,,1154,520,,,,
2024-03-11,14799,0,5334,0,2.77,10391,3684,,676,450,209,,795,,2937,991,,2813,757,537,131,,1251,359,268,81,,3589,874,,407,421,,237,419,,442,148,,274,18,,3144,839,,240,119,,4233,1714,,716,166,,4064,1116,,299,246,,1154,520,,,,
2024-03-12,14799,0,5334,0,2.77,10391,3684,,676,450,209,,795,,2937,991,,2813,757,537,131,,1251,359,268,81,,3589,874,,407,421,,237,419,,442,148,,274,18,,3144,839,,240,119,,4233,1714,,716,166,,4064,1116,,301,246,,1155,520,,,,
2024-03-13,14884,85,5363,29,2.78,10463,3707,,677,452,212,,806,,2938,992,,2827,765,537,131,,1261,360,268,81,,3620,875,,409,423,,238,420,,445,148,,274,18,,3152,842,,240,121,,4267,1718,,719,166,,4088,1125,,301,249,,1162,520,,,,
2024-03-14,14884,0,5363,0,2.78,10463,3707,,677,452,212,,806,,2938,992,,2827,765,537,131,,1261,360,268,81,,3620,875,,409,423,,238,420,,445,148,,274,18,,3152,842,,240,121,,4267,1718,,719,166,,4088,1125,,301,249,,1162,520,,,,
2024-03-15,14884,0,5363,0,2.78,10463,3707,,677,452,212,,806,,2938,992,,2827,765,537,131,,1261,360,268,81,,3620,875,,409,423,,238,420,,445,148,,274,18,,3152,842,,240,121,,4267,1718,,719,166,,4088,1125,,301,249,,1162,520,,,,
2024-03-16,14884,0,5363,0,2.78,10463,3707,,677,452,212,,806,,2938,992,,2827,765,537,131,,1261,360,268,81,,3620,875,,409,423,,238,420,,445,148,,274,18,,3152,842,,240,121,,4267,1718,,719,166,,4088,1125,,301,249,,1162,520,,,,
2024-03-17,14884,0,5363,0,2.78,10463,3707,,677,452,212,,806,,2938,992,,2827,765,537,131,,1261,360,268,81,,3620,875,,409,423,,238,420,,445,148,,274,18,,3152,842,,240,121,,4267,1718,,719,166,,4088,1125,,301,249,,1162,520,,,,
2024-03-18,14884,0,5363,0,2.78,10463,3707,,677,452,212,,806,,2938,992,,2827,765,537,131,,1261,360,268,81,,3620,875,,409,423,,238,420,,445,148,,274,18,,3152,842,,240,121,,4267,1718,,719,166,,4088,1125,,301,249,,1162,520,,,,
2024-03-19,14884,0,5363,0,2.78,10463,3707,,677,452,212,,806,,2938,992,,2827,765,537,131,,1261,360,268,81,,3620,875,,409,423,,238,420,,445,148,,274,18,,3152,842,,240,121,,4267,1718,,719,166,,4088,1125,,301,249,,1162,520,,,,
2024-03-20,14990,106,5403,40,2.77,10556,3735,,685,458,216,,813,,2936,994,,2850,775,536,131,,1270,361,268,81,,3654,881,,417,429,,239,422,,448,149,,274,18,,3166,846,,241,123,,4310,1732,,722,167,,4120,1136,,301,251,,1173,523,,,,
2024-03-21,14990,0,5403,0,2.77,10556,3735,,685,458,216,,813,,2936,994,,2850,775,536,131,,1270,361,268,81,,3654,881,,417,429,,239,422,,448,149,,274,18,,3166,846,,241,123,,4310,1732,,722,167,,4120,1136,,301,251,,1173,523,,,,
2024-03-22,14990,0,5403,0,2.77,10556,3735,,685,458,216,,813,,2936,994,,2850,775,536,131,,1270,361,268,81,,3654,881,,417,429,,239,422,,448,149,,274,18,,3166,846,,241,123,,4310,1732,,722,167,,4120,1136,,301,251,,1173,523,,,,
2024-03-23,14990,0,5403,0,2.77,10556,3735,,685,458,216,,813,,2936,994,,2850,775,536,131,,1270,361,268,81,,3654,881,,417,429,,239,422,,448,149,,274,18,,3166,846,,241,123,,4310,1732,,722,167,,4120,1136,,301,251,,1173,523,,,,
2024-03-24,15035,45,5421,18,2.77,10588,3747,,689,461,218,,821,,2937,995,,2856,781,537,131,,1273,362,268,81,,3677,882,,418,429,,239,422,,449,149,,274,18,,3175,846,,241,124,,4334,1733,,723,167,,4129,1143,,301,251,,1175,524,,,,
2024-03-25,15035,0,5421,0,2.77,10588,3747,,689,461,218,,821,,2937,995,,2856,781,537,131,,1273,362,268,81,,3677,882,,418,429,,239,422,,449,149,,274,18,,3175,846,,241,124,,4334,1733,,723,167,,4129,1143,,301,251,,1175,524,,,,
2024-03-26,15063,28,5435,14,2.77,10615,3760,,692,464,214,,821,,2935,997,,2864,780,534,131,,1272,361,268,81,,3692,882,,417,432,,239,425,,451,149,,274,18,,3174,847,,241,124,,4348,1739,,725,167,,4136,1141,,302,254,,1178,526,,,,
2024-03-27,15063,0,5435,0,2.77,10615,3760,,692,464,214,,821,,2935,997,,2864,780,534,131,,1272,361,268,81,,3692,882,,417,432,,239,425,,451,149,,274,18,,3174,847,,241,124,,4348,1739,,725,167,,4136,1141,,302,254,,1178,526,,,,
2024-03-28,15063,0,5435,0,2.77,10615,3760,,692,464,214,,821,,2935,997,,2864,780,534,131,,1272,361,268,81,,3692,882,,417,432,,239,425,,451,149,,274,18,,3174,847,,241,124,,4348,1739,,725,167,,4136,1141,,302,254,,1178,526,,,,
2024-03-29,15090,27,5454,19,2.77,10643,3775,,694,465,216,,823,,2930,998,,2873,782,533,131,,1275,363,268,81,,3696,884,,416,434,,239,426,,453,151,,274,18,,3176,849,,242,124,,4351,1744,,727,169,,4148,1145,,304,256,,1181,528,,,,
2024-03-30,15093,3,5454,0,2.77,10645,3775,,695,465,216,,823,,2930,998,,2873,782,533,131,,1275,363,268,81,,3699,884,,416,434,,239,426,,453,151,,274,18,,3176,849,,242,124,,4354,1744,,727,169,,4148,1145,,304,256,,1181,528,,,,
2024-03-31,15093,0,5454,0,2.77,10645,3775,,695,465,216,,823,,2930,998,,2873,782,533,131,,1275,363,268,81,,3699,884,,416,434,,239,426,,453,151,,274,18,,3176,849,,242,124,,4354,1744,,727,169,,4148,1145,,304,256,,1181,528,,,,
2024-04-01,15123,30,5473,19,2.76,10671,3787,,698,467,219,,823,,2931,1000,,2878,786,533,131,,1276,363,268,81,,3709,888,,418,437,,239,427,,456,151,,274,18,,3180,852,,242,124,,4366,1752,,730,169,,4154,1149,,306,256,,1183,530,,,,
2024-04-02,15123,0,5473,0,2.76,10671,3787,,698,467,219,,823,,2931,1000,,2878,786,533,131,,1276,363,268,81,,3709,888,,418,437,,239,427,,456,151,,274,18,,3180,852,,242,124,,4366,1752,,730,169,,4154,1149,,306,256,,1183,530,,,,
2024-04-03,15123,0,5473,0,2.76,10671,3787,,698,467,219,,823,,2931,1000,,2878,786,533,131,,1276,363,268,81,,3709,888,,418,437,,239,427,,456,151,,274,18,,3180,852,,242,124,,4366,1752,,730,169,,4154,1149,,306,256,,1183,530,,,,
2024-04-04,15208,85,5506,33,2.76,10741,3813,,696,469,220,,838,,2933,1004,,2891,790,534,131,,1282,364,268,81,,3748,892,,420,438,,240,427,,457,151,,276,18,,3190,855,,242,127,,4408,1757,,733,169,,4173,1154,,306,261,,1188,533,,,,
2024-04-05,15208,0,5506,0,2.76,10741,3813,,696,469,220,,838,,2933,1004,,2891,790,534,131,,1282,364,268,81,,3748,892,,420,438,,240,427,,457,151,,276,18,,3190,855,,242,127,,4408,1757,,733,169,,4173,1154,,306,261,,1188,533,,,,
2024-04-06,15208,0,5506,0,2.76,10741,3813,,696,469,220,,838,,2933,1004,,2891,790,534,131,,1282,364,268,81,,3748,892,,420,438,,240,427,,457,151,,276,18,,3190,855,,242,127,,4408,1757,,733,169,,4173,1154,,306,261,,1188,533,,,,
2024-04-07,15264,56,5526,20,2.76,10780,3824,,697,472,223,,853,,2934,1007,,2906,793,534,131,,1285,362,268,82,,3773,896,,421,440,,240,430,,457,152,,276,18,,3198,860,,242,127,,4434,1766,,733,170,,4191,1155,,306,262,,1190,538,,,,
2024-04-08,15264,0,5526,0,2.76,10780,3824,,697,472,223,,853,,2934,1007,,2906,793,534,131,,1285,362,268,82,,3773,896,,421,440,,240,430,,457,152,,276,18,,3198,860,,242,127,,4434,1766,,733,170,,4191,1155,,306,262,,1190,538,,,,
2024-04-09,15264,0,5526,0,2.76,10780,3824,,697,472,223,,853,,2934,1007,,2906,793,534,131,,1285,362,268,82,,3773,896,,421,440,,240,430,,457,152,,276,18,,3198,860,,242,127,,4434,1766,,733,170,,4191,1155,,306,262,,1190,538,,,,
2024-04-10,15336,72,5534,8,2.77,10851,3830,,698,474,223,,853,,2934,1007,,2920,794,534,131,,1290,362,268,82,,3812,896,,421,441,,240,432,,458,152,,276,18,,3203,861,,244,127,,4473,1769,,734,170,,4210,1156,,306,262,,1192,540,,,,
2024-04-11,15336,0,5534,0,2.77,10851,3830,,698,474,223,,853,,2934,1007,,2920,794,534,131,,1290,362,268,82,,3812,896,,421,441,,240,432,,458,152,,276,18,,3203,861,,244,127,,4473,1769,,734,170,,4210,1156,,306,262,,1192,540,,,,
2024-04-12,15336,0,5531,-3,2.77,10851,3828,,698,474,223,,853,,2934,1006,,2920,794,534,131,,1290,362,268,82,,3812,896,,421,441,,240,432,,458,152,,276,18,,3203,861,,244,127,,4473,1769,,734,170,,4210,1156,,306,262,,1192,540,,,,
2024-04-13,15400,64,5556,25,2.77,10901,3852,,706,474,224,,860,,2933,1006,,2931,796,533,131,,1293,363,268,82,,3841,898,,421,443,,240,436,,460,154,,276,18,,3215,865,,244,127,,4502,1777,,736,172,,4224,1159,,309,265,,1194,543,,,,
2024-04-14,15400,0,5556,0,2.77,10901,3852,,706,474,224,,860,,2933,1006,,2931,796,533,131,,1293,363,268,82,,3841,898,,421,443,,240,436,,460,154,,276,18,,3215,865,,244,127,,4502,1777,,736,172,,4224,1159,,309,265,,1194,543,,,,
2024-04-15,15400,0,5556,0,2.77,10901,3852,,706,474,224,,860,,2933,1006,,2931,796,533,131,,1293,363,268,82,,3841,898,,421,443,,240,436,,460,154,,276,18,,3215,865,,244,127,,4502,1777,,736,172,,4224,1159,,309,265,,1194,543,,,,
2024-04-16,15464,64,5561,5,2.78,10952,3852,,711,477,226,,867,,2934,1006,,2944,798,533,131,,1301,365,268,82,,3855,901,,423,444,,240,437,,460,154,,276,18,,3235,866,,244,127,,4518,1782,,736,172,,4245,1163,,312,266,,1198,546,,,,
2024-04-17,15464,0,5561,0,2.78,10952,3852,,711,477,226,,867,,2934,1006,,2944,798,533,131,,1298,365,268,82,,3855,900,,423,444,,240,437,,460,154,,276,18,,3235,867,,244,127,,4518,1781,,736,172,,4242,1163,,312,265,,1198,546,,,,
2024-04-18,15464,0,5561,0,2.78,10952,3852,,711,477,226,,867,,2934,1006,,2944,798,533,131,,1298,365,268,82,,3855,900,,423,444,,240,437,,460,154,,276,18,,3235,867,,244,127,,4518,1781,,736,172,,4242,1163,,312,265,,1198,546,,,,
2024-04-19,15464,0,5545,-16,2.79,10952,3857,,711,475,221,,867,,2934,992,,2944,790,533,131,,1298,365,268,82,,3854,896,,423,437,,240,435,,460,154,,276,18,,3235,860,,244,127,,4517,1768,,736,172,,4242,1155,,312,265,,1194,546,,,,
2024-04-20,15425,-39,5568,23,2.77,10945,3874,,711,478,222,,858,,2911,994,,2922,794,521,131,,1298,365,266,82,,3853,897,,422,439,,241,435,,462,154,,276,18,,3221,865,,245,129,,4516,1771,,738,172,,4220,1159,,316,267,,1193,549,,,,
2024-04-21,15427,2,5568,0,2.77,10957,3874,,711,478,222,,858,,2901,994,,2922,794,514,131,,1298,365,266,82,,3855,897,,422,439,,241,435,,459,154,,276,18,,3221,865,,245,129,,4518,1771,,735,172,,4220,1159,,316,267,,1193,549,,,,
2024-04-22,15427,0,5568,0,2.77,10957,3874,,711,478,222,,858,,2901,994,,2922,794,514,131,,1298,365,266,82,,3855,897,,422,439,,241,435,,459,154,,276,18,,3221,865,,245,129,,4518,1771,,735,172,,4220,1159,,316,267,,1193,549,,,,
2024-04-23,15427,0,5568,0,2.77,10957,3874,,711,478,222,,858,,2901,994,,2922,794,514,131,,1298,365,266,82,,3855,897,,422,439,,241,435,,459,154,,276,18,,3221,865,,245,129,,4518,1771,,735,172,,4220,1159,,316,267,,1193,549,,,,
2024-04-24,15475,48,5583,15,2.77,10995,3888,,713,478,223,,865,,2902,994,,2930,795,514,131,,1300,366,266,82,,3873,897,,423,441,,241,437,,460,154,,276,18,,3231,866,,245,130,,4537,1775,,736,172,,4230,1161,,318,270,,1197,551,,,,
2024-04-25,15475,0,5585,2,2.77,10995,3888,,713,478,222,,865,,2902,997,,2930,795,514,131,,1298,366,266,82,,3875,897,,423,441,,241,437,,460,154,,276,18,,3228,868,,245,130,,4539,1775,,736,172,,4228,1161,,318,270,,1197,551,,,,
2024-04-26,15475,0,5585,0,2.77,10995,3888,,713,478,222,,865,,2902,997,,2930,795,514,131,,1298,366,266,82,,3875,897,,423,441,,241,437,,460,154,,276,18,,3228,868,,245,130,,4539,1775,,736,172,,4228,1161,,318,270,,1197,551,,,,
2024-04-27,15513,38,5603,18,2.77,11031,3902,,713,479,220,,869,,2900,1002,,2936,797,514,131,,1305,367,267,82,,3886,897,,423,443,,241,442,,460,154,,276,18,,3232,868,,245,130,,4550,1782,,736,172,,4241,1164,,321,270,,1202,553,,,,
2024-04-28,15513,0,5603,0,2.77,11031,3902,,713,479,220,,869,,2900,1002,,2936,797,514,131,,1305,367,267,82,,3886,897,,423,443,,241,442,,460,154,,276,18,,3232,868,,245,130,,4550,1782,,736,172,,4241,1164,,321,270,,1202,553,,,,
2024-04-29,15513,0,5603,0,2.77,11031,3902,,713,479,220,,869,,2900,1002,,2936,797,514,131,,1305,367,267,82,,3886,897,,423,443,,241,442,,460,154,,276,18,,3232,868,,245,130,,4550,1782,,736,172,,4241,1164,,321,270,,1202,553,,,,
2024-04-30,15513,0,5603,0,2.77,11031,3902,,713,479,220,,869,,2900,1002,,2936,797,514,131,,1305,367,267,82,,3886,897,,423,443,,241,442,,460,154,,276,18,,3232,868,,245,130,,4550,1782,,736,172,,4241,1164,,321,270,,1202,553,,,,
2024-05-01,15573,60,5624,21,2.77,11082,3920,,714,481,220,,874,,2903,1003,,2948,797,514,131,,1309,370,267,82,,3908,900,,426,446,,241,444,,463,154,,276,18,,3240,870,,246,130,,4575,1790,,739,172,,4257,1167,,322,271,,1202,556,,,,
2024-05-02,15573,0,5624,0,2.77,11082,3920,,714,481,220,,874,,2903,1003,,2948,797,514,131,,1309,370,267,82,,3908,900,,426,446,,241,444,,463,154,,276,18,,3240,870,,246,130,,4575,1790,,739,172,,4257,1167,,322,271,,1202,556,,,,
2024-05-03,15573,0,5624,0,2.77,11082,3920,,714,481,220,,874,,2903,1003,,2948,797,514,131,,1309,370,267,82,,3908,900,,426,446,,241,444,,463,154,,276,18,,3240,870,,246,130,,4575,1790,,739,172,,4257,1167,,322,271,,1202,556,,,,
2024-05-04,15624,51,5634,10,2.77,11125,3927,,715,482,221,,881,,2903,1004,,2969,800,514,131,,1314,372,267,82,,3924,901,,429,447,,241,444,,463,154,,276,18,,3241,869,,246,130,,4594,1792,,739,172,,4283,1172,,322,271,,1204,557,,,,
2024-05-05,15624,0,5634,0,2.77,11125,3927,,715,482,221,,881,,2903,1004,,2969,800,514,131,,1314,372,267,82,,3924,901,,429,447,,241,444,,463,154,,276,18,,3241,869,,246,130,,4594,1792,,739,172,,4283,1172,,322,271,,1204,557,,,,
2024-05-06,15624,0,5634,0,2.77,11125,3927,,715,482,221,,881,,2903,1004,,2969,800,514,131,,1314,372,267,82,,3924,901,,429,447,,241,444,,463,154,,276,18,,3241,869,,246,130,,4594,1792,,739,172,,4283,1172,,322,271,,1204,557,,,,
2024-05-07,15624,0,5634,0,2.77,11125,3927,,715,482,221,,881,,2903,1004,,2969,800,514,131,,1314,372,267,82,,3924,901,,429,447,,241,444,,463,154,,276,18,,3241,869,,246,130,,4594,1792,,739,172,,4283,1172,,322,271,,1204,557,,,,
2024-05-08,15724,100,5679,45,2.77,11202,3964,,719,484,225,,900,,2903,1006,,3000,808,514,132,,1321,374,267,82,,3954,907,,431,454,,241,448,,467,154,,276,19,,3253,878,,246,130,,4626,1809,,743,173,,4321,1182,,326,271,,1209,561,,,,
2024-05-09,15724,0,5679,0,2.77,11202,3964,,719,484,225,,900,,2903,1006,,3000,808,514,132,,1321,374,267,82,,3954,907,,431,454,,241,448,,467,154,,276,19,,3253,878,,246,130,,4626,1809,,743,173,,4321,1182,,326,271,,1209,561,,,,
2024-05-10,15724,0,5678,-1,2.77,11202,3963,,719,485,225,,900,,2903,1005,,3000,809,514,132,,1321,374,267,82,,3954,906,,431,454,,241,447,,467,154,,276,19,,3253,878,,246,130,,4626,1807,,743,173,,4321,1183,,326,271,,1209,561,,,,
2024-05-11,15763,39,5708,30,2.76,11237,3984,,721,488,229,,903,,2902,1007,,3005,815,515,132,,1327,374,266,82,,3967,908,,435,454,,244,449,,468,154,,276,19,,3256,880,,247,130,,4646,1811,,744,173,,4332,1189,,327,275,,1210,565,,,,
2024-05-12,15763,0,5708,0,2.76,11237,3984,,721,488,229,,903,,2902,1007,,3005,815,515,132,,1327,374,266,82,,3967,908,,435,454,,244,449,,468,154,,276,19,,3256,880,,247,130,,4646,1811,,744,173,,4332,1189,,327,275,,1210,565,,,,
2024-05-13,15763,0,5708,0,2.76,11237,3984,,721,488,229,,903,,2902,1007,,3005,815,515,132,,1327,374,266,82,,3967,908,,435,454,,244,449,,468,154,,276,19,,3256,880,,247,130,,4646,1811,,744,173,,4332,1189,,327,275,,1210,565,,,,
2024-05-14,15830,67,5729,21,2.76,11304,4000,,722,488,232,,902,,2902,1009,,3021,819,515,133,,1334,374,266,82,,3999,910,,436,459,,245,450,,470,154,,276,19,,3260,880,,247,130,,4680,1819,,746,173,,4355,1193,,328,277,,1211,567,,,,
2024-05-15,15830,0,5729,0,2.76,11304,4000,,722,488,232,,902,,2902,1009,,3021,819,515,133,,1334,374,266,82,,3999,910,,436,459,,245,450,,470,154,,276,19,,3260,880,,247,130,,4680,1819,,746,173,,4355,1193,,328,277,,1211,567,,,,
2024-05-16,15830,0,5729,0,2.76,11304,4000,,722,488,232,,902,,2902,1009,,3021,819,515,133,,1334,374,266,82,,3999,910,,436,459,,245,450,,470,154,,276,19,,3260,880,,247,130,,4680,1819,,746,173,,4355,1193,,328,277,,1211,567,,,,
2024-05-17,15878,48,5771,42,2.75,11349,4026,,723,497,237,,904,,2902,1011,,3036,822,515,133,,1337,374,266,82,,4007,914,,436,466,,245,451,,472,155,,276,19,,3263,887,,250,132,,4688,1831,,748,174,,4373,1196,,329,280,,1219,571,,,,
2024-05-18,15878,0,5771,0,2.75,11349,4026,,723,497,237,,904,,2902,1011,,3036,822,515,133,,1337,374,266,82,,4007,914,,436,466,,245,451,,472,155,,276,19,,3263,887,,250,132,,4688,1831,,748,174,,4373,1196,,329,280,,1219,571,,,,
2024-05-19,15878,0,5771,0,2.75,11349,4026,,723,497,237,,904,,2902,1011,,3036,822,515,133,,1337,374,266,82,,4007,914,,436,466,,245,451,,472,155,,276,19,,3263,887,,250,132,,4688,1831,,748,174,,4373,1196,,329,280,,1219,571,,,,
2024-05-20,15920,42,5791,20,2.75,11388,4044,,723,498,238,,903,,2906,1011,,3048,827,516,133,,1346,374,269,82,,4015,917,,437,466,,245,453,,474,155,,276,19,,3267,889,,250,132,,4697,1836,,750,174,,4394,1201,,329,280,,1224,573,,,,
2024-05-21,15920,0,5791,0,2.75,11388,4044,,723,498,238,,903,,2906,1011,,3048,827,516,133,,1346,374,269,82,,4015,917,,437,466,,245,453,,474,155,,276,19,,3267,889,,250,132,,4697,1836,,750,174,,4394,1201,,329,280,,1224,573,,,,
2024-05-22,15920,0,5791,0,2.75,11388,4044,,723,498,238,,903,,2906,1011,,3048,827,516,133,,1346,374,269,82,,4015,917,,437,466,,245,453,,474,155,,276,19,,3267,889,,250,132,,4697,1836,,750,174,,4394,1201,,329,280,,1224,573,,,,
2024-05-23,15945,25,5802,11,2.75,11407,4054,,725,499,238,,908,,2905,1011,,3054,827,516,133,,1348,374,268,82,,4022,917,,441,467,,246,455,,474,155,,276,19,,3270,889,,250,134,,4709,1839,,750,174,,4402,1201,,329,282,,1227,574,,,,
2024-05-24,15945,0,5802,0,2.75,11407,4054,,725,499,238,,908,,2905,1011,,3054,827,516,133,,1348,374,268,82,,4022,917,,441,467,,246,455,,474,155,,276,19,,3270,889,,250,134,,4709,1839,,750,174,,4402,1201,,329,282,,1227,574,,,,
2024-05-25,15945,0,5802,0,2.75,11407,4054,,725,499,238,,908,,2905,1011,,3054,827,516,133,,1348,374,268,82,,4022,917,,441,467,,246,455,,474,155,,276,19,,3270,889,,250,134,,4709,1839,,750,174,,4402,1201,,329,282,,1227,574,,,,
2024-05-26,16031,86,5819,17,2.75,11486,4070,,725,499,239,,910,,2910,1011,,3066,829,517,133,,1358,377,269,82,,4052,920,,441,467,,248,456,,478,156,,277,19,,3277,891,,251,134,,4741,1843,,755,175,,4424,1206,,336,284,,1230,575,,,,
2024-05-27,16031,0,5819,0,2.75,11486,4070,,725,499,239,,910,,2910,1011,,3066,829,517,133,,1358,377,269,82,,4052,920,,441,467,,248,456,,478,156,,277,19,,3277,891,,251,134,,4741,1843,,755,175,,4424,1206,,336,284,,1230,575,,,,
2024-05-28,16031,0,5819,0,2.75,11486,4070,,725,499,239,,910,,2910,1011,,3066,829,517,133,,1358,377,269,82,,4052,920,,441,467,,248,456,,478,156,,277,19,,3277,891,,251,134,,4741,1843,,755,175,,4424,1206,,336,284,,1230,575,,,,
2024-05-29,16031,0,5819,0,2.75,11486,4070,,725,499,239,,910,,2910,1011,,3066,829,517,133,,1358,376,269,82,,4052,920,,441,467,,248,456,,478,156,,277,19,,3277,891,,251,134,,4741,1843,,755,175,,4424,1205,,336,284,,1230,575,,,,
2024-05-30,16089,58,5838,19,2.76,11537,4084,,730,501,240,,912,,2910,1013,,3077,833,517,134,,1364,377,269,82,,4072,921,,442,468,,248,457,,483,157,,278,19,,3282,894,,251,134,,4762,1846,,761,176,,4441,1210,,338,285,,1235,579,,,,
2024-05-31,16089,0,5838,0,2.76,11537,4084,,730,501,240,,912,,2910,1013,,3077,833,517,134,,1364,377,269,82,,4072,921,,442,468,,248,457,,483,157,,278,19,,3282,894,,251,134,,4762,1846,,761,176,,4441,1210,,338,285,,1235,579,,,,
2024-06-01,16089,0,5838,0,2.76,11537,4084,,730,501,240,,912,,2910,1013,,3077,833,517,134,,1364,377,269,82,,4072,921,,442,468,,248,457,,483,157,,278,19,,3282,894,,251,134,,4762,1846,,761,176,,4441,1210,,338,285,,1235,579,,,,
2024-06-02,16129,40,5852,14,2.76,11575,4097,,730,503,241,,915,,2909,1011,,3079,835,516,134,,1373,380,269,82,,4081,922,,446,472,,248,459,,487,157,,278,19,,3288,898,,251,134,,4775,1853,,765,176,,4452,1215,,339,286,,1238,584,,,,
2024-06-03,16129,0,5852,0,2.76,11575,4097,,730,503,241,,915,,2909,1011,,3079,835,516,134,,1373,380,269,82,,4081,922,,446,472,,248,459,,487,157,,278,19,,3288,898,,251,134,,4775,1853,,765,176,,4452,1215,,339,286,,1238,584,,,,
2024-06-04,16129,0,5852,0,2.76,11575,4097,,730,503,241,,915,,2909,1011,,3079,835,516,134,,1373,380,269,82,,4081,922,,446,472,,248,459,,487,157,,278,19,,3288,898,,251,134,,4775,1853,,765,176,,4452,1215,,339,286,,1238,584,,,,
2024-06-05,16199,70,5875,23,2.76,11633,4115,,733,503,244,,924,,2909,1013,,3093,839,516,134,,1377,381,269,82,,4100,924,,451,477,,249,462,,495,157,,278,19,,3292,898,,251,134,,4800,1863,,773,176,,4470,1220,,343,288,,1244,585,,,,
2024-06-06,16199,0,5875,0,2.76,11633,4115,,733,503,244,,924,,2909,1013,,3093,839,516,134,,1377,381,269,82,,4100,924,,451,477,,249,462,,495,157,,278,19,,3292,898,,251,134,,4800,1863,,773,176,,4470,1220,,343,288,,1244,585,,,,
2024-06-07,16199,0,5875,0,2.76,11633,4115,,733,503,244,,924,,2909,1013,,3093,839,516,134,,1377,381,269,82,,4100,924,,451,477,,249,462,,495,157,,278,19,,3292,898,,251,134,,4800,1863,,773,176,,4470,1220,,343,288,,1244,585,,,,
2024-06-08,16256,57,5896,21,2.76,11679,4135,,738,503,245,,930,,2909,1013,,3106,841,516,134,,1383,381,269,82,,4115,929,,452,478,,249,463,,496,157,,279,19,,3305,900,,251,134,,4816,1870,,775,176,,4489,1222,,344,292,,1249,585,,,,
2024-06-09,16257,1,5896,0,2.76,11679,4135,,739,503,245,,930,,2909,1013,,3106,841,516,134,,1383,381,269,82,,4115,929,,452,478,,249,463,,496,157,,279,19,,3305,900,,252,134,,4816,1870,,775,176,,4489,1222,,344,292,,1249,585,,,,
2024-06-10,16257,0,5896,0,2.76,11679,4135,,739,503,245,,930,,2909,1013,,3106,841,516,134,,1382,381,269,82,,4115,929,,452,478,,249,463,,496,157,,279,19,,3305,900,,252,134,,4816,1870,,775,176,,4488,1222,,344,292,,1249,585,,,,
2024-06-11,16351,94,5924,28,2.76,11766,4158,,742,504,246,,935,,2908,1016,,3129,842,517,134,,1392,382,269,82,,4146,933,,454,478,,249,467,,502,158,,279,19,,3316,904,,253,136,,4849,1878,,781,177,,4521,1224,,345,293,,1255,588,,,,
2024-06-12,16351,0,5924,0,2.76,11766,4158,,742,504,246,,935,,2908,1016,,3129,842,517,134,,1392,382,269,82,,4146,933,,454,478,,249,467,,502,158,,279,19,,3316,904,,253,136,,4849,1878,,781,177,,4521,1224,,345,293,,1255,588,,,,
2024-06-13,16351,0,5924,0,2.76,11766,4158,,742,504,246,,935,,2908,1016,,3129,842,517,134,,1392,382,269,82,,4146,933,,454,478,,249,467,,502,158,,279,19,,3316,904,,253,136,,4849,1878,,781,177,,4521,1224,,345,293,,1255,588,,,,
2024-06-14,16422,71,5950,26,2.76,11835,4176,,745,507,250,,935,,2907,1017,,3134,845,516,134,,1400,383,269,82,,4161,939,,455,478,,250,467,,505,159,,279,19,,3337,907,,255,136,,4866,1884,,784,178,,4534,1228,,351,299,,1259,590,,,,
2024-06-15,16422,0,5950,0,2.76,11835,4176,,745,507,250,,935,,2907,1017,,3134,845,516,134,,1400,383,269,82,,4161,939,,455,478,,250,467,,505,159,,279,19,,3337,907,,255,136,,4866,1884,,784,178,,4534,1228,,351,299,,1259,590,,,,
2024-06-16,16422,0,5966,16,2.75,11835,4186,,745,508,254,,935,,2907,1018,,3137,846,516,134,,1402,384,269,82,,4170,946,,454,480,,251,468,,512,159,,280,19,,3347,908,,255,136,,4875,1894,,792,178,,4539,1230,,351,299,,1263,591,,,,
2024-06-17,16472,50,5973,7,2.76,11881,4192,,747,509,254,,937,,2907,1018,,3139,847,516,134,,1402,384,269,82,,4171,946,,455,480,,253,468,,514,159,,280,19,,3351,909,,255,136,,4879,1894,,794,178,,4541,1231,,351,299,,1263,593,,,,
2024-06-18,16472,0,5973,0,2.76,11881,4192,,747,509,254,,937,,2907,1018,,3139,847,516,134,,1402,384,269,82,,4171,946,,455,480,,253,468,,514,159,,280,19,,3351,909,,255,136,,4879,1894,,794,178,,4541,1231,,351,299,,1263,593,,,,
2024-06-19,16472,0,5973,0,2.76,11881,4192,,747,509,254,,937,,2907,1018,,3139,847,516,134,,1402,384,269,82,,4171,946,,455,480,,253,468,,514,159,,280,19,,3351,909,,255,136,,4879,1894,,794,178,,4541,1231,,351,299,,1263,593,,,,
2024-06-20,16534,62,5995,22,2.76,11934,4209,,748,510,257,,941,,2911,1019,,3153,852,517,134,,1415,384,269,82,,4190,952,,457,480,,253,470,,517,159,,280,19,,3357,910,,255,137,,4900,1902,,797,178,,4568,1236,,351,300,,1264,594,,,,
2024-06-21,16534,0,5995,0,2.76,11934,4209,,748,510,257,,941,,2911,1019,,3153,852,517,134,,1415,384,269,82,,4190,952,,457,480,,253,470,,517,159,,280,19,,3357,910,,255,137,,4900,1902,,797,178,,4568,1236,,351,300,,1264,594,,,,
2024-06-22,16534,0,5995,0,2.76,11934,4209,,748,510,257,,941,,2911,1019,,3153,852,517,134,,1415,384,269,82,,4190,952,,457,480,,253,470,,517,159,,280,19,,3357,910,,255,137,,4900,1902,,797,178,,4568,1236,,351,300,,1264,594,,,,
2024-06-23,16568,34,5999,4,2.76,11960,4212,,751,510,258,,946,,2911,1019,,3160,852,517,134,,1419,385,269,82,,4202,953,,459,480,,253,470,,518,159,,282,19,,3361,911,,257,137,,4914,1903,,800,178,,4579,1237,,351,300,,1264,594,,,,
2024-06-24,16568,0,5999,0,2.76,11960,4212,,751,510,258,,946,,2911,1019,,3160,852,517,134,,1419,385,269,82,,4202,953,,459,480,,253,470,,518,159,,282,19,,3361,911,,257,137,,4914,1903,,800,178,,4579,1237,,351,300,,1264,594,,,,
2024-06-25,16568,0,5999,0,2.76,11960,4212,,751,510,258,,946,,2911,1019,,3160,852,517,134,,1419,385,269,82,,4202,953,,459,480,,253,470,,518,159,,282,19,,3361,911,,257,137,,4914,1903,,800,178,,4579,1237,,351,300,,1264,594,,,,
2024-06-26,16619,51,6013,14,2.76,12008,4221,,752,512,259,,946,,2913,1021,,3173,854,518,134,,1425,385,270,82,,4216,954,,459,481,,253,471,,519,159,,282,19,,3367,912,,257,137,,4928,1906,,801,178,,4598,1239,,354,302,,1270,595,,,,
2024-06-27,16619,0,6013,0,2.76,12008,4221,,752,512,259,,946,,2913,1021,,3173,854,518,134,,1425,385,270,82,,4216,954,,459,481,,253,471,,519,159,,282,19,,3367,912,,257,137,,4928,1906,,801,178,,4598,1239,,354,302,,1270,595,,,,
2024-06-28,16619,0,6013,0,2.76,12008,4221,,752,512,259,,946,,2913,1021,,3173,854,518,134,,1425,385,270,82,,4216,954,,459,481,,253,471,,519,159,,282,19,,3367,912,,257,137,,4928,1906,,801,178,,4598,1239,,354,302,,1270,595,,,,
2024-06-29,16673,54,6031,18,2.76,12056,4239,,754,512,259,,947,,2916,1021,,3180,858,518,134,,1438,387,271,82,,4231,959,,459,486,,254,471,,522,161,,282,19,,3374,916,,257,138,,4944,1916,,804,180,,4618,1245,,356,302,,1273,596,,,,
2024-06-30,16673,0,6031,0,2.76,12056,4239,,754,512,259,,947,,2916,1021,,3180,858,518,134,,1438,387,271,82,,4231,959,,459,486,,254,471,,522,161,,282,19,,3374,916,,257,138,,4944,1916,,804,180,,4618,1245,,356,302,,1273,596,,,,
2024-07-01,16673,0,6031,0,2.76,12056,4239,,754,512,259,,947,,2916,1021,,3180,858,518,134,,1438,387,271,82,,4231,959,,459,486,,254,471,,522,161,,282,19,,3374,916,,257,138,,4944,1916,,804,180,,4618,1245,,356,302,,1273,596,,,,
2024-07-02,16706,33,6042,11,2.76,12083,4250,,755,512,259,,952,,2916,1021,,3184,858,518,134,,1439,387,271,82,,4245,962,,459,486,,255,471,,522,163,,282,19,,3382,916,,257,140,,4959,1919,,804,182,,4623,1245,,356,304,,1276,597,,,,
2024-07-03,16706,0,6042,0,2.76,12083,4250,,755,512,259,,952,,2916,1021,,3184,858,518,134,,1439,387,271,82,,4245,962,,459,486,,255,471,,522,163,,282,19,,3382,916,,257,140,,4959,1919,,804,182,,4623,1245,,356,304,,1276,597,,,,
2024-07-04,16706,0,6042,0,2.76,12083,4250,,755,512,259,,952,,2916,1021,,3184,858,518,134,,1439,387,271,82,,4245,962,,459,486,,255,471,,522,163,,282,19,,3382,916,,257,140,,4959,1919,,804,182,,4623,1245,,356,304,,1276,597,,,,
2024-07-05,16751,45,6060,18,2.76,12127,4263,,756,513,260,,951,,2917,1024,,3197,857,518,134,,1448,387,271,82,,4252,963,,460,487,,256,471,,524,165,,283,19,,3386,917,,257,141,,4968,1921,,807,184,,4645,1244,,357,305,,1280,601,,,,
2024-07-06,16751,0,6060,0,2.76,12127,4263,,756,513,260,,951,,2917,1024,,3197,857,518,134,,1448,387,271,82,,4252,963,,460,487,,256,471,,524,165,,283,19,,3386,917,,257,141,,4968,1921,,807,184,,4645,1244,,357,305,,1280,601,,,,
2024-07-07,16751,0,6060,0,2.76,12127,4263,,756,513,260,,951,,2917,1024,,3197,857,518,134,,1448,387,271,82,,4252,963,,460,487,,256,471,,524,165,,283,19,,3386,917,,257,141,,4968,1921,,807,184,,4645,1244,,357,305,,1280,601,,,,
2024-07-08,16808,57,6075,15,2.77,12179,4275,,756,513,261,,956,,2917,1026,,3209,860,518,135,,1451,387,271,82,,4264,963,,462,489,,256,477,,529,165,,283,19,,3400,915,,257,141,,4982,1929,,812,184,,4660,1247,,358,306,,1284,603,,,,
2024-07-09,16808,0,6075,0,2.77,12179,4275,,756,513,261,,956,,2917,1026,,3209,860,518,135,,1451,387,271,82,,4264,963,,462,489,,256,477,,529,165,,283,19,,3400,915,,257,141,,4982,1929,,812,184,,4660,1247,,358,306,,1284,603,,,,
2024-07-10,16808,0,6075,0,2.77,12179,4275,,756,513,261,,956,,2917,1026,,3208,860,518,135,,1451,387,271,82,,4265,963,,462,489,,256,477,,529,165,,283,19,,3400,915,,257,141,,4983,1929,,812,184,,4659,1247,,358,306,,1284,603,,,,
2024-07-11,16853,45,6088,13,2.77,12212,4286,,758,513,262,,964,,2919,1027,,3219,862,518,135,,1461,387,271,82,,4276,964,,463,491,,258,477,,529,166,,283,19,,3402,918,,257,143,,4997,1932,,812,185,,4680,1249,,360,306,,1289,603,,,,
2024-07-12,16853,0,6088,0,2.77,12212,4286,,758,513,262,,964,,2919,1027,,3219,862,518,135,,1461,387,271,82,,4276,964,,463,491,,258,477,,529,166,,283,19,,3402,918,,257,143,,4997,1932,,812,185,,4680,1249,,360,306,,1289,603,,,,
2024-07-13,16884,31,6099,11,2.77,12238,4295,,759,513,262,,966,,2921,1029,,3221,864,518,136,,1461,388,271,82,,4282,964,,463,491,,260,479,,529,166,,283,19,,3419,920,,257,143,,5005,1934,,812,185,,4682,1252,,361,307,,1290,605,,,,
2024-07-14,16906,22,6102,3,2.77,12257,4298,,759,513,262,,969,,2921,1029,,3235,865,518,136,,1463,388,271,82,,4288,964,,463,491,,260,479,,529,166,,283,19,,3419,920,,257,144,,5011,1934,,812,185,,4698,1253,,361,307,,1290,605,,,,
2024-07-15,16906,0,6102,0,2.77,12257,4298,,759,513,262,,969,,2921,1029,,3235,865,518,136,,1463,388,271,82,,4288,964,,463,491,,260,479,,529,166,,283,19,,3419,920,,257,144,,5011,1934,,812,185,,4698,1253,,361,307,,1290,605,,,,
2024-07-16,16906,0,6102,0,2.77,12257,4298,,759,513,262,,969,,2921,1029,,3235,865,518,136,,1464,388,271,82,,4288,964,,463,491,,259,479,,529,166,,283,19,,3419,920,,257,144,,5010,1934,,812,185,,4699,1253,,361,307,,1290,605,,,,
2024-07-17,16968,62,6122,20,2.77,12316,4317,,759,513,262,,972,,2921,1030,,3243,866,518,136,,1469,388,271,82,,4310,965,,464,493,,263,479,,530,169,,283,19,,3426,921,,257,144,,5037,1937,,813,188,,4712,1254,,362,308,,1300,609,,,,
2024-07-18,16968,0,6122,0,2.77,12316,4317,,759,513,262,,972,,2921,1030,,3243,866,518,136,,1469,388,271,82,,4310,965,,464,493,,263,479,,530,169,,283,19,,3426,921,,257,144,,5037,1937,,813,188,,4712,1254,,362,308,,1300,609,,,,
2024-07-19,16968,0,6122,0,2.77,12316,4317,,759,513,262,,972,,2921,1030,,3243,866,518,136,,1469,388,271,82,,4310,965,,464,493,,263,479,,530,169,,283,19,,3426,921,,257,144,,5037,1937,,813,188,,4712,1254,,362,308,,1300,609,,,,
2024-07-20,17009,41,6140,18,2.77,12352,4335,,759,514,261,,976,,2922,1030,,3252,867,518,136,,1474,388,271,82,,4323,966,,466,497,,265,480,,530,170,,283,19,,3430,925,,257,144,,5054,1943,,813,189,,4726,1255,,362,309,,1303,612,,,,
2024-07-21,17009,0,6140,0,2.77,12352,4335,,759,514,261,,976,,2922,1030,,3252,867,518,136,,1474,388,271,82,,4323,966,,466,497,,265,480,,530,170,,283,19,,3430,925,,257,144,,5054,1943,,813,189,,4726,1255,,362,309,,1303,612,,,,
2024-07-22,17009,0,6140,0,2.77,12352,4335,,759,514,261,,976,,2922,1030,,3252,867,518,136,,1474,388,271,82,,4323,966,,466,497,,265,480,,530,170,,283,19,,3430,925,,257,144,,5054,1943,,813,189,,4726,1255,,362,309,,1303,612,,,,
2024-07-23,17045,36,6157,17,2.77,12389,4350,,760,515,261,,974,,2922,1031,,3259,869,519,136,,1476,388,271,82,,4331,967,,466,498,,268,481,,530,171,,284,19,,3435,926,,258,144,,5065,1946,,814,190,,4735,1257,,364,311,,1305,617,,,,
2024-07-24,17077,32,6157,0,2.77,12420,4350,,760,515,261,,975,,2922,1031,,3267,869,519,136,,1478,388,271,82,,4341,967,,468,498,,268,481,,531,171,,284,19,,3442,926,,258,144,,5077,1946,,815,190,,4745,1257,,365,311,,1305,617,,,,
2024-07-25,17077,0,6157,0,2.77,12420,4350,,760,515,261,,975,,2922,1031,,3267,869,519,136,,1478,388,271,82,,4341,967,,468,498,,268,481,,531,171,,284,19,,3442,926,,258,144,,5077,1946,,815,190,,4745,1257,,365,311,,1305,617,,,,
2024-07-26,17100,23,6171,14,2.77,12444,4360,,760,516,263,,974,,2922,1032,,3271,871,519,136,,1481,388,271,82,,4347,969,,469,501,,269,481,,532,172,,284,19,,3445,926,,258,144,,5085,1951,,816,191,,4752,1259,,367,313,,1306,617,,,,
2024-07-27,17100,0,6171,0,2.77,12444,4360,,760,516,263,,974,,2922,1032,,3271,871,519,136,,1481,388,271,82,,4347,969,,469,501,,269,481,,532,172,,284,19,,3445,926,,258,144,,5085,1951,,816,191,,4752,1259,,367,313,,1306,617,,,,
2024-07-28,17100,0,6171,0,2.77,12444,4360,,760,516,263,,974,,2922,1032,,3271,871,519,136,,1481,388,271,82,,4347,969,,469,501,,269,481,,532,172,,284,19,,3445,926,,258,144,,5085,1951,,816,191,,4752,1259,,367,313,,1306,617,,,,
2024-07-29,17100,0,6171,0,2.77,12444,4360,,760,516,263,,974,,2922,1032,,3271,871,519,136,,1481,388,271,82,,4347,969,,469,501,,269,481,,532,172,,284,19,,3445,926,,258,144,,5085,1951,,816,191,,4752,1259,,367,313,,1306,617,,,,
2024-07-30,17168,68,6198,27,2.77,12500,4383,,760,517,264,,983,,2925,1034,,3286,877,520,136,,1492,389,271,82,,4367,972,,469,502,,269,487,,532,172,,284,19,,3456,928,,259,144,,5105,1961,,816,191,,4778,1266,,368,314,,1311,618,,,,
2024-07-31,17168,0,6198,0,2.77,12500,4383,,760,517,264,,983,,2925,1034,,3286,877,520,136,,1492,389,271,82,,4367,972,,469,502,,269,487,,532,172,,284,19,,3456,928,,259,144,,5105,1961,,816,191,,4778,1266,,368,314,,1311,618,,,,
2024-08-01,17168,0,6198,0,2.77,12500,4383,,760,517,264,,983,,2925,1034,,3286,877,520,136,,1492,389,271,82,,4367,972,,469,502,,269,487,,532,172,,284,19,,3456,928,,259,144,,5105,1961,,816,191,,4778,1266,,368,314,,1311,618,,,,
2024-08-02,17215,47,6211,13,2.77,12537,4394,,760,518,264,,988,,2930,1035,,3296,880,522,136,,1496,389,272,82,,4381,973,,473,504,,270,489,,532,172,,284,19,,3464,929,,260,144,,5124,1966,,816,191,,4792,1269,,369,314,,1313,620,,,,
2024-08-03,17215,0,6211,0,2.77,12537,4394,,760,518,264,,988,,2930,1035,,3296,880,522,136,,1496,389,272,82,,4381,973,,473,504,,270,489,,532,172,,284,19,,3464,929,,260,144,,5124,1966,,816,191,,4792,1269,,369,314,,1313,620,,,,
2024-08-04,17215,0,6211,0,2.77,12537,4394,,760,518,264,,988,,2930,1035,,3296,880,522,136,,1496,389,272,82,,4381,973,,473,504,,270,489,,532,172,,284,19,,3464,929,,260,144,,5124,1966,,816,191,,4792,1269,,369,314,,1313,620,,,,
2024-08-05,17267,52,6227,16,2.77,12587,4407,,760,519,266,,989,,2931,1035,,3304,882,522,136,,1494,390,272,82,,4397,976,,475,506,,270,489,,535,172,,284,19,,3475,931,,261,144,,5142,1971,,819,191,,4798,1272,,370,316,,1320,621,,,,
2024-08-06,17267,0,6227,0,2.77,12587,4407,,760,519,266,,989,,2931,1035,,3304,882,522,136,,1494,390,272,82,,4397,976,,475,506,,270,489,,535,172,,284,19,,3475,931,,261,144,,5142,1971,,819,191,,4798,1272,,370,316,,1320,621,,,,
2024-08-07,17267,0,6227,0,2.77,12587,4407,,760,519,266,,989,,2931,1035,,3304,882,522,136,,1494,390,272,82,,4397,976,,475,506,,270,489,,535,172,,284,19,,3475,931,,261,144,,5142,1971,,819,191,,4798,1272,,370,316,,1320,621,,,,
2024-08-08,17299,32,6243,16,2.77,12620,4419,,761,520,268,,985,,2933,1036,,3309,883,522,136,,1498,390,272,82,,4400,976,,477,507,,271,494,,535,173,,284,19,,3484,931,,262,144,,5148,1977,,819,192,,4807,1273,,371,318,,1323,625,,,,
2024-08-09,17299,0,6243,0,2.77,12620,4419,,761,520,268,,985,,2933,1036,,3309,883,522,136,,1498,390,272,82,,4400,976,,477,507,,271,494,,535,173,,284,19,,3484,931,,262,144,,5148,1977,,819,192,,4807,1273,,371,318,,1323,625,,,,
2024-08-10,17299,0,6243,0,2.77,12620,4419,,761,520,268,,985,,2933,1036,,3309,883,522,136,,1498,390,272,82,,4400,976,,477,507,,271,494,,535,173,,284,19,,3484,931,,262,144,,5148,1977,,819,192,,4807,1273,,371,318,,1323,625,,,,
2024-08-11,17346,47,6259,16,2.77,12665,4434,,761,520,269,,987,,2933,1036,,3313,886,522,136,,1504,390,272,82,,4414,977,,477,508,,271,496,,535,174,,284,19,,3500,933,,263,144,,5162,1981,,819,193,,4817,1276,,371,318,,1325,626,,,,
2024-08-12,17346,0,6259,0,2.77,12665,4434,,761,520,269,,987,,2933,1036,,3313,886,522,136,,1504,390,272,82,,4414,977,,477,508,,271,496,,535,174,,284,19,,3500,933,,263,144,,5162,1981,,819,193,,4817,1276,,371,318,,1325,626,,,,
2024-08-13,17346,0,6259,0,2.77,12665,4434,,761,520,269,,987,,2933,1036,,3313,886,522,136,,1504,390,272,82,,4414,977,,477,508,,271,496,,535,174,,284,19,,3500,933,,263,144,,5162,1981,,819,193,,4817,1276,,371,318,,1325,626,,,,
2024-08-14,17402,56,6295,36,2.76,12714,4460,,762,521,271,,987,,2939,1043,,3321,892,525,136,,1512,390,272,82,,4428,987,,477,509,,271,507,,535,174,,284,19,,3516,935,,263,144,,5176,2003,,819,193,,4833,1282,,372,319,,1329,629,,,,
2024-08-15,17418,16,6298,3,2.77,12728,4463,,762,521,271,,988,,2940,1043,,3324,892,526,136,,1514,390,272,82,,4433,987,,477,510,,271,507,,536,174,,284,19,,3520,935,,264,144,,5181,2004,,820,193,,4838,1282,,372,319,,1329,630,,,,
2024-08-16,17418,0,6298,0,2.77,12728,4463,,762,521,271,,988,,2940,1043,,3324,892,526,136,,1514,390,272,82,,4433,987,,477,510,,271,507,,536,174,,284,19,,3520,935,,264,144,,5181,2004,,820,193,,4838,1282,,372,318,,1329,630,,,,
2024-08-17,17452,34,6318,20,2.76,12754,4470,,765,524,278,,992,,2941,1046,,3329,893,527,136,,1517,390,272,82,,4447,990,,477,513,,271,516,,537,175,,284,19,,3522,932,,264,145,,5195,2019,,821,194,,4846,1283,,372,318,,1336,632,,,,
2024-08-18,17463,11,6322,4,2.76,12761,4474,,765,524,278,,996,,2941,1046,,3335,893,527,136,,1518,390,272,82,,4447,991,,477,514,,271,516,,537,175,,284,19,,3523,932,,264,145,,5195,2021,,821,194,,4853,1283,,373,319,,1337,633,,,,
2024-08-19,17463,0,6322,0,2.76,12761,4474,,765,524,278,,996,,2941,1046,,3335,893,527,136,,1518,390,272,82,,4447,991,,477,514,,271,516,,537,175,,284,19,,3523,932,,264,145,,5195,2021,,821,194,,4853,1283,,373,319,,1337,633,,,,
2024-08-20,17463,0,6322,0,2.76,12761,4474,,765,524,278,,996,,2941,1046,,3335,893,527,136,,1518,390,272,82,,4447,991,,477,514,,271,516,,537,175,,284,19,,3523,932,,264,145,,5195,2021,,821,194,,4853,1283,,373,319,,1337,633,,,,
2024-08-21,17498,35,6341,19,2.76,12787,4491,,770,526,278,,995,,2946,1046,,3337,895,529,136,,1518,390,272,82,,4457,995,,480,515,,273,520,,540,177,,284,19,,3531,935,,264,145,,5210,2030,,824,196,,4855,1285,,373,320,,1343,633,,,,
2024-08-22,17498,0,6341,0,2.76,12787,4491,,770,526,278,,995,,2946,1046,,3337,895,529,136,,1518,390,272,82,,4457,995,,480,515,,273,520,,540,177,,284,19,,3531,935,,264,145,,5210,2030,,824,196,,4855,1285,,373,320,,1343,633,,,,
2024-08-23,17498,0,6341,0,2.76,12787,4491,,770,526,278,,995,,2946,1046,,3337,895,529,136,,1518,390,272,82,,4457,995,,480,515,,273,520,,540,177,,284,19,,3531,935,,264,145,,5210,2030,,824,196,,4855,1285,,373,320,,1343,633,,,,
2024-08-24,17529,31,6361,20,2.76,12810,4508,,776,527,280,,997,,2946,1046,,3336,898,529,136,,1522,390,271,82,,4464,998,,482,517,,273,527,,545,177,,284,19,,3535,935,,268,146,,5219,2042,,829,196,,4858,1288,,374,320,,1345,635,,,,
2024-08-25,17529,0,6361,0,2.76,12810,4508,,776,527,280,,997,,2946,1046,,3336,898,529,136,,1522,390,271,82,,4464,998,,482,517,,273,527,,545,177,,284,19,,3535,935,,268,146,,5219,2042,,829,196,,4858,1288,,374,320,,1345,635,,,,
2024-08-26,17529,0,6361,0,2.76,12810,4508,,776,527,280,,997,,2946,1046,,3336,898,529,136,,1522,390,271,82,,4464,998,,482,517,,273,527,,545,177,,284,19,,3535,935,,268,146,,5219,2042,,829,196,,4858,1288,,374,320,,1345,635,,,,
2024-08-27,17569,40,6394,33,2.75,12842,4534,,777,529,283,,998,,2952,1048,,3342,904,529,136,,1524,390,271,82,,4475,1005,,483,520,,274,527,,547,177,,286,19,,3541,939,,271,146,,5232,2052,,833,196,,4866,1294,,374,321,,1347,636,,,,
2024-08-28,17569,0,6394,0,2.75,12842,4534,,777,529,283,,998,,2952,1048,,3342,904,529,136,,1524,390,271,82,,4475,1005,,483,520,,274,527,,547,177,,286,19,,3541,939,,271,146,,5232,2052,,833,196,,4866,1294,,374,321,,1347,636,,,,
2024-08-29,17588,19,6407,13,2.75,12860,4546,,777,529,284,,999,,2952,1048,,3345,907,529,136,,1527,390,271,82,,4478,1006,,483,520,,274,530,,548,178,,286,20,,3546,940,,271,147,,5235,2056,,834,198,,4872,1297,,374,321,,1348,636,,,,
2024-08-30,17602,14,6417,10,2.74,12873,4555,,777,529,285,,1000,,2952,1048,,3345,907,529,136,,1531,390,271,82,,4483,1008,,483,521,,274,531,,548,178,,286,20,,3546,944,,271,147,,5240,2060,,834,198,,4876,1297,,374,321,,1353,636,,,,
2024-08-31,17602,0,6417,0,2.74,12873,4555,,777,529,285,,1000,,2952,1048,,3345,907,529,136,,1531,390,271,82,,4483,1008,,483,521,,274,531,,548,178,,286,20,,3546,944,,271,147,,5240,2060,,834,198,,4876,1297,,374,321,,1353,636,,,,
2024-09-01,17602,0,6417,0,2.74,12873,4555,,777,529,285,,1000,,2952,1048,,3345,907,529,136,,1531,390,271,82,,4483,1008,,483,521,,274,531,,548,178,,286,20,,3546,944,,271,147,,5240,2060,,834,198,,4876,1297,,374,321,,1353,636,,,,
2024-09-02,17652,50,6437,20,2.74,12921,4572,,778,529,286,,999,,2954,1050,,3354,910,530,136,,1538,391,271,82,,4494,1011,,483,523,,276,535,,554,178,,286,20,,3554,945,,271,147,,5253,2069,,840,198,,4892,1301,,376,322,,1354,638,,,,
2024-09-03,17652,0,6437,0,2.74,12921,4572,,778,529,286,,999,,2954,1050,,3354,910,530,136,,1538,391,271,82,,4494,1011,,483,523,,276,535,,554,178,,286,20,,3554,945,,271,147,,5253,2069,,840,198,,4892,1301,,376,322,,1354,638,,,,
2024-09-04,17688,36,6460,23,2.74,12955,4589,,779,530,290,,1000,,2954,1051,,3356,918,530,136,,1545,391,271,82,,4510,1014,,486,524,,276,540,,554,178,,286,21,,3556,947,,271,148,,5272,2078,,840,199,,4901,1309,,376,322,,1358,640,,,,
2024-09-05,17688,0,6460,0,2.74,12955,4589,,779,530,290,,1000,,2954,1051,,3356,918,530,136,,1545,391,271,82,,4510,1014,,486,524,,276,540,,554,178,,286,21,,3556,947,,271,148,,5272,2078,,840,199,,4901,1309,,376,322,,1358,640,,,,
2024-09-06,17688,0,6460,0,2.74,12955,4589,,779,530,290,,1000,,2954,1051,,3356,918,530,136,,1545,391,271,82,,4510,1014,,486,524,,276,540,,554,178,,286,21,,3556,947,,271,148,,5272,2078,,840,199,,4901,1309,,376,322,,1358,640,,,,
2024-09-07,17688,0,6460,0,2.74,12955,4589,,779,530,290,,1000,,2954,1051,,3356,918,530,136,,1545,391,271,82,,4510,1014,,486,524,,276,540,,554,178,,286,21,,3556,947,,271,148,,5272,2078,,840,199,,4901,1309,,376,322,,1358,640,,,,
2024-09-08,17752,64,6499,39,2.73,13008,4622,,785,531,292,,999,,2960,1054,,3368,919,531,136,,1555,392,271,82,,4524,1018,,488,527,,278,527,,559,179,,286,21,,3565,957,,271,149,,5290,2072,,845,200,,4923,1311,,377,326,,1360,641,,,,
2024-09-09,17752,0,6499,0,2.73,13008,4622,,785,531,292,,999,,2960,1054,,3368,919,531,136,,1555,392,271,82,,4524,1018,,488,527,,278,527,,559,179,,286,21,,3565,957,,271,149,,5290,2072,,845,200,,4923,1311,,377,326,,1360,641,,,,
2024-09-10,17752,0,6499,0,2.73,13008,4622,,785,531,292,,999,,2960,1054,,3368,919,531,136,,1555,392,271,82,,4524,1018,,488,527,,278,527,,559,179,,286,21,,3565,957,,271,149,,5290,2072,,845,200,,4923,1311,,377,326,,1360,641,,,,
2024-09-11,17752,0,6499,0,2.73,13008,4622,,785,531,292,,999,,2960,1054,,3368,919,531,136,,1555,392,271,82,,4524,1018,,488,527,,278,527,,559,179,,286,21,,3565,957,,271,149,,5290,2072,,845,200,,4923,1311,,377,326,,1360,641,,,,
2024-09-12,17811,59,6530,31,2.73,13046,4648,,804,532,295,,999,,2962,1055,,3371,922,531,136,,1561,394,271,82,,4534,1025,,489,529,,279,533,,573,180,,287,22,,3575,960,,272,149,,5302,2087,,860,202,,4932,1316,,379,326,,1366,643,,,,
2024-09-13,17811,0,6530,0,2.73,13046,4648,,804,532,295,,999,,2962,1055,,3371,922,531,136,,1561,394,271,82,,4534,1025,,489,529,,279,533,,573,180,,287,22,,3575,960,,272,149,,5302,2087,,860,202,,4932,1316,,379,326,,1366,643,,,,
2024-09-14,17811,0,6530,0,2.73,13046,4648,,804,532,295,,999,,2962,1055,,3371,922,531,136,,1561,394,271,82,,4534,1025,,489,529,,279,533,,573,180,,287,22,,3575,960,,272,149,,5302,2087,,860,202,,4932,1316,,379,326,,1366,643,,,,
2024-09-15,17856,45,6551,21,2.73,13087,4668,,805,532,295,,1000,,2964,1056,,3376,929,532,136,,1569,397,271,82,,4548,1027,,488,532,,280,540,,575,180,,288,22,,3580,959,,272,149,,5316,2099,,863,202,,4945,1326,,380,326,,1368,643,,,,
2024-09-16,17856,0,6551,0,2.73,13087,4668,,805,532,295,,1000,,2964,1056,,3376,929,532,136,,1569,397,271,82,,4548,1027,,488,532,,280,540,,575,180,,288,22,,3580,959,,272,149,,5316,2099,,863,202,,4945,1326,,380,326,,1368,643,,,,
2024-09-17,17856,0,6551,0,2.73,13087,4668,,805,532,295,,1000,,2964,1056,,3376,929,532,136,,1569,397,271,82,,4548,1027,,488,532,,280,540,,575,180,,288,22,,3580,959,,272,149,,5316,2099,,863,202,,4945,1326,,380,326,,1368,643,,,,
2024-09-18,17856,0,6551,0,2.73,13087,4668,,805,532,295,,1000,,2964,1056,,3376,928,532,136,,1569,397,271,82,,4548,1027,,489,532,,280,540,,575,180,,288,22,,3580,958,,272,149,,5317,2099,,863,202,,4945,1325,,380,326,,1368,643,,,,
2024-09-19,17925,69,6591,40,2.72,13148,4692,,805,534,293,,1003,,2969,1072,,3382,930,532,136,,1578,398,271,83,,4570,1030,,489,539,,281,543,,576,182,,290,23,,3592,961,,272,149,,5340,2112,,866,205,,4960,1328,,380,327,,1369,647,,,,
2024-09-20,17925,0,6591,0,2.72,13148,4692,,805,534,293,,1003,,2969,1072,,3382,930,532,136,,1578,398,271,83,,4570,1030,,489,539,,281,543,,576,182,,290,23,,3592,961,,272,149,,5340,2112,,866,205,,4960,1328,,380,327,,1369,647,,,,
2024-09-21,17998,73,6591,0,2.73,13211,4692,,806,534,293,,1010,,2971,1072,,3390,930,532,136,,1582,398,271,83,,4596,1030,,489,539,,286,543,,576,182,,290,23,,3607,961,,272,149,,5371,2112,,866,205,,4972,1328,,380,327,,1370,647,,,,
2024-09-22,18015,17,6613,22,2.72,13228,4709,,806,534,295,,1010,,2971,1075,,3396,935,532,136,,1583,399,271,83,,4602,1034,,489,541,,286,548,,576,182,,290,23,,3608,962,,272,149,,5377,2123,,866,205,,4979,1334,,380,327,,1371,649,,,,
2024-09-23,18015,0,6613,0,2.72,13228,4709,,806,534,295,,1010,,2971,1075,,3396,935,532,136,,1583,399,271,83,,4602,1034,,489,541,,286,548,,576,182,,290,23,,3608,962,,272,149,,5377,2123,,866,205,,4979,1334,,380,327,,1371,649,,,,
2024-09-24,18072,57,6613,0,2.73,13277,4709,,807,534,295,,1015,,2973,1075,,3408,935,532,136,,1588,399,271,83,,4621,1034,,490,541,,288,548,,577,182,,290,23,,3617,962,,272,149,,5399,2123,,867,205,,4996,1334,,383,327,,1372,649,,,,
2024-09-25,18077,5,6652,39,2.72,13291,4743,,804,535,295,,1008,,2974,1079,,3408,940,532,137,,1588,400,271,84,,4621,1036,,490,546,,288,562,,577,183,,290,23,,3619,963,,273,149,,5399,2144,,867,206,,4996,1340,,383,329,,1373,654,,,,
2024-09-26,18077,0,6652,0,2.72,13291,4743,,804,535,295,,1008,,2974,1079,,3408,940,532,137,,1588,400,271,84,,4621,1036,,490,546,,288,562,,577,183,,290,23,,3619,963,,273,149,,5399,2144,,867,206,,4996,1340,,383,329,,1373,654,,,,
2024-09-27,18077,0,6652,0,2.72,13291,4743,,804,535,295,,1008,,2974,1079,,3408,940,532,137,,1588,400,271,84,,4621,1036,,490,546,,288,562,,577,183,,290,23,,3619,963,,273,149,,5399,2144,,867,206,,4996,1340,,383,329,,1373,654,,,,
2024-09-28,18149,72,6670,18,2.72,13359,4755,,805,535,298,,1011,,2974,1082,,3424,944,532,138,,1602,400,271,84,,4644,1039,,493,551,,288,565,,579,183,,290,23,,3627,963,,273,149,,5425,2155,,869,206,,5026,1344,,384,330,,1374,654,,,,
2024-09-29,18149,0,6670,0,2.72,13359,4755,,805,535,298,,1011,,2974,1082,,3424,944,532,138,,1602,400,271,84,,4644,1039,,493,551,,288,565,,579,183,,290,23,,3627,963,,273,149,,5425,2155,,869,206,,5026,1344,,384,330,,1374,654,,,,
2024-09-30,18149,0,6670,0,2.72,13359,4755,,805,535,298,,1011,,2974,1082,,3424,944,532,138,,1602,400,271,84,,4644,1039,,493,551,,288,565,,579,183,,290,23,,3627,963,,273,149,,5425,2155,,869,206,,5026,1344,,384,330,,1374,654,,,,
2024-10-01,18149,0,6670,0,2.72,13359,4755,,805,535,298,,1011,,2974,1082,,3424,944,532,138,,1602,400,271,84,,4644,1039,,493,551,,288,565,,579,183,,290,23,,3627,963,,273,149,,5425,2155,,869,206,,5026,1344,,384,330,,1374,654,,,,
2024-10-02,18203,54,6706,36,2.71,13404,4784,,805,535,303,,1019,,2975,1084,,3432,944,532,138,,1614,404,271,84,,4664,1046,,497,553,,289,571,,580,185,,290,23,,3632,969,,274,149,,5450,2170,,870,208,,5046,1348,,384,331,,1374,657,,,,
2024-10-03,18203,0,6706,0,2.71,13404,4784,,805,535,303,,1019,,2975,1084,,3432,944,532,138,,1614,404,271,84,,4664,1046,,497,553,,289,571,,580,185,,290,23,,3632,969,,274,149,,5450,2170,,870,208,,5046,1348,,384,331,,1374,657,,,,
2024-10-04,18203,0,6706,0,2.71,13404,4784,,805,535,303,,1019,,2975,1084,,3432,944,532,138,,1614,404,271,84,,4664,1046,,497,553,,289,571,,580,185,,290,23,,3632,969,,274,149,,5450,2170,,870,208,,5046,1348,,384,331,,1374,657,,,,
2024-10-05,18250,47,6730,24,2.71,13449,4802,,806,536,307,,1020,,2975,1085,,3440,948,532,138,,1622,405,271,84,,4679,1048,,500,559,,290,578,,580,185,,290,23,,3635,972,,274,149,,5469,2185,,870,208,,5062,1353,,384,331,,1374,658,,,,
2024-10-06,18250,0,6730,0,2.71,13449,4802,,806,536,307,,1020,,2975,1085,,3440,948,532,138,,1622,405,271,84,,4679,1048,,500,559,,290,578,,580,185,,290,23,,3635,972,,274,149,,5469,2185,,870,208,,5062,1353,,384,331,,1374,658,,,,
2024-10-07,18250,0,6730,0,2.71,13449,4802,,806,536,307,,1020,,2975,1085,,3440,948,532,138,,1622,405,271,84,,4679,1048,,500,559,,290,578,,580,185,,290,23,,3635,972,,274,149,,5469,2185,,870,208,,5062,1353,,384,331,,1374,658,,,,
2024-10-08,18316,66,6744,14,2.72,13511,4813,,807,536,308,,1022,,2976,1087,,3446,951,532,139,,1632,405,271,84,,4708,1049,,503,559,,291,580,,580,186,,290,23,,3639,973,,274,149,,5502,2188,,870,209,,5078,1356,,388,331,,1377,660,,,,
2024-10-09,18316,0,6744,0,2.72,13511,4813,,807,536,308,,1022,,2976,1087,,3446,951,532,139,,1632,405,271,84,,4708,1049,,503,559,,291,580,,580,186,,290,23,,3639,973,,274,149,,5502,2188,,870,209,,5078,1356,,388,331,,1377,660,,,,
2024-10-10,18316,0,6744,0,2.72,13511,4813,,807,536,308,,1022,,2976,1087,,3446,951,532,139,,1632,405,271,84,,4708,1049,,503,559,,291,580,,580,186,,290,23,,3639,973,,274,149,,5502,2188,,870,209,,5078,1356,,388,331,,1377,660,,,,
2024-10-11,18316,0,6744,0,2.72,13511,4813,,807,536,308,,1022,,2976,1087,,3446,951,532,139,,1632,405,271,84,,4708,1049,,503,559,,291,580,,580,186,,290,23,,3639,973,,274,149,,5502,2188,,870,209,,5078,1356,,388,331,,1377,660,,,,
2024-10-12,18316,0,6744,0,2.72,13511,4813,,807,536,308,,1022,,2976,1087,,3446,951,532,139,,1632,405,271,84,,4708,1049,,503,559,,291,580,,580,186,,290,23,,3639,973,,274,149,,5502,2188,,870,209,,5078,1356,,388,331,,1377,660,,,,
2024-10-13,18316,0,6744,0,2.72,13511,4813,,807,536,308,,1022,,2976,1087,,3446,951,532,139,,1632,405,271,84,,4708,1049,,503,559,,291,580,,580,186,,290,23,,3639,973,,274,149,,5502,2188,,870,209,,5078,1356,,388,331,,1377,660,,,,
2024-10-14,18316,0,6744,0,2.72,13511,4813,,807,536,308,,1022,,2976,1087,,3446,951,532,139,,1632,405,271,84,,4708,1049,,503,559,,291,580,,580,186,,290,23,,3639,973,,274,149,,5502,2188,,870,209,,5078,1356,,388,331,,1377,660,,,,
2024-10-15,18316,0,6744,0,2.72,13511,4813,,807,536,308,,1022,,2976,1087,,3446,951,532,139,,1632,405,271,84,,4708,1049,,503,559,,291,580,,580,186,,290,23,,3639,973,,274,149,,5502,2188,,870,209,,5078,1356,,388,331,,1377,660,,,,
2024-10-16,18316,0,6744,0,2.72,13511,4813,,807,536,308,,1022,,2976,1087,,3446,951,532,139,,1632,405,271,84,,4708,1049,,503,559,,291,580,,580,186,,290,23,,3639,973,,274,149,,5502,2188,,870,209,,5078,1356,,388,331,,1377,660,,,,
2024-10-17,18316,0,6744,0,2.72,13511,4813,,807,536,308,,1022,,2976,1087,,3446,951,532,139,,1632,405,271,84,,4708,1049,,503,559,,291,580,,580,186,,290,23,,3639,973,,274,149,,5502,2188,,870,209,,5078,1356,,388,331,,1377,660,,,,
2024-10-18,18316,0,6744,0,2.72,13511,4813,,807,536,308,,1022,,2976,1087,,3446,951,532,139,,1632,405,271,84,,4708,1049,,503,559,,291,580,,580,186,,290,23,,3639,973,,274,149,,5502,2188,,870,209,,5078,1356,,388,331,,1377,660,,,,
2024-10-19,18316,0,6744,0,2.72,13511,4813,,807,536,308,,1022,,2976,1087,,3446,951,532,139,,1632,405,271,84,,4708,1049,,503,559,,291,580,,580,186,,290,23,,3639,973,,274,149,,5502,2188,,870,209,,5078,1356,,388,331,,1377,660,,,,
2024-10-20,18316,0,6744,0,2.72,13511,4813,,807,536,308,,1022,,2976,1087,,3441,951,531,139,,1629,404,271,84,,4707,1048,,503,559,,291,580,,580,186,,290,23,,3636,973,,274,149,,5501,2187,,870,209,,5070,1355,,388,331,,1374,658,,,,
2024-10-21,18316,0,6744,0,2.72,13511,4813,,807,536,308,,1022,,2976,1087,,3493,962,531,139,,1680,406,271,84,,4807,1056,,503,578,,291,594,,580,188,,290,24,,3636,982,,274,149,,5601,2228,,870,212,,5173,1368,,388,333,,1374,672,,,,
2024-10-22,18316,0,6744,0,2.72,13511,4813,,807,536,308,,1022,,2976,1087,,3493,962,531,139,,1680,406,271,84,,4807,1056,,518,578,,296,594,,584,188,,293,24,,3681,982,,275,149,,5621,2228,,877,212,,5173,1368,,389,333,,1386,672,,,,
2024-10-23,18635,319,6867,123,2.71,13790,4906,,812,538,318,,1051,,2982,1105,,3495,962,531,139,,1686,407,271,85,,4821,1061,,518,580,,296,594,,584,188,,293,24,,3684,983,,275,149,,5635,2235,,877,212,,5181,1369,,390,333,,1386,672,,,,
2024-10-24,18635,0,6867,0,2.71,13790,4906,,812,538,318,,1051,,2982,1105,,3495,962,531,139,,1686,407,271,85,,4821,1061,,518,580,,296,594,,584,188,,293,24,,3684,983,,275,149,,5635,2235,,877,212,,5181,1369,,390,333,,1386,672,,,,
2024-10-25,18635,0,6867,0,2.71,13790,4906,,812,538,318,,1051,,2982,1105,,3495,962,531,139,,1686,407,271,85,,4821,1061,,518,580,,296,594,,584,188,,293,24,,3684,983,,275,149,,5635,2235,,877,212,,5181,1369,,390,333,,1386,672,,,,
2024-10-26,18713,78,6891,24,2.72,13864,4925,,813,538,321,,1054,,2982,1107,,3505,964,531,139,,1698,407,271,85,,4851,1063,,524,588,,297,602,,586,187,,293,24,,3693,985,,275,149,,5672,2253,,879,211,,5203,1371,,392,333,,1387,673,,,,
2024-10-28,18713,0,6891,0,2.72,13864,4925,,813,538,321,,1054,,2982,1107,,3505,964,531,139,,1698,407,271,85,,4851,1063,,524,588,,297,602,,586,187,,293,24,,3693,985,,275,149,,5672,2253,,879,211,,5203,1371,,392,333,,1387,673,,,,
2024-10-29,18779,66,6915,24,2.72,13927,4944,,814,538,325,,1054,,2984,1108,,3513,964,532,139,,1713,407,271,85,,4875,1064,,525,593,,300,609,,588,190,,293,24,,3698,986,,276,149,,5700,2266,,881,214,,5226,1371,,392,333,,1390,673,,,,
2024-10-30,18779,0,6915,0,2.72,13927,4944,,814,538,325,,1054,,2984,1108,,3513,964,532,139,,1713,407,271,85,,4875,1064,,525,593,,300,609,,588,190,,293,24,,3698,986,,276,149,,5700,2266,,881,214,,5226,1371,,392,333,,1390,673,,,,
2024-10-31,18779,0,6915,0,2.72,13927,4944,,814,538,325,,1054,,2984,1108,,3513,964,532,139,,1713,407,271,85,,4875,1064,,525,593,,300,609,,588,190,,293,24,,3698,986,,276,149,,5700,2266,,881,214,,5226,1371,,392,333,,1390,673,,,,
2024-11-01,18844,65,6946,31,2.71,13994,4973,,813,538,326,,1053,,2984,1109,,3527,965,532,139,,1718,408,271,85,,4897,1067,,534,598,,302,613,,590,190,,293,24,,3701,995,,278,150,,5733,2278,,883,214,,5245,1373,,393,333,,1392,675,,,,
2024-11-02,18844,0,6946,0,2.71,13994,4973,,813,538,326,,1053,,2984,1109,,3527,965,532,139,,1718,408,271,85,,4897,1067,,534,598,,302,613,,590,190,,293,24,,3701,995,,278,150,,5733,2278,,883,214,,5245,1373,,393,333,,1392,675,,,,
2024-11-03,18844,0,6946,0,2.71,13994,4973,,813,538,326,,1053,,2984,1109,,3527,965,532,139,,1718,408,271,85,,4897,1067,,534,598,,302,613,,590,190,,293,24,,3701,995,,278,150,,5733,2278,,883,214,,5245,1373,,393,333,,1392,675,,,,
2024-11-04,18904,60,6972,26,2.71,14048,4996,,814,539,326,,1056,,2986,1111,,3536,967,533,139,,1723,408,271,85,,4923,1070,,534,603,,304,616,,591,190,,293,24,,3714,999,,278,151,,5761,2289,,884,214,,5259,1375,,394,334,,1393,677,,,,
2024-11-05,18904,0,6972,0,2.71,14048,4996,,814,539,326,,1056,,2986,1111,,3536,967,533,139,,1723,408,271,85,,4923,1070,,534,603,,304,616,,591,190,,293,24,,3714,999,,278,151,,5761,2289,,884,214,,5259,1375,,394,334,,1393,677,,,,
2024-11-06,18904,0,6972,0,2.71,14048,4996,,814,539,326,,1056,,2986,1111,,3536,967,533,139,,1723,408,271,85,,4923,1070,,534,603,,304,616,,591,190,,293,24,,3714,999,,278,151,,5761,2289,,884,214,,5259,1375,,394,334,,1393,677,,,,
2024-11-07,18904,0,6972,0,2.71,14048,4996,,814,539,326,,1056,,2986,1111,,3536,967,533,139,,1723,408,271,85,,4923,1070,,534,603,,304,616,,591,190,,293,24,,3714,999,,278,151,,5761,2289,,884,214,,5259,1375,,394,334,,1393,677,,,,
2024-11-08,18904,0,6972,0,2.71,14048,4996,,814,539,326,,1056,,2986,1111,,3536,967,533,139,,1723,408,271,85,,4923,1070,,534,603,,304,616,,591,190,,293,24,,3714,999,,278,151,,5761,2289,,884,214,,5259,1375,,394,334,,1393,677,,,,
2024-11-09,18904,0,6972,0,2.71,14048,4996,,814,539,326,,1056,,2986,1111,,3536,967,533,139,,1723,408,271,85,,4923,1070,,534,603,,304,616,,591,190,,293,24,,3714,999,,278,151,,5761,2289,,884,214,,5259,1375,,394,334,,1393,677,,,,
2024-11-10,18984,80,7020,48,2.70,14125,5035,,815,541,330,,1058,,2986,1114,,3549,970,533,139,,1736,409,271,85,,4955,1077,,538,617,,310,623,,591,191,,293,24,,3721,1002,,279,151,,5803,2317,,884,215,,5285,1379,,396,334,,1393,681,,,,
2024-11-11,18984,0,7020,0,2.70,14125,5035,,815,541,330,,1058,,2986,1114,,3549,970,533,139,,1736,409,271,85,,4955,1077,,538,617,,310,623,,591,191,,293,24,,3721,1002,,279,151,,5803,2317,,884,215,,5285,1379,,396,334,,1393,681,,,,
2024-11-12,18984,0,7020,0,2.70,14125,5035,,815,541,330,,1058,,2986,1114,,3549,970,533,139,,1736,409,271,85,,4955,1077,,538,617,,310,623,,591,191,,293,24,,3721,1002,,279,151,,5803,2317,,884,215,,5285,1379,,396,334,,1393,681,,,,
2024-11-13,19052,68,7043,23,2.71,14186,5054,,815,541,332,,1064,,2987,1116,,3558,973,533,140,,1744,411,271,86,,4986,1078,,544,621,,312,627,,592,191,,293,24,,3725,1002,,279,151,,5842,2326,,885,215,,5302,1384,,397,334,,1395,681,,,,
2024-11-14,19052,0,7043,0,2.71,14186,5054,,815,541,332,,1064,,2987,1116,,3558,973,533,140,,1744,411,271,86,,4986,1078,,544,621,,312,627,,592,191,,293,24,,3725,1002,,279,151,,5842,2326,,885,215,,5302,1384,,397,334,,1395,681,,,,
2024-11-15,19052,0,7043,0,2.71,14186,5054,,815,541,332,,1064,,2987,1116,,3558,973,533,140,,1744,411,271,86,,4986,1078,,544,621,,312,627,,592,191,,293,24,,3725,1002,,279,151,,5842,2326,,885,215,,5302,1384,,397,334,,1395,681,,,,
2024-11-16,19110,58,7063,20,2.71,14241,5068,,815,541,338,,1066,,2988,1116,,3569,975,533,140,,1753,411,271,86,,5008,1081,,550,625,,312,631,,592,191,,293,24,,3729,1006,,279,151,,5870,2337,,885,215,,5322,1386,,398,334,,1397,683,,,,
2024-11-17,19110,0,7062,-1,2.71,14241,5067,,815,541,338,,1066,,2988,1116,,3569,974,533,140,,1753,411,271,86,,5008,1081,,550,625,,312,631,,592,191,,293,24,,3729,1006,,279,151,,5870,2337,,885,215,,5322,1385,,398,334,,1397,683,,,,
2024-11-18,19110,0,7062,0,2.71,14241,5067,,815,541,338,,1066,,2988,1116,,3569,974,533,140,,1753,411,271,86,,5008,1081,,550,625,,312,631,,592,191,,293,24,,3729,1006,,279,151,,5870,2337,,885,215,,5322,1385,,398,334,,1397,683,,,,
2024-11-19,19168,58,7087,25,2.70,14295,5090,,815,543,338,,1069,,2989,1116,,3577,976,533,140,,1757,414,271,86,,5028,1083,,560,628,,314,636,,594,191,,293,25,,3734,1011,,279,151,,5902,2347,,887,216,,5334,1390,,399,334,,1398,683,,,,
2024-11-20,19168,0,7087,0,2.70,14295,5090,,815,543,338,,1069,,2989,1116,,3577,976,533,140,,1757,414,271,86,,5028,1084,,560,630,,314,636,,594,191,,293,25,,3734,1012,,279,151,,5902,2350,,887,216,,5334,1390,,399,334,,1398,683,,,,
2024-11-21,19168,0,7087,0,2.70,14295,5090,,815,543,338,,1069,,2989,1116,,3577,976,533,140,,1757,414,271,86,,5028,1084,,560,630,,314,636,,594,191,,293,25,,3734,1012,,279,151,,5902,2350,,887,216,,5334,1390,,399,334,,1398,683,,,,
2024-11-22,19180,12,7107,20,2.70,14308,5108,,815,545,336,,1065,,2992,1118,,3578,978,533,140,,1756,413,271,86,,5033,1086,,562,632,,313,644,,594,194,,293,25,,3734,1012,,279,151,,5908,2362,,887,219,,5334,1391,,400,334,,1401,684,,,,
2024-11-23,19180,0,7107,0,2.70,14308,5108,,815,545,336,,1065,,2992,1118,,3578,978,533,140,,1756,413,271,86,,5033,1086,,562,632,,313,644,,594,194,,293,25,,3734,1012,,279,151,,5908,2362,,887,219,,5334,1391,,400,334,,1401,684,,,,
2024-11-24,19180,0,7107,0,2.70,14308,5108,,815,545,336,,1065,,2992,1118,,3578,978,533,140,,1756,413,271,86,,5033,1086,,562,632,,313,644,,594,194,,293,25,,3734,1012,,279,151,,5908,2362,,887,219,,5334,1391,,400,334,,1401,684,,,,
2024-11-25,19180,0,7107,0,2.70,14308,5108,,815,545,336,,1065,,2992,1118,,3578,978,533,140,,1756,413,271,86,,5033,1086,,562,632,,313,644,,594,194,,293,25,,3734,1012,,279,151,,5908,2362,,887,219,,5334,1391,,400,334,,1401,684,,,,
2024-11-26,19247,67,7122,15,2.70,14367,5119,,815,546,339,,1072,,2993,1118,,3588,980,533,140,,1767,413,271,86,,5061,1087,,561,639,,317,646,,595,194,,293,25,,3740,1010,,279,151,,5939,2372,,888,219,,5355,1393,,403,334,,1403,685,,,,
2024-11-27,19247,0,7122,0,2.70,14367,5119,,815,546,339,,1072,,2993,1118,,3588,980,533,140,,1767,413,271,86,,5061,1087,,561,639,,317,646,,595,194,,293,25,,3740,1010,,279,151,,5939,2372,,888,219,,5355,1393,,403,334,,1403,685,,,,
2024-11-28,19247,0,7122,0,2.70,14367,5119,,815,546,339,,1072,,2993,1118,,3588,980,533,140,,1767,413,271,86,,5061,1087,,561,639,,317,646,,595,194,,293,25,,3740,1010,,279,151,,5939,2372,,888,219,,5355,1393,,403,334,,1403,685,,,,
2024-11-29,19299,52,7122,0,2.71,14409,5119,,815,546,339,,1080,,2995,1118,,3598,980,533,140,,1769,413,271,86,,5091,1087,,562,639,,320,646,,595,194,,293,25,,3743,1010,,279,151,,5973,2372,,888,219,,5367,1393,,403,334,,1403,685,,,,
2024-11-30,19299,0,7122,0,2.71,14409,5119,,815,546,339,,1080,,2995,1118,,3598,980,533,140,,1769,413,271,86,,5091,1087,,562,639,,320,646,,595,194,,293,25,,3743,1010,,279,151,,5973,2372,,888,219,,5367,1393,,403,334,,1403,685,,,,
2024-12-01,19299,0,7122,0,2.71,14409,5119,,815,546,339,,1080,,2995,1118,,3598,980,533,140,,1769,413,271,86,,5091,1087,,562,639,,320,646,,595,194,,293,25,,3743,1010,,279,151,,5973,2372,,888,219,,5367,1393,,403,334,,1403,685,,,,
2024-12-02,19332,33,7176,54,2.69,14438,5157,,816,547,346,,1082,,2996,1126,,3601,980,533,140,,1774,413,271,86,,5105,1095,,563,656,,320,646,,595,196,,293,26,,3744,1017,,279,151,,5988,2397,,888,222,,5375,1393,,405,334,,1405,687,,,,
2024-12-03,19332,0,7176,0,2.69,14438,5157,,816,547,346,,1082,,2996,1126,,3601,980,533,140,,1774,413,271,86,,5105,1095,,563,656,,320,646,,595,196,,293,26,,3744,1017,,279,151,,5988,2397,,888,222,,5375,1393,,405,334,,1405,687,,,,
2024-12-04,19332,0,7176,0,2.69,14438,5157,,816,547,346,,1082,,2996,1126,,3601,980,533,140,,1774,413,271,86,,5105,1095,,563,656,,320,646,,595,196,,293,26,,3744,1017,,279,151,,5988,2397,,888,222,,5375,1393,,405,334,,1405,687,,,,
2024-12-05,19332,0,7176,0,2.69,14438,5157,,816,547,346,,1082,,2996,1126,,3601,980,533,140,,1774,413,271,86,,5105,1095,,563,656,,320,646,,595,196,,293,26,,3744,1017,,279,151,,5988,2397,,888,222,,5375,1393,,405,334,,1405,687,,,,
2024-12-06,19332,0,7176,0,2.69,14438,5157,,816,547,346,,1082,,2996,1126,,3601,980,533,140,,1774,413,271,86,,5105,1095,,563,656,,320,646,,595,196,,293,26,,3744,1017,,279,151,,5988,2397,,888,222,,5375,1393,,405,334,,1405,687,,,,
2024-12-07,19332,0,7176,0,2.69,14438,5157,,816,547,346,,1082,,2996,1126,,3601,980,533,140,,1774,413,271,86,,5105,1095,,563,656,,320,646,,595,196,,293,26,,3744,1017,,279,151,,5988,2397,,888,222,,5375,1393,,405,334,,1405,687,,,,
2024-12-08,19459,127,7176,0,2.71,14553,5157,,818,547,346,,1090,,2998,1126,,3621,980,534,140,,1798,413,271,86,,5154,1095,,572,656,,327,646,,599,196,,293,26,,3752,1017,,279,151,,6053,2397,,892,222,,5419,1393,,407,334,,1406,687,,,,
2024-12-09,19459,0,7234,58,2.69,14553,5198,,818,547,351,,1090,,2998,1138,,3621,991,534,140,,1798,413,271,86,,5154,1101,,572,666,,327,666,,599,196,,293,26,,3752,1026,,279,151,,6053,2433,,892,222,,5419,1404,,407,335,,1406,690,,,,
2024-12-10,19459,0,7234,0,2.69,14553,5198,,818,547,351,,1090,,2998,1138,,3621,991,534,140,,1798,413,271,86,,5154,1101,,572,666,,327,666,,599,196,,293,26,,3752,1026,,279,151,,6053,2433,,892,222,,5419,1404,,407,335,,1406,690,,,,
2024-12-11,19490,31,7256,22,2.69,14582,5216,,818,547,354,,1093,,2997,1139,,3625,995,533,140,,1803,414,271,86,,5168,1107,,573,670,,329,669,,602,197,,293,26,,3755,1028,,279,151,,6070,2446,,895,223,,5428,1409,,407,335,,1405,690,,,,
2024-12-12,19490,0,7256,0,2.69,14582,5216,,818,547,354,,1093,,2997,1139,,3625,995,533,140,,1803,414,271,86,,5168,1107,,573,670,,329,669,,602,197,,293,26,,3755,1028,,279,151,,6070,2446,,895,223,,5428,1409,,407,335,,1405,690,,,,
2024-12-13,19490,0,7256,0,2.69,14582,5216,,818,547,354,,1093,,2997,1139,,3625,995,533,140,,1803,414,271,86,,5168,1107,,573,670,,329,669,,602,197,,293,26,,3755,1028,,279,151,,6070,2446,,895,223,,5428,1409,,407,335,,1405,690,,,,
2024-12-14,19490,0,7256,0,2.69,14582,5216,,818,547,354,,1093,,2997,1139,,3625,995,533,140,,1803,414,271,86,,5168,1107,,573,670,,329,669,,602,197,,293,26,,3755,1028,,279,151,,6070,2446,,895,223,,5428,1409,,407,335,,1405,690,,,,
2024-12-15,19535,45,7282,26,2.68,14626,5236,,818,548,357,,1097,,2994,1141,,3639,1006,533,140,,1813,414,271,86,,5193,1107,,575,676,,317,675,,603,197,,297,26,,3756,1028,,279,151,,6085,2458,,900,223,,5452,1420,,407,335,,1406,691,,,,
2024-12-16,19535,0,7282,0,2.68,14626,5236,,818,548,357,,1097,,2994,1141,,3635,1006,533,140,,1811,414,271,86,,5186,1107,,575,676,,315,675,,602,197,,297,26,,3756,1028,,279,151,,6076,2458,,899,223,,5446,1420,,406,335,,1405,691,,,,
2024-12-17,19535,0,7282,0,2.68,14626,5236,,818,548,357,,1097,,2994,1141,,3635,1006,533,140,,1811,414,271,86,,5186,1107,,575,676,,315,675,,602,197,,297,26,,3756,1028,,279,151,,6076,2458,,899,223,,5446,1420,,406,335,,1405,691,,,,
2024-12-18,19587,52,7298,16,2.68,14681,5254,,820,549,351,,1091,,2995,1144,,3645,1006,534,141,,1818,415,271,86,,5210,1110,,578,680,,322,674,,606,199,,297,26,,3763,1026,,280,151,,6110,2464,,903,225,,5463,1421,,407,335,,1409,692,,,,
2024-12-19,19587,0,7298,0,2.68,14681,5254,,820,549,351,,1091,,2995,1144,,3645,1006,534,141,,1818,415,271,86,,5210,1110,,578,680,,322,674,,606,199,,297,26,,3763,1026,,280,151,,6110,2464,,903,225,,5463,1421,,407,335,,1409,692,,,,
2024-12-20,19587,0,7298,0,2.68,14681,5254,,820,549,351,,1091,,2995,1144,,3645,1006,534,141,,1818,415,271,86,,5210,1110,,578,680,,322,674,,606,199,,297,26,,3763,1026,,280,151,,6110,2464,,903,225,,5463,1421,,407,335,,1409,692,,,,
2024-12-21,19587,0,7298,0,2.68,14681,5254,,820,549,351,,1091,,2995,1144,,3645,1006,534,141,,1818,415,271,86,,5210,1110,,578,680,,322,674,,606,199,,297,26,,3763,1026,,280,151,,6110,2464,,903,225,,5463,1421,,407,335,,1409,692,,,,
2024-12-22,19642,55,7343,45,2.67,14728,5285,,820,549,357,,1095,,2999,1152,,3655,1008,534,141,,1823,417,271,86,,5234,1121,,581,687,,323,682,,606,201,,297,26,,3764,1031,,281,152,,6138,2490,,903,227,,5478,1425,,407,335,,1411,693,,,,
2024-12-23,19642,0,7343,0,2.67,14728,5285,,820,549,357,,1095,,2999,1152,,3655,1008,534,141,,1823,417,271,86,,5234,1121,,581,687,,323,682,,606,201,,297,26,,3764,1031,,281,152,,6138,2490,,903,227,,5478,1425,,407,335,,1411,693,,,,
2024-12-24,19642,0,7343,0,2.67,14728,5285,,820,549,357,,1095,,2999,1152,,3655,1008,534,141,,1823,417,271,86,,5234,1121,,581,687,,323,682,,606,201,,297,26,,3764,1031,,281,152,,6138,2490,,903,227,,5478,1425,,407,335,,1411,693,,,,
2024-12-25,19683,41,7372,29,2.67,14764,5309,,821,549,360,,1097,,3001,1154,,3661,1012,534,141,,1824,419,271,86,,5252,1124,,582,690,,326,685,,606,201,,297,27,,3768,1036,,282,152,,6160,2499,,903,228,,5485,1431,,407,335,,1411,693,,,,
2024-12-26,19683,0,7372,0,2.67,14764,5309,,821,549,360,,1097,,3001,1154,,3661,1012,534,141,,1824,419,271,86,,5252,1124,,582,690,,326,685,,606,201,,297,27,,3768,1036,,282,152,,6160,2499,,903,228,,5485,1431,,407,335,,1411,693,,,,
2024-12-27,19683,0,7372,0,2.67,14764,5309,,821,549,360,,1097,,3001,1154,,3661,1012,534,141,,1824,419,271,86,,5252,1124,,582,690,,326,685,,606,201,,297,27,,3768,1036,,282,152,,6160,2499,,903,228,,5485,1431,,407,335,,1411,693,,,,
2024-12-28,19690,7,7385,13,2.67,14771,5325,,820,549,359,,1097,,3002,1152,,3662,1012,534,141,,1820,419,271,86,,5258,1124,,585,692,,325,688,,606,201,,297,27,,3770,1037,,282,152,,6168,2504,,903,228,,5482,1431,,407,335,,1409,694,,,,
2024-12-29,19690,0,7385,0,2.67,14771,5325,,820,549,359,,1097,,3002,1152,,3662,1012,534,141,,1820,419,271,86,,5258,1124,,585,692,,325,688,,606,201,,297,27,,3770,1037,,282,152,,6168,2504,,903,228,,5482,1431,,407,335,,1409,694,,,,
2024-12-30,19690,0,7385,0,2.67,14771,5325,,820,549,359,,1097,,3002,1152,,3662,1012,534,141,,1820,419,271,86,,5258,1124,,585,692,,325,688,,606,201,,297,27,,3770,1037,,282,152,,6168,2504,,903,228,,5482,1431,,407,335,,1409,694,,,,
2024-12-31,19712,22,7399,14,2.66,14791,5334,,821,550,363,,1096,,3004,1152,,3668,1015,534,141,,1822,419,271,86,,5263,1127,,586,695,,325,688,,606,201,,297,27,,3774,1039,,283,152,,6174,2510,,903,228,,5490,1434,,407,335,,1411,695,,,,
2025-01-01,19712,0,7399,0,2.66,14791,5334,,821,550,363,,1096,,3004,1152,,3668,1015,534,141,,1822,419,271,86,,5263,1127,,586,695,,325,688,,606,201,,297,27,,3774,1039,,283,152,,6174,2510,,903,228,,5490,1434,,407,335,,1411,695,,,,
2025-01-02,19712,0,7399,0,2.66,14791,5334,,821,550,363,,1096,,3004,1152,,3668,1015,534,141,,1822,419,271,86,,5263,1127,,586,695,,325,688,,606,201,,297,27,,3774,1039,,283,152,,6174,2510,,903,228,,5490,1434,,407,335,,1411,695,,,,
2025-01-03,19782,70,7437,38,2.66,14856,5359,,821,551,368,,1099,,3006,1159,,3673,1023,534,141,,1838,421,271,86,,5286,1135,,591,702,,329,689,,606,202,,297,28,,3782,1040,,285,152,,6206,2526,,903,230,,5511,1444,,408,335,,1412,698,,,,
2025-01-04,19782,0,7437,0,2.66,14856,5359,,821,551,368,,1099,,3006,1159,,3673,1023,534,141,,1838,421,271,86,,5286,1135,,591,702,,329,689,,606,202,,297,28,,3782,1040,,285,152,,6206,2526,,903,230,,5511,1444,,408,335,,1412,698,,,,
2025-01-05,19782,0,7437,0,2.66,14856,5359,,821,551,368,,1099,,3006,1159,,3673,1023,534,141,,1838,421,271,86,,5286,1135,,591,702,,329,689,,606,202,,297,28,,3782,1040,,285,152,,6206,2526,,903,230,,5511,1444,,408,335,,1412,698,,,,
2025-01-06,19808,26,7459,22,2.66,14882,5375,,821,551,374,,1099,,3006,1159,,3677,1029,534,141,,1844,422,271,86,,5293,1139,,592,708,,329,691,,608,202,,297,28,,3785,1040,,285,152,,6214,2538,,905,230,,5521,1451,,409,335,,1413,699,,,,
2025-01-07,19808,0,7459,0,2.66,14882,5375,,821,551,374,,1099,,3006,1159,,3677,1029,534,141,,1844,422,271,86,,5293,1139,,592,708,,329,691,,608,202,,297,28,,3785,1040,,285,152,,6214,2538,,905,230,,5521,1451,,409,335,,1413,699,,,,
2025-01-08,19808,0,7459,0,2.66,14882,5375,,821,551,374,,1099,,3006,1159,,3677,1029,534,141,,1844,422,271,86,,5293,1139,,592,708,,329,691,,608,202,,297,28,,3785,1040,,285,152,,6214,2538,,905,230,,5521,1451,,409,335,,1413,699,,,,
2025-01-09,19864,56,7491,32,2.65,14931,5400,,825,551,379,,1102,,3006,1161,,3687,1033,534,141,,1850,422,271,86,,5317,1146,,595,714,,332,694,,609,202,,297,28,,3789,1046,,285,152,,6244,2554,,906,230,,5537,1455,,410,336,,1417,701,,,,
2025-01-10,19864,0,7491,0,2.65,14931,5400,,825,551,379,,1102,,3006,1161,,3687,1033,534,141,,1850,422,271,86,,5317,1146,,595,714,,332,694,,609,202,,297,28,,3789,1046,,285,152,,6244,2554,,906,230,,5537,1455,,410,336,,1417,701,,,,
2025-01-11,19864,0,7491,0,2.65,14931,5400,,825,551,379,,1102,,3006,1161,,3687,1033,534,141,,1850,422,271,86,,5317,1146,,595,714,,332,694,,609,202,,297,28,,3789,1046,,285,152,,6244,2554,,906,230,,5537,1455,,410,336,,1417,701,,,,
2025-01-12,19884,20,7590,99,2.62,14950,5499,,825,551,379,,1103,,3006,1161,,3690,1036,534,141,,1852,422,271,86,,5322,1154,,596,719,,332,696,,611,203,,297,28,,3791,1046,,285,152,,6250,2569,,908,231,,5542,1458,,410,336,,1419,704,,,,
2025-01-13,19884,0,7590,0,2.62,14950,5499,,825,551,379,,1103,,3006,1161,,3690,1036,534,141,,1852,422,271,86,,5322,1154,,596,719,,332,696,,611,203,,297,28,,3791,1046,,285,152,,6250,2569,,908,231,,5542,1458,,410,336,,1419,704,,,,
2025-01-14,19884,0,7590,0,2.62,14950,5499,,825,551,379,,1103,,3006,1161,,3690,1036,534,141,,1852,422,271,86,,5322,1154,,596,719,,332,696,,611,203,,297,28,,3791,1046,,285,152,,6250,2569,,908,231,,5542,1458,,410,336,,1419,704,,,,
2025-01-15,19932,48,7546,-44,2.64,14978,5449,,841,551,381,,1106,,3007,1165,,3698,1037,534,141,,1854,424,271,86,,5332,1158,,600,727,,333,699,,613,203,,297,29,,3795,1050,,285,152,,6265,2584,,910,232,,5552,1461,,412,336,,1433,705,,,,
2025-01-16,19932,0,7546,0,2.64,14978,5449,,841,551,381,,1106,,3007,1165,,3698,1037,534,141,,1854,424,271,86,,5332,1158,,600,727,,333,699,,613,203,,297,29,,3795,1050,,285,152,,6265,2584,,910,232,,5552,1461,,412,336,,1433,705,,,,
2025-01-17,19932,0,7546,0,2.64,14978,5449,,841,551,381,,1106,,3007,1165,,3698,1037,534,141,,1854,424,271,86,,5332,1158,,600,727,,333,699,,613,203,,297,29,,3795,1050,,285,152,,6265,2584,,910,232,,5552,1461,,412,336,,1433,705,,,,
2025-01-18,20004,72,7564,18,2.64,15039,5463,,842,551,383,,1115,,3008,1167,,3708,1038,534,141,,1863,426,271,86,,5366,1162,,604,729,,336,700,,617,203,,297,29,,3798,1051,,285,152,,6306,2591,,914,232,,5571,1464,,414,336,,1435,706,,,,
2025-01-19,20004,0,7564,0,2.64,15039,5463,,842,551,383,,1115,,3008,1167,,3708,1038,534,141,,1863,426,271,86,,5366,1162,,604,729,,336,700,,617,203,,297,29,,3798,1051,,285,152,,6306,2591,,914,232,,5571,1464,,414,336,,1435,706,,,,
2025-01-20,20004,0,7564,0,2.64,15039,5463,,842,551,383,,1115,,3008,1167,,3708,1038,534,141,,1863,426,271,86,,5366,1162,,604,729,,336,700,,617,203,,297,29,,3798,1051,,285,152,,6306,2591,,914,232,,5571,1464,,414,336,,1435,706,,,,
2025-01-21,20027,23,7608,44,2.63,15051,5494,,852,552,391,,1113,,3011,1171,,3704,1043,534,141,,1863,428,271,86,,5371,1173,,605,732,,335,705,,618,203,,297,30,,3804,1057,,285,152,,6311,2610,,915,233,,5567,1471,,415,337,,1445,710,,,,
2025-01-22,20027,0,7608,0,2.63,15051,5494,,852,552,391,,1113,,3011,1171,,3704,1043,534,141,,1863,428,271,86,,5371,1173,,605,732,,335,705,,618,203,,297,30,,3804,1057,,285,152,,6311,2610,,915,233,,5567,1471,,415,337,,1445,710,,,,
2025-01-23,20027,0,7608,0,2.63,15051,5494,,852,552,391,,1113,,3011,1171,,3704,1043,534,141,,1863,428,271,86,,5371,1173,,605,732,,335,705,,618,203,,297,30,,3804,1057,,285,152,,6311,2610,,915,233,,5567,1471,,415,337,,1445,710,,,,
2025-01-24,20027,0,7608,0,2.63,15051,5494,,852,552,391,,1113,,3011,1171,,3704,1043,534,141,,1863,428,271,86,,5371,1173,,605,732,,335,705,,618,203,,297,30,,3804,1057,,285,152,,6311,2610,,915,233,,5567,1471,,415,337,,1445,710,,,,
2025-01-25,20068,41,7631,23,2.63,15091,5507,,852,553,397,,1114,,3011,1174,,3710,1047,534,141,,1870,429,271,86,,5389,1174,,606,740,,338,711,,619,203,,297,30,,3805,1057,,285,152,,6333,2625,,916,233,,5580,1476,,415,337,,1446,710,,,,
2025-01-26,20068,0,7631,0,2.63,15091,5507,,852,553,397,,1114,,3011,1174,,3710,1047,534,141,,1870,429,271,86,,5389,1174,,606,740,,338,711,,619,203,,297,30,,3805,1057,,285,152,,6333,2625,,916,233,,5580,1476,,415,337,,1446,710,,,,
2025-01-27,20068,0,7631,0,2.63,15091,5507,,852,553,397,,1114,,3011,1174,,3710,1047,534,141,,1870,429,271,86,,5389,1174,,606,740,,338,711,,619,203,,297,30,,3805,1057,,285,152,,6333,2625,,916,233,,5580,1476,,415,337,,1446,710,,,,
2025-01-28,20068,0,7631,0,2.63,15091,5507,,852,553,397,,1114,,3011,1174,,3710,1047,534,141,,1870,429,271,86,,5389,1174,,606,740,,338,711,,619,203,,297,30,,3805,1057,,285,152,,6333,2625,,916,233,,5580,1476,,415,337,,1446,710,,,,
2025-01-29,20068,0,7631,0,2.63,15091,5507,,852,553,397,,1114,,3011,1174,,3710,1047,534,141,,1870,429,271,86,,5389,1174,,606,740,,338,711,,619,203,,297,30,,3805,1057,,285,152,,6333,2625,,916,233,,5580,1476,,415,337,,1446,710,,,,
2025-01-30,20148,80,7695,64,2.62,15168,5552,,852,553,411,,1117,,3011,1179,,3718,1060,534,141,,1881,433,271,86,,5428,1189,,610,754,,338,714,,622,204,,297,31,,3816,1060,,285,152,,6376,2657,,919,235,,5599,1493,,415,337,,1448,715,,,,
2025-01-31,20148,0,7695,0,2.62,15168,5552,,852,553,411,,1117,,3011,1179,,3718,1060,534,141,,1881,433,271,86,,5428,1189,,610,754,,338,714,,622,204,,297,31,,3816,1060,,285,152,,6376,2657,,919,235,,5599,1493,,415,337,,1448,715,,,,
2025-02-01,20148,0,7690,-5,2.62,15168,5550,,852,553,409,,1117,,3011,1178,,3713,1058,534,140,,1879,433,271,86,,5427,1189,,610,753,,338,714,,622,204,,297,31,,3815,1060,,285,152,,6375,2656,,919,235,,5592,1491,,415,337,,1448,715,,,,
2025-02-02,20171,23,7708,18,2.62,15189,5564,,855,553,411,,1116,,3011,1180,,3722,1060,534,140,,1883,433,271,86,,5437,1193,,612,756,,339,720,,622,204,,297,32,,3819,1061,,285,152,,6388,2669,,919,236,,5605,1493,,416,337,,1448,715,,,,
2025-02-03,20171,0,7708,0,2.62,15189,5564,,855,553,411,,1116,,3011,1180,,3722,1060,534,140,,1883,433,271,86,,5437,1193,,612,756,,339,720,,622,204,,297,32,,3819,1061,,285,152,,6388,2669,,919,236,,5605,1493,,416,337,,1448,715,,,,
2025-02-04,20171,0,7708,0,2.62,15189,5564,,855,553,411,,1116,,3011,1180,,3722,1060,534,140,,1883,433,271,86,,5437,1193,,612,756,,339,720,,622,204,,297,32,,3819,1061,,285,152,,6388,2669,,919,236,,5605,1493,,416,337,,1448,715,,,,
2025-02-05,20218,47,7746,38,2.61,15232,5587,,855,555,415,,1120,,3011,1189,,3734,1062,534,140,,1893,435,271,86,,5443,1204,,612,765,,341,725,,622,205,,297,33,,3826,1065,,286,152,,6396,2694,,919,238,,5627,1497,,417,337,,1453,716,,,,
2025-02-06,20218,0,7746,0,2.61,15232,5587,,855,555,415,,1120,,3011,1189,,3734,1062,534,140,,1893,435,271,86,,5443,1204,,612,765,,341,725,,622,205,,297,33,,3826,1065,,286,152,,6396,2694,,919,238,,5627,1497,,417,337,,1453,716,,,,
2025-02-07,20218,0,7755,9,2.61,15232,5595,,855,555,416,,1120,,3011,1189,,3741,1062,534,140,,1898,435,271,86,,5448,1205,,614,768,,341,726,,622,205,,297,33,,3830,1065,,286,153,,6403,2699,,919,238,,5639,1497,,418,337,,1455,718,,,,
2025-02-08,20248,30,7755,0,2.61,15262,5595,,855,555,416,,1120,,3011,1189,,3737,1062,534,140,,1899,435,271,86,,5453,1205,,614,768,,341,726,,622,205,,297,33,,3830,1065,,286,153,,6408,2699,,919,238,,5636,1497,,418,337,,1456,718,,,,
2025-02-09,20270,22,7755,0,2.61,15282,5595,,855,555,416,,1122,,3011,1189,,3740,1062,534,140,,1899,435,271,86,,5459,1205,,615,768,,343,726,,623,205,,297,33,,3835,1065,,287,153,,6417,2699,,920,238,,5639,1497,,418,337,,1456,718,,,,
2025-02-10,20270,0,7755,0,2.61,15282,5595,,855,555,416,,1122,,3011,1189,,3740,1062,534,140,,1899,435,271,86,,5459,1205,,615,768,,343,726,,623,205,,297,33,,3835,1065,,287,153,,6417,2699,,920,238,,5639,1497,,418,337,,1456,718,,,,
2025-02-11,20309,39,7814,59,2.60,15315,5641,,858,555,423,,1124,,3012,1195,,3744,1070,534,140,,1902,435,271,86,,5467,1214,,615,773,,345,733,,623,206,,297,35,,3848,1072,,287,153,,6427,2720,,920,241,,5646,1505,,419,337,,1460,721,,,,
2025-02-12,20309,0,7814,0,2.60,15315,5641,,858,555,423,,1124,,3012,1195,,3744,1070,534,140,,1902,435,271,86,,5467,1214,,615,773,,345,733,,623,206,,297,35,,3848,1072,,287,153,,6427,2720,,920,241,,5646,1505,,419,337,,1460,721,,,,
2025-02-13,20309,0,7814,0,2.60,15315,5641,,858,555,423,,1124,,3012,1195,,3744,1070,534,140,,1902,435,271,86,,5467,1214,,615,773,,345,733,,623,206,,297,35,,3848,1072,,287,153,,6427,2720,,920,241,,5646,1505,,419,337,,1460,721,,,,
2025-02-14,20344,35,7835,21,2.60,15348,5659,,858,555,426,,1125,,3013,1195,,3751,1070,534,140,,1907,435,271,86,,5473,1217,,615,779,,345,738,,623,206,,297,36,,3858,1072,,287,153,,6433,2734,,920,242,,5658,1505,,419,337,,1464,724,,,,
2025-02-15,20337,-7,7831,-4,2.60,15344,5655,,858,555,426,,1122,,3013,1195,,3750,1069,534,140,,1906,435,271,86,,5470,1217,,612,779,,346,737,,623,206,,297,36,,3858,1071,,287,153,,6428,2733,,920,242,,5656,1504,,419,337,,1464,724,,,,
2025-02-16,20337,0,7831,0,2.60,15344,5655,,858,555,426,,1122,,3013,1195,,3750,1069,534,140,,1906,435,271,86,,5470,1217,,612,779,,346,737,,623,206,,297,36,,3858,1071,,287,153,,6428,2733,,920,242,,5656,1504,,419,337,,1464,724,,,,
2025-02-17,20382,45,7853,22,2.60,15386,5670,,858,555,430,,1125,,3013,1198,,3756,1072,534,140,,1915,436,271,86,,5478,1219,,614,782,,349,739,,623,207,,298,36,,3861,1072,,287,155,,6441,2740,,921,243,,5671,1508,,419,337,,1467,726,,,,
2025-02-18,20382,0,7853,0,2.60,15386,5670,,858,555,430,,1125,,3013,1198,,3756,1072,534,140,,1915,436,271,86,,5478,1219,,614,782,,349,739,,623,207,,298,36,,3861,1072,,287,155,,6441,2740,,921,243,,5671,1508,,419,337,,1467,726,,,,
2025-02-19,20382,0,7853,0,2.60,15386,5670,,858,555,430,,1125,,3013,1198,,3756,1072,534,140,,1915,436,271,86,,5478,1219,,614,782,,349,739,,623,207,,298,36,,3861,1072,,287,155,,6441,2740,,921,243,,5671,1508,,419,337,,1467,726,,,,
2025-02-20,20447,65,7887,34,2.59,15450,5694,,858,556,433,,1126,,3013,1204,,3765,1078,534,140,,1924,437,271,86,,5506,1222,,614,787,,350,741,,624,207,,298,36,,3871,1078,,287,155,,6470,2750,,922,243,,5689,1515,,419,337,,1468,731,,,,
2025-02-21,20447,0,7887,0,2.59,15450,5694,,858,556,433,,1126,,3013,1204,,3765,1078,534,140,,1924,437,271,86,,5506,1222,,614,787,,350,741,,624,207,,298,36,,3871,1078,,287,155,,6470,2750,,922,243,,5689,1515,,419,337,,1468,731,,,,
2025-02-22,20504,57,7887,0,2.60,15496,5694,,862,556,433,,1132,,3014,1204,,3773,1078,534,140,,1936,437,271,86,,5528,1222,,615,787,,353,741,,625,207,,298,36,,3873,1078,,287,155,,6496,2750,,923,243,,5709,1515,,419,337,,1474,731,,,,
2025-02-23,20506,2,7910,23,2.59,15499,5711,,861,557,437,,1132,,3014,1205,,3773,1080,534,140,,1933,437,271,86,,5531,1223,,615,793,,354,744,,625,207,,298,36,,3873,1080,,287,155,,6500,2760,,923,243,,5706,1517,,419,337,,1474,733,,,,
2025-02-24,20506,0,7910,0,2.59,15499,5711,,861,557,437,,1132,,3014,1205,,3773,1080,534,140,,1933,437,271,86,,5531,1223,,615,793,,354,744,,625,207,,298,36,,3873,1080,,287,155,,6500,2760,,923,243,,5706,1517,,419,337,,1474,733,,,,
2025-02-25,20506,0,7910,0,2.59,15499,5711,,861,557,437,,1132,,3014,1205,,3773,1080,534,140,,1933,437,271,86,,5531,1223,,615,793,,354,744,,625,207,,298,36,,3873,1080,,287,155,,6500,2760,,923,243,,5706,1517,,419,337,,1474,733,,,,
2025-02-26,20551,45,7937,27,2.59,15542,5735,,861,558,438,,1134,,3014,1206,,3783,1085,534,140,,1937,439,271,86,,5545,1226,,616,796,,354,749,,625,207,,299,36,,3885,1083,,288,155,,6515,2771,,924,243,,5720,1524,,419,338,,1475,733,,,,
2025-02-27,20551,0,7937,0,2.59,15542,5735,,861,558,438,,1134,,3014,1206,,3783,1085,534,140,,1937,439,271,86,,5545,1226,,616,796,,354,749,,625,207,,299,36,,3885,1083,,288,155,,6515,2771,,924,243,,5720,1524,,419,338,,1475,733,,,,
2025-02-28,20551,0,7937,0,2.59,15542,5735,,861,558,438,,1134,,3014,1206,,3783,1085,534,140,,1937,439,271,86,,5545,1226,,616,796,,354,749,,625,207,,299,36,,3885,1083,,288,155,,6515,2771,,924,243,,5720,1524,,419,338,,1475,733,,,,
2025-03-01,20577,26,7965,28,2.58,15567,5762,,861,558,439,,1134,,3015,1206,,3786,1092,534,140,,1938,440,271,86,,5554,1228,,617,802,,355,754,,625,207,,299,36,,3887,1083,,288,155,,6526,2784,,924,243,,5724,1532,,421,339,,1477,734,,,,
2025-03-02,20577,0,7965,0,2.58,15567,5762,,861,558,439,,1134,,3015,1206,,3786,1092,534,140,,1938,440,271,86,,5554,1228,,617,802,,355,754,,625,207,,299,36,,3887,1083,,288,155,,6526,2784,,924,243,,5724,1532,,421,339,,1477,734,,,,
2025-03-03,20577,0,7965,0,2.58,15567,5762,,861,558,439,,1134,,3015,1206,,3786,1092,534,140,,1938,440,271,86,,5554,1228,,617,802,,355,754,,625,207,,299,36,,3887,1083,,288,155,,6526,2784,,924,243,,5724,1532,,421,339,,1477,734,,,,
2025-03-04,20577,0,7965,0,2.58,15567,5762,,861,558,439,,1134,,3015,1206,,3786,1092,534,140,,1938,440,271,86,,5554,1228,,617,802,,355,754,,625,207,,299,36,,3887,1083,,288,155,,6526,2784,,924,243,,5724,1532,,421,339,,1477,734,,,,
2025-03-05,20577,0,7965,0,2.58,15567,5762,,861,558,439,,1134,,3015,1206,,3786,1092,534,140,,1938,440,271,86,,5554,1228,,617,802,,355,754,,625,207,,299,36,,3887,1083,,288,155,,6526,2784,,924,243,,5724,1532,,421,339,,1477,734,,,,
2025-03-06,20577,0,7965,0,2.58,15567,5762,,861,558,439,,1134,,3015,1206,,3786,1092,534,140,,1938,440,271,86,,5554,1228,,617,802,,355,754,,625,207,,299,36,,3887,1083,,288,155,,6526,2784,,924,243,,5724,1532,,421,339,,1477,734,,,,
2025-03-07,20577,0,7965,0,2.58,15567,5762,,861,558,439,,1134,,3015,1206,,3786,1092,534,140,,1938,440,271,86,,5554,1228,,617,802,,355,754,,625,207,,299,36,,3887,1083,,288,155,,6526,2784,,924,243,,5724,1532,,421,339,,1477,734,,,,
2025-03-08,20577,0,7965,0,2.58,15567,5762,,861,558,439,,1134,,3015,1206,,3786,1092,534,140,,1938,440,271,86,,5554,1228,,617,802,,355,754,,625,207,,299,36,,3887,1083,,288,155,,6526,2784,,924,243,,5724,1532,,421,339,,1477,734,,,,
2025-03-09,20577,0,7965,0,2.58,15567,5762,,861,558,439,,1134,,3015,1206,,3786,1092,534,140,,1938,440,271,86,,5554,1228,,617,802,,355,754,,625,207,,299,36,,3887,1083,,288,155,,6526,2784,,924,243,,5724,1532,,421,339,,1477,734,,,,
2025-03-10,20577,0,7965,0,2.58,15567,5762,,861,558,439,,1134,,3015,1206,,3786,1092,534,140,,1938,440,271,86,,5554,1228,,617,802,,355,754,,625,207,,299,36,,3887,1083,,288,155,,6526,2784,,924,243,,5724,1532,,421,339,,1477,734,,,,
2025-03-11,20577,0,7965,0,2.58,15567,5762,,861,558,439,,1134,,3015,1206,,3786,1092,534,140,,1938,440,271,86,,5554,1228,,617,802,,355,754,,625,207,,299,36,,3887,1083,,288,155,,6526,2784,,924,243,,5724,1532,,421,339,,1477,734,,,,
2025-03-12,20577,0,7965,0,2.58,15567,5762,,861,558,439,,1134,,3015,1206,,3786,1092,534,140,,1938,440,271,86,,5554,1228,,617,802,,355,754,,625,207,,299,36,,3887,1083,,288,155,,6526,2784,,924,243,,5724,1532,,421,339,,1477,734,,,,
2025-03-13,20577,0,7965,0,2.58,15567,5762,,861,558,439,,1134,,3015,1206,,3786,1092,534,140,,1938,440,271,86,,5554,1228,,617,802,,355,754,,625,207,,299,36,,3887,1083,,288,155,,6526,2784,,924,243,,5724,1532,,421,339,,1477,734,,,,
2025-03-14,20577,0,7965,0,2.58,15567,5762,,861,558,439,,1134,,3015,1206,,3786,1092,534,140,,1938,440,271,86,,5554,1228,,617,802,,355,754,,625,207,,299,36,,3887,1082,,288,155,,6526,2784,,924,243,,5724,1532,,421,339,,1477,735,,,,
2025-03-15,20577,0,7965,0,2.58,15567,5762,,861,558,439,,1134,,3015,1206,,3786,1092,534,140,,1938,440,271,86,,5554,1228,,617,802,,355,754,,625,207,,299,36,,3887,1082,,288,155,,6526,2784,,924,243,,5724,1532,,421,339,,1477,735,,,,
2025-03-16,20577,0,7965,0,2.58,15567,5762,,861,558,439,,1134,,3015,1206,,3786,1092,534,140,,1938,440,271,86,,5554,1228,,617,802,,355,754,,625,207,,299,36,,3887,1082,,288,155,,6526,2784,,924,243,,5724,1532,,421,339,,1477,735,,,,
2025-03-17,20577,0,7965,0,2.58,15567,5762,,861,558,439,,1134,,3015,1206,,3786,1092,534,140,,1938,440,271,86,,5554,1228,,617,802,,355,754,,625,207,,299,36,,3887,1082,,288,155,,6526,2784,,924,243,,5724,1532,,421,339,,1477,735,,,,
2025-03-18,20577,0,7965,0,2.58,15567,5762,,861,558,439,,1134,,3015,1206,,3786,1092,534,140,,1938,440,271,86,,5554,1228,,617,802,,355,754,,625,207,,299,36,,3887,1082,,288,155,,6526,2784,,924,243,,5724,1532,,421,339,,1477,735,,,,
2025-03-19,20577,0,7965,0,2.58,15567,5762,,861,558,439,,1134,,3015,1206,,3811,1108,533,140,,1970,442,271,86,,5635,1228,,621,800,,364,754,,630,215,,300,39,,3886,1088,,288,159,,6620,2782,,930,254,,5781,1550,,429,341,,1484,757,,,,
2025-03-20,20805,228,8201,236,2.54,15775,5937,,866,559,459,,1144,,3020,1246,,3812,1111,533,140,,1972,441,271,86,,5640,1261,,622,849,,364,799,,630,217,,300,42,,3916,1088,,288,158,,6626,2909,,930,259,,5784,1552,,429,341,,1486,758,,,,
2025-03-21,20805,0,8201,0,2.54,15775,5937,,866,559,459,,1144,,3020,1246,,3812,1111,533,140,,1972,441,271,86,,5640,1261,,622,849,,364,799,,630,217,,300,42,,3916,1088,,288,158,,6626,2909,,930,259,,5784,1552,,429,341,,1486,758,,,,
2025-03-22,20805,0,8201,0,2.54,15775,5937,,866,559,459,,1144,,3020,1246,,3812,1111,533,140,,1972,441,271,86,,5640,1261,,622,849,,364,799,,630,217,,300,42,,3916,1088,,288,158,,6626,2909,,930,259,,5784,1552,,429,341,,1486,758,,,,
2025-03-23,20856,51,8270,69,2.52,15820,5994,,873,560,460,,1142,,3021,1256,,3821,1113,533,140,,1975,443,271,86,,5657,1272,,624,860,,362,821,,634,220,,300,42,,3920,1088,,289,156,,6643,2953,,934,262,,5796,1556,,433,342,,1487,764,,,,
2025-03-24,20856,0,8270,0,2.52,15820,5994,,873,560,460,,1142,,3021,1256,,3821,1113,533,140,,1975,443,271,86,,5657,1272,,624,860,,362,821,,634,220,,300,42,,3920,1088,,289,156,,6643,2953,,934,262,,5796,1556,,433,342,,1487,764,,,,
2025-03-25,20856,0,8270,0,2.52,15820,5994,,873,560,460,,1142,,3021,1256,,3821,1113,533,140,,1975,443,271,86,,5657,1272,,624,860,,362,821,,634,220,,300,42,,3920,1088,,289,156,,6643,2953,,934,262,,5796,1556,,433,342,,1487,764,,,,
2025-03-26,20900,44,8321,51,2.51,15860,6034,,874,562,467,,1143,,3023,1258,,3829,1118,533,140,,1982,444,271,86,,5665,1278,,626,866,,364,832,,635,222,,300,42,,3930,1092,,289,156,,6655,2976,,935,264,,5811,1562,,433,343,,1490,769,,,,
2025-03-27,20900,0,8321,0,2.51,15860,6034,,874,562,467,,1143,,3023,1258,,3829,1118,533,140,,1982,444,271,86,,5665,1278,,626,866,,364,832,,635,222,,300,42,,3930,1092,,289,156,,6655,2976,,935,264,,5811,1562,,433,343,,1490,769,,,,
2025-03-28,20900,0,8321,0,2.51,15860,6034,,874,562,467,,1143,,3023,1258,,3829,1118,533,140,,1982,444,271,86,,5665,1278,,626,866,,364,832,,635,222,,300,42,,3930,1092,,289,156,,6655,2976,,935,264,,5811,1562,,433,343,,1490,769,,,,
2025-03-29,20943,43,8337,16,2.51,15899,6049,,877,562,467,,1143,,3024,1259,,3837,1118,533,140,,1992,444,271,86,,5674,1278,,628,870,,365,837,,636,224,,300,42,,3931,1093,,293,156,,6667,2985,,936,266,,5829,1562,,433,343,,1491,769,,,,
2025-03-30,20928,-15,8337,0,2.51,15884,6049,,877,562,467,,1143,,3024,1259,,3835,1118,533,140,,1996,444,271,86,,5669,1277,,628,870,,364,837,,636,224,,300,42,,3921,1093,,293,156,,6661,2984,,936,266,,5831,1562,,433,343,,1491,769,,,,
2025-03-31,20928,0,8337,0,2.51,15884,6049,,877,562,467,,1143,,3024,1259,,3835,1118,533,140,,1996,444,271,86,,5669,1277,,628,870,,364,837,,636,224,,300,42,,3921,1093,,293,156,,6661,2984,,936,266,,5831,1562,,433,343,,1491,769,,,,
2025-04-01,20982,54,8402,65,2.50,15929,6107,,879,562,473,,1148,,3026,1260,,3847,1124,533,140,,2005,446,273,86,,5691,1285,,631,886,,364,845,,637,228,,300,42,,3923,1099,,294,156,,6686,3016,,937,270,,5852,1570,,433,344,,1495,772,,,,
2025-04-02,20982,0,8402,0,2.50,15929,6107,,879,562,473,,1148,,3026,1260,,3847,1124,533,140,,2005,446,273,86,,5691,1285,,631,886,,364,845,,637,228,,300,42,,3923,1099,,294,156,,6686,3016,,937,270,,5852,1570,,433,344,,1495,772,,,,
2025-04-03,20982,0,8402,0,2.50,15929,6107,,879,562,473,,1148,,3026,1260,,3847,1124,533,140,,2005,446,273,86,,5691,1285,,631,886,,364,845,,637,228,,300,42,,3923,1099,,294,156,,6686,3016,,937,270,,5852,1570,,433,344,,1495,772,,,,
2025-04-04,20982,0,8402,0,2.50,15929,6107,,879,562,473,,1148,,3026,1260,,3847,1124,533,140,,2005,446,273,86,,5691,1285,,631,886,,364,845,,637,228,,300,42,,3923,1099,,294,156,,6686,3016,,937,270,,5852,1570,,433,344,,1495,772,,,,
2025-04-06,20982,0,8401,-1,2.50,15929,6106,,879,562,473,,1148,,3026,1260,,3871,1133,533,140,,2016,449,273,86,,5718,1298,,632,897,,364,856,,642,233,,300,42,,3907,1099,,295,156,,6714,3051,,942,275,,5887,1582,,436,344,,1500,779,,,,
2025-04-07,21071,89,8479,78,2.49,16000,6167,,880,562,483,,1154,,3037,1267,,3872,1135,533,140,,2018,449,273,86,,5720,1300,,632,898,,364,857,,642,233,,300,43,,3907,1099,,295,156,,6716,3055,,942,276,,5890,1584,,437,344,,1500,779,,,,
2025-04-08,21071,0,8479,0,2.49,16000,6167,,880,562,483,,1154,,3037,1267,,3872,1135,533,140,,2018,449,273,86,,5720,1300,,632,898,,364,857,,642,233,,300,43,,3907,1099,,295,156,,6716,3055,,942,276,,5890,1584,,437,344,,1500,779,,,,
2025-04-09,21071,0,8479,0,2.49,16000,6167,,880,562,483,,1154,,3037,1267,,3890,1138,533,142,,2028,449,273,86,,5737,1305,,637,905,,365,862,,642,235,,300,43,,3911,1102,,295,155,,6739,3072,,942,278,,5918,1587,,438,344,,1502,781,,,,
2025-04-10,21128,57,8508,29,2.48,16053,6189,,881,562,485,,1156,,3038,1272,,3885,1138,533,142,,2028,449,273,86,,5737,1305,,637,905,,365,862,,642,235,,300,43,,3911,1101,,294,155,,6739,3072,,942,278,,5913,1587,,438,344,,1502,781,,,,
2025-04-11,21128,0,8508,0,2.48,16053,6189,,881,562,485,,1156,,3038,1272,,3885,1138,533,142,,2028,449,273,86,,5737,1305,,637,905,,365,862,,642,235,,300,43,,3911,1101,,294,155,,6739,3072,,942,278,,5913,1587,,438,344,,1502,781,,,,
2025-04-12,21128,0,8508,0,2.48,16053,6189,,881,562,485,,1156,,3038,1272,,3885,1138,533,142,,2028,449,273,86,,5737,1305,,637,905,,365,862,,642,235,,300,43,,3911,1101,,294,155,,6739,3072,,942,278,,5913,1587,,438,344,,1502,781,,,,
2025-04-13,21199,71,8557,49,2.48,16117,6233,,884,562,487,,1158,,3040,1275,,3903,1147,533,143,,2036,450,273,86,,5758,1310,,640,904,,367,873,,644,235,,300,43,,3918,1101,,293,156,,6765,3087,,944,278,,5939,1597,,441,344,,1506,783,,,,
2025-04-14,21199,0,8557,0,2.48,16117,6233,,884,562,487,,1158,,3040,1275,,3903,1147,533,143,,2036,450,273,86,,5758,1310,,640,904,,367,873,,644,235,,300,43,,3918,1101,,293,156,,6765,3087,,944,278,,5939,1597,,441,344,,1506,783,,,,
2025-04-15,21199,0,8557,0,2.48,16117,6233,,884,562,487,,1158,,3040,1275,,3903,1147,533,143,,2036,450,273,86,,5758,1310,,640,904,,367,873,,644,235,,300,43,,3918,1101,,293,156,,6765,3087,,944,278,,5939,1597,,441,344,,1506,783,,,,
2025-04-16,21325,126,8601,44,2.48,16238,6275,,886,562,488,,1159,,3042,1276,,3917,1151,533,143,,2059,452,273,86,,5816,1315,,639,915,,367,875,,646,235,,300,45,,3931,1105,,294,157,,6822,3105,,946,280,,5976,1603,,445,344,,1513,789,,,,
2025-04-17,21325,0,8601,0,2.48,16238,6275,,886,562,488,,1159,,3042,1276,,3917,1151,533,143,,2059,452,273,86,,5816,1315,,639,915,,367,875,,646,235,,300,45,,3931,1105,,294,157,,6822,3105,,946,280,,5976,1603,,445,344,,1513,789,,,,
2025-04-18,21325,0,8601,0,2.48,16238,6275,,886,562,488,,1159,,3042,1276,,3917,1151,533,143,,2059,452,273,86,,5816,1315,,639,915,,367,875,,646,235,,300,45,,3931,1105,,294,157,,6822,3105,,946,280,,5976,1603,,445,344,,1513,789,,,,
2025-04-19,21374,49,8633,32,2.48,16286,6304,,886,564,488,,1160,,3042,1277,,3926,1153,533,143,,2068,453,273,86,,5836,1316,,640,923,,368,880,,646,235,,300,45,,3935,1109,,294,157,,6844,3119,,946,280,,5994,1606,,446,344,,1512,794,,,,
2025-04-20,21374,0,8633,0,2.48,16286,6304,,886,564,488,,1160,,3042,1277,,3926,1153,533,143,,2068,453,273,86,,5836,1316,,640,923,,368,880,,646,235,,300,45,,3935,1109,,294,157,,6844,3119,,946,280,,5994,1606,,446,344,,1512,794,,,,
2025-04-21,21374,0,8633,0,2.48,16286,6304,,886,564,488,,1160,,3042,1277,,3926,1153,533,143,,2068,453,273,86,,5836,1316,,640,923,,368,880,,646,235,,300,45,,3935,1109,,294,157,,6844,3119,,946,280,,5994,1606,,446,344,,1512,794,,,,
2025-04-22,21470,96,8678,45,2.47,16376,6337,,889,566,492,,1163,,3042,1283,,3938,1156,533,143,,2088,454,273,86,,5874,1326,,644,929,,375,886,,646,236,,300,45,,3944,1119,,294,157,,6893,3141,,946,281,,6026,1610,,446,345,,1514,797,,,,
2025-04-23,21470,0,8678,0,2.47,16376,6337,,889,566,492,,1163,,3042,1283,,3938,1156,533,143,,2088,454,273,86,,5874,1326,,644,929,,375,886,,646,236,,300,45,,3944,1119,,294,157,,6893,3141,,946,281,,6026,1610,,446,345,,1514,797,,,,
2025-04-24,21470,0,8678,0,2.47,16376,6337,,889,566,492,,1163,,3042,1283,,3938,1156,533,143,,2088,454,273,86,,5874,1326,,644,929,,375,886,,646,236,,300,45,,3944,1119,,294,157,,6893,3141,,946,281,,6026,1610,,446,345,,1514,797,,,,
2025-04-25,21512,42,8704,26,2.47,16417,6358,,889,566,492,,1161,,3045,1288,,3942,1158,533,144,,2099,456,273,86,,5880,1332,,647,933,,379,892,,647,238,,300,45,,3946,1119,,294,157,,6906,3157,,947,283,,6041,1614,,447,345,,1519,799,,,,
2025-04-26,21512,0,8704,0,2.47,16417,6358,,889,566,492,,1161,,3045,1288,,3942,1158,533,144,,2099,456,273,86,,5880,1332,,647,933,,379,892,,647,238,,300,45,,3946,1119,,294,157,,6906,3157,,947,283,,6041,1614,,447,345,,1519,799,,,,
2025-04-27,21512,0,8704,0,2.47,16417,6358,,889,566,492,,1161,,3045,1288,,3942,1158,533,144,,2099,456,273,86,,5880,1332,,647,933,,379,892,,647,238,,300,45,,3946,1119,,294,157,,6906,3157,,947,283,,6041,1614,,447,345,,1519,799,,,,
2025-04-28,21533,21,8728,24,2.47,16435,6379,,890,566,492,,1161,,3047,1291,,3945,1159,533,144,,2101,457,273,86,,5885,1334,,648,940,,380,893,,648,239,,300,45,,3948,1119,,294,157,,6913,3167,,948,284,,6046,1616,,448,345,,1521,802,,,,
2025-04-29,21533,0,8728,0,2.47,16435,6379,,890,566,492,,1161,,3047,1291,,3945,1159,533,144,,2101,457,273,86,,5885,1334,,648,940,,380,893,,648,239,,300,45,,3948,1119,,294,157,,6913,3167,,948,284,,6046,1616,,448,345,,1521,802,,,,
2025-04-30,21533,0,8728,0,2.47,16435,6379,,890,566,492,,1161,,3047,1291,,3945,1159,533,144,,2101,457,273,86,,5885,1334,,648,940,,380,893,,648,239,,300,45,,3948,1119,,294,157,,6913,3167,,948,284,,6046,1616,,448,345,,1521,802,,,,
2025-05-01,21550,17,8751,23,2.46,16452,6392,,890,568,497,,1161,,3047,1294,,3947,1159,533,144,,2103,458,273,86,,5884,1350,,647,941,,380,894,,650,239,,300,45,,3958,1121,,294,157,,6911,3185,,950,284,,6050,1617,,449,345,,1523,803,,,,
2025-05-02,21550,0,8751,0,2.46,16452,6392,,890,568,497,,1161,,3047,1294,,3947,1159,533,144,,2103,458,273,86,,5884,1350,,647,941,,380,894,,650,239,,300,45,,3958,1121,,294,157,,6911,3185,,950,284,,6050,1617,,449,345,,1523,803,,,,
2025-05-03,21604,54,8775,24,2.46,16502,6414,,891,568,498,,1161,,3050,1295,,3960,1164,533,144,,2116,459,274,86,,5894,1353,,648,945,,383,895,,650,240,,300,46,,3962,1122,,295,158,,6925,3193,,950,286,,6076,1623,,450,345,,1524,805,,,,
2025-05-04,21604,0,8775,0,2.46,16502,6414,,891,568,498,,1161,,3050,1295,,3960,1164,533,144,,2116,459,274,86,,5894,1353,,648,945,,383,895,,650,240,,300,46,,3962,1122,,295,158,,6925,3193,,950,286,,6076,1623,,450,345,,1524,805,,,,
2025-05-05,21604,0,8775,0,2.46,16502,6414,,891,568,498,,1161,,3050,1295,,3960,1164,533,144,,2116,459,274,86,,5894,1353,,648,945,,383,895,,650,240,,300,46,,3962,1122,,295,158,,6925,3193,,950,286,,6076,1623,,450,345,,1524,805,,,,
2025-05-06,21604,0,8775,0,2.46,16502,6414,,891,568,498,,1161,,3050,1295,,3960,1164,533,144,,2116,459,274,86,,5894,1353,,648,945,,383,895,,650,240,,300,46,,3962,1122,,295,158,,6925,3193,,950,286,,6076,1623,,450,345,,1524,805,,,,
2025-05-07,21648,44,8805,30,2.46,16546,6442,,892,568,498,,1160,,3050,1297,,3970,1167,533,144,,2121,461,274,86,,5900,1353,,651,952,,384,902,,652,240,,300,47,,3969,1122,,295,158,,6935,3207,,952,287,,6091,1628,,452,345,,1528,811,,,,
2025-05-08,21648,0,8805,0,2.46,16546,6442,,892,568,498,,1160,,3050,1297,,3970,1167,533,144,,2121,461,274,86,,5900,1353,,651,952,,384,902,,652,240,,300,47,,3969,1122,,295,158,,6935,3207,,952,287,,6091,1628,,452,345,,1528,811,,,,
2025-05-09,21648,0,8805,0,2.46,16546,6442,,892,568,498,,1160,,3050,1297,,3970,1167,533,144,,2121,461,274,86,,5900,1353,,651,952,,384,902,,652,240,,300,47,,3969,1122,,295,158,,6935,3207,,952,287,,6091,1628,,452,345,,1528,811,,,,
2025-05-10,21689,41,8837,32,2.45,16586,6469,,892,568,503,,1161,,3050,1297,,3974,1172,533,144,,2127,462,274,86,,5914,1358,,653,955,,384,912,,652,243,,300,47,,3972,1122,,295,158,,6951,3225,,952,290,,6101,1634,,453,345,,1536,813,,,,
2025-05-11,21689,0,8837,0,2.45,16586,6469,,892,568,503,,1161,,3050,1297,,3974,1172,533,144,,2127,462,274,86,,5914,1358,,653,955,,384,912,,652,243,,300,47,,3972,1122,,295,158,,6951,3225,,952,290,,6101,1634,,453,345,,1536,813,,,,
2025-05-12,21689,0,8837,0,2.45,16586,6469,,892,568,503,,1161,,3050,1297,,3974,1172,533,144,,2127,462,274,86,,5914,1358,,653,955,,384,912,,652,243,,300,47,,3972,1122,,295,158,,6951,3225,,952,290,,6101,1634,,453,345,,1536,813,,,,
2025-05-13,21689,0,8837,0,2.45,16586,6469,,892,568,503,,1161,,3050,1297,,3982,1176,533,145,,2130,463,274,86,,5934,1368,,658,962,,384,915,,658,243,,300,49,,3979,1122,,295,158,,6976,3245,,958,292,,6112,1639,,457,346,,1540,818,,,,
2025-05-14,21757,68,8873,36,2.45,16650,6498,,894,568,508,,1163,,3050,1299,,3983,1176,533,145,,2131,463,274,86,,5936,1368,,658,962,,384,915,,658,243,,300,49,,3981,1122,,295,158,,6978,3245,,958,292,,6114,1639,,459,346,,1541,818,,,,
2025-05-15,21757,0,8873,0,2.45,16650,6498,,894,568,508,,1163,,3050,1299,,3983,1175,533,145,,2131,463,274,86,,5936,1367,,658,960,,384,915,,658,243,,300,49,,3981,1122,,295,158,,6978,3242,,958,292,,6114,1638,,459,346,,1541,818,,,,
2025-05-16,21757,0,8873,0,2.45,16650,6498,,894,568,508,,1163,,3050,1299,,3983,1175,533,145,,2131,463,274,86,,5936,1367,,658,960,,384,915,,658,243,,300,49,,3981,1122,,295,158,,6978,3242,,958,292,,6114,1638,,459,346,,1541,818,,,,
2025-05-17,21779,22,8902,29,2.45,16674,6522,,893,569,512,,1162,,3050,1299,,3984,1181,533,145,,2129,463,274,86,,5950,1368,,660,966,,385,924,,658,245,,300,49,,3982,1124,,296,159,,6995,3258,,958,294,,6113,1644,,461,346,,1542,821,,,,
2025-05-18,21779,0,8902,0,2.45,16674,6522,,893,569,512,,1162,,3050,1299,,3984,1181,533,145,,2129,463,274,86,,5950,1368,,660,966,,385,924,,658,245,,300,49,,3982,1124,,296,159,,6995,3258,,958,294,,6113,1644,,461,346,,1542,821,,,,
2025-05-19,21779,0,8902,0,2.45,16674,6522,,893,569,512,,1162,,3050,1299,,3984,1181,533,145,,2129,463,274,86,,5950,1368,,660,966,,385,924,,658,245,,300,49,,3982,1124,,296,159,,6995,3258,,958,294,,6113,1644,,461,346,,1542,821,,,,
2025-05-20,21805,26,8940,38,2.44,16699,6551,,893,569,517,,1163,,3050,1303,,3987,1184,533,145,,2135,464,274,86,,5960,1372,,662,970,,385,932,,660,246,,300,49,,3984,1124,,296,159,,7007,3274,,960,295,,6122,1648,,461,346,,1543,826,,,,
2025-05-21,21805,0,8940,0,2.44,16699,6551,,893,569,517,,1163,,3050,1303,,3987,1184,533,145,,2135,464,274,86,,5960,1372,,662,970,,385,932,,660,246,,300,49,,3984,1124,,296,159,,7007,3274,,960,295,,6122,1648,,461,346,,1543,826,,,,
2025-05-22,21805,0,8940,0,2.44,16699,6551,,893,569,517,,1163,,3050,1303,,3987,1184,533,145,,2135,464,274,86,,5960,1372,,662,970,,385,932,,660,246,,300,49,,3984,1124,,296,159,,7007,3274,,960,295,,6122,1648,,461,346,,1543,826,,,,
2025-05-23,21846,41,8957,17,2.44,16733,6567,,895,569,517,,1163,,3055,1304,,3995,1185,533,145,,2141,464,274,86,,5966,1373,,663,973,,385,936,,661,247,,301,50,,3991,1126,,296,159,,7014,3282,,962,297,,6136,1649,,463,346,,1547,827,,,,
2025-05-24,21846,0,8957,0,2.44,16733,6567,,895,569,517,,1163,,3055,1304,,3995,1185,533,145,,2141,464,274,86,,5966,1373,,663,973,,385,936,,661,247,,301,50,,3991,1126,,296,159,,7014,3282,,962,297,,6136,1649,,463,346,,1547,827,,,,
2025-05-25,21846,0,8957,0,2.44,16733,6567,,895,569,517,,1163,,3055,1304,,3995,1185,533,145,,2141,464,274,86,,5966,1373,,663,973,,385,936,,661,247,,301,50,,3991,1126,,296,159,,7014,3282,,962,297,,6136,1649,,463,346,,1547,827,,,,
2025-05-26,21883,37,8978,21,2.44,16766,6585,,895,570,517,,1164,,3058,1306,,3994,1187,533,145,,2142,463,274,86,,5975,1376,,664,978,,389,939,,661,247,,302,51,,4005,1127,,297,159,,7028,3293,,963,298,,6136,1650,,463,347,,1550,827,,,,
2025-05-27,21883,0,8978,0,2.44,16766,6585,,895,570,517,,1164,,3058,1306,,3994,1187,533,145,,2142,463,274,86,,5975,1376,,664,978,,389,939,,661,247,,302,51,,4005,1127,,297,159,,7028,3293,,963,298,,6136,1650,,463,347,,1550,827,,,,
2025-05-28,21883,0,8978,0,2.44,16766,6585,,895,570,517,,1164,,3058,1306,,3994,1194,533,145,,2152,463,274,86,,5994,1376,,665,983,,389,946,,661,247,,302,51,,4008,1128,,297,159,,7048,3305,,963,298,,6146,1657,,463,347,,1553,831,,,,
2025-05-29,21968,85,9017,39,2.44,16840,6619,,895,572,520,,1173,,3060,1306,,4029,1194,533,145,,2154,463,274,86,,5997,1376,,665,986,,389,949,,661,247,,302,51,,4012,1128,,297,159,,7051,3311,,963,298,,6183,1657,,463,347,,1554,832,,,,
2025-05-30,21968,0,9017,0,2.44,16840,6619,,895,572,520,,1173,,3060,1306,,4029,1194,533,145,,2154,463,274,86,,5997,1376,,665,986,,389,949,,661,247,,302,51,,4012,1128,,297,159,,7051,3311,,963,298,,6183,1657,,463,347,,1554,832,,,,
2025-05-31,21968,0,9017,0,2.44,16840,6619,,895,572,520,,1173,,3060,1306,,4029,1194,533,145,,2154,463,274,86,,5997,1376,,665,986,,389,949,,661,247,,302,51,,4012,1128,,297,159,,7051,3311,,963,298,,6183,1657,,463,347,,1554,832,,,,
2025-06-01,21999,31,9040,23,2.43,16864,6636,,895,572,521,,1178,,3062,1311,,4030,1195,533,145,,2162,464,275,86,,6004,1380,,667,990,,389,951,,662,247,,302,52,,4018,1128,,297,159,,7060,3321,,964,299,,6192,1659,,464,347,,1556,835,,,,
2025-06-02,21999,0,9040,0,2.43,16864,6636,,895,572,521,,1178,,3062,1311,,4030,1195,533,145,,2162,464,275,86,,6004,1380,,667,990,,389,951,,662,247,,302,52,,4018,1128,,297,159,,7060,3321,,964,299,,6192,1659,,464,347,,1556,835,,,,
2025-06-03,21999,0,9040,0,2.43,16864,6636,,895,572,521,,1178,,3062,1311,,4030,1195,533,145,,2162,464,275,86,,6004,1380,,667,990,,389,951,,662,247,,302,52,,4018,1128,,297,159,,7060,3321,,964,299,,6192,1659,,464,347,,1556,835,,,,
2025-06-04,22045,46,9067,27,2.43,16905,6657,,898,573,523,,1178,,3064,1314,,4037,1195,533,145,,2165,464,275,86,,6011,1385,,667,993,,392,958,,663,250,,302,52,,4023,1132,,311,159,,7070,3336,,965,302,,6202,1659,,465,347,,1557,837,,,,
2025-06-05,22045,0,9067,0,2.43,16905,6657,,898,573,523,,1178,,3064,1314,,4037,1195,533,145,,2165,464,275,86,,6011,1385,,667,993,,392,958,,663,250,,302,52,,4023,1132,,311,159,,7070,3336,,965,302,,6202,1659,,465,347,,1557,837,,,,
2025-06-06,22045,0,9067,0,2.43,16905,6657,,898,573,523,,1178,,3064,1314,,4037,1194,533,145,,2165,464,275,86,,6011,1385,,667,993,,392,958,,663,250,,302,52,,4023,1132,,311,159,,7070,3336,,965,302,,6202,1658,,465,347,,1557,837,,,,
2025-06-07,22045,0,9067,0,2.43,16905,6657,,898,573,523,,1178,,3064,1314,,4037,1194,533,145,,2165,464,275,86,,6011,1385,,667,993,,392,958,,663,250,,302,52,,4023,1132,,311,159,,7070,3336,,965,302,,6202,1658,,465,347,,1557,837,,,,
2025-06-08,22065,20,9082,15,2.43,16922,6672,,900,573,522,,1175,,3068,1315,,4041,1198,533,146,,2168,466,275,86,,6010,1386,,668,993,,392,962,,663,250,,302,52,,4027,1132,,313,159,,7070,3341,,965,302,,6209,1664,,467,348,,1557,841,,,,
2025-06-09,22065,0,9082,0,2.43,16922,6672,,900,573,522,,1175,,3068,1315,,4041,1198,533,146,,2168,466,275,86,,6010,1386,,668,993,,392,962,,663,250,,302,52,,4027,1132,,313,159,,7070,3341,,965,302,,6209,1664,,467,348,,1557,841,,,,
2025-06-10,22065,0,9082,0,2.43,16922,6672,,900,573,522,,1175,,3068,1315,,4041,1198,533,146,,2168,466,275,86,,6010,1386,,668,993,,392,962,,663,250,,302,52,,4027,1132,,313,159,,7070,3341,,965,302,,6209,1664,,467,348,,1557,841,,,,
2025-06-11,22090,25,9117,35,2.42,16947,6701,,900,573,525,,1175,,3068,1318,,4049,1199,533,146,,2168,472,275,86,,6018,1387,,668,1000,,393,966,,663,252,,302,52,,4030,1135,,313,159,,7079,3353,,965,304,,6217,1671,,467,348,,1559,847,,,,
2025-06-12,22090,0,9117,0,2.42,16947,6701,,900,573,525,,1175,,3068,1318,,4049,1199,533,146,,2168,472,275,86,,6018,1387,,668,1000,,393,966,,663,252,,302,52,,4030,1135,,313,159,,7079,3353,,965,304,,6217,1671,,467,348,,1559,847,,,,
2025-06-13,22090,0,9117,0,2.42,16947,6701,,900,573,525,,1175,,3068,1318,,4049,1199,533,146,,2168,472,275,86,,6018,1387,,668,1000,,393,966,,663,252,,302,52,,4030,1135,,313,159,,7079,3353,,965,304,,6217,1671,,467,348,,1559,847,,,,
2025-06-14,22116,26,9140,23,2.42,16964,6722,,901,573,527,,1175,,3076,1318,,4051,1201,533,146,,2169,473,275,86,,6022,1388,,668,1004,,394,973,,664,252,,302,53,,4036,1137,,314,159,,7084,3365,,966,305,,6220,1674,,467,348,,1561,851,,,,
2025-06-15,22116,0,9140,0,2.42,16964,6722,,901,573,527,,1175,,3076,1318,,4051,1201,533,146,,2169,473,275,86,,6022,1388,,668,1004,,394,973,,664,252,,302,53,,4036,1137,,314,159,,7084,3365,,966,305,,6220,1674,,467,348,,1561,851,,,,
2025-06-16,22116,0,9140,0,2.42,16964,6722,,901,573,527,,1175,,3076,1318,,4051,1201,533,146,,2169,473,275,86,,6022,1388,,668,1004,,394,973,,664,252,,302,53,,4036,1137,,314,159,,7084,3365,,966,305,,6220,1674,,467,348,,1561,851,,,,
2025-06-17,22145,29,9148,8,2.42,16993,6732,,902,573,525,,1174,,3076,1318,,4052,1201,533,146,,2173,473,275,86,,6026,1388,,668,1004,,394,975,,665,252,,302,53,,4051,1138,,314,159,,7088,3367,,967,305,,6225,1674,,467,348,,1562,851,,,,
2025-06-18,22145,0,9148,0,2.42,16993,6732,,902,573,525,,1174,,3076,1318,,4052,1201,533,146,,2173,473,275,86,,6026,1388,,668,1004,,394,975,,665,252,,302,53,,4051,1138,,314,159,,7088,3367,,967,305,,6225,1674,,467,348,,1562,851,,,,
2025-06-19,22145,0,9148,0,2.42,16993,6732,,902,573,525,,1174,,3076,1318,,4052,1201,533,146,,2173,473,275,86,,6026,1388,,668,1004,,394,975,,665,252,,302,53,,4051,1138,,314,159,,7088,3367,,967,305,,6225,1674,,467,348,,1562,851,,,,
2025-06-20,22176,31,9200,52,2.41,17014,6775,,904,576,529,,1176,,3082,1320,,4052,1203,533,146,,2177,474,275,86,,6036,1394,,668,1014,,394,989,,667,253,,302,53,,4055,1141,,314,159,,7098,3397,,969,306,,6229,1677,,468,348,,1565,857,,,,
2025-06-21,22176,0,9200,0,2.41,17014,6775,,904,576,529,,1176,,3082,1320,,4052,1203,533,146,,2177,474,275,86,,6036,1394,,668,1014,,394,989,,667,253,,302,53,,4055,1141,,314,159,,7098,3397,,969,306,,6229,1677,,468,348,,1565,857,,,,
2025-06-22,22176,0,9200,0,2.41,17014,6775,,904,576,529,,1176,,3082,1320,,4052,1203,533,146,,2177,474,275,86,,6036,1394,,668,1014,,394,989,,667,253,,302,53,,4054,1141,,314,159,,7098,3397,,969,306,,6229,1677,,468,348,,1565,857,,,,
2025-06-23,22196,20,9204,4,2.41,17033,6776,,905,576,530,,1176,,3082,1322,,4053,1203,533,146,,2176,474,275,86,,6037,1394,,668,1015,,394,989,,667,253,,302,53,,4063,1141,,314,159,,7099,3398,,969,306,,6229,1677,,469,348,,1567,857,,,,
2025-06-24,22196,0,9204,0,2.41,17033,6776,,905,576,530,,1176,,3082,1322,,4053,1203,533,146,,2176,474,275,86,,6037,1394,,668,1015,,394,989,,667,253,,302,53,,4063,1141,,314,159,,7099,3398,,969,306,,6229,1677,,469,348,,1567,857,,,,
2025-06-25,22196,0,9204,0,2.41,17033,6776,,905,576,530,,1176,,3082,1322,,4053,1203,533,146,,2176,474,275,86,,6037,1394,,668,1015,,394,989,,667,253,,302,53,,4063,1141,,314,159,,7099,3398,,969,306,,6229,1677,,469,348,,1567,857,,,,
2025-06-26,22196,0,9204,0,2.41,17033,6776,,905,576,530,,1176,,3082,1322,,4053,1203,533,146,,2176,474,275,86,,6037,1394,,668,1015,,394,989,,667,253,,302,53,,4063,1141,,314,159,,7099,3398,,969,306,,6229,1677,,469,348,,1567,857,,,,
2025-06-27,22196,0,9204,0,2.41,17033,6776,,905,576,530,,1176,,3082,1322,,4053,1203,533,146,,2176,474,275,86,,6037,1394,,668,1015,,394,989,,667,253,,302,53,,4063,1141,,314,159,,7099,3398,,969,306,,6229,1677,,469,348,,1567,857,,,,
2025-06-28,22196,0,9204,0,2.41,17033,6776,,905,576,530,,1176,,3082,1322,,4053,1203,533,146,,2176,474,275,86,,6037,1394,,668,1015,,394,989,,667,253,,302,53,,4063,1141,,314,159,,7099,3398,,969,306,,6229,1677,,469,348,,1567,857,,,,
2025-06-29,22225,29,9245,41,2.40,17060,6806,,905,577,532,,1176,,3084,1330,,4059,1207,533,146,,2178,476,275,86,,6042,1404,,670,1019,,395,993,,668,253,,302,53,,4069,1145,,314,160,,7107,3416,,970,306,,6237,1683,,469,349,,1569,859,,,,
2025-06-30,22225,0,9245,0,2.40,17060,6806,,905,577,532,,1176,,3084,1330,,4059,1207,533,146,,2178,476,275,86,,6042,1404,,670,1019,,395,993,,668,253,,302,53,,4069,1145,,314,160,,7107,3416,,970,306,,6237,1683,,469,349,,1569,859,,,,
2025-07-01,22225,0,9245,0,2.40,17060,6806,,905,577,532,,1176,,3084,1330,,4059,1207,533,146,,2179,476,275,86,,6041,1402,,670,1019,,395,993,,668,253,,302,53,,4069,1145,,318,160,,7106,3414,,970,306,,6238,1683,,469,349,,1569,859,,,,
2025-07-02,22250,25,9274,29,2.40,17082,6832,,907,578,534,,1176,,3085,1330,,4059,1210,533,146,,2184,477,275,86,,6045,1409,,670,1024,,396,1000,,669,253,,302,54,,4074,1146,,319,160,,7111,3433,,971,307,,6243,1687,,469,349,,1572,860,,,,
2025-07-03,22250,0,9274,0,2.40,17082,6832,,907,578,534,,1176,,3085,1330,,4059,1210,533,146,,2184,477,275,86,,6045,1409,,670,1024,,396,1000,,669,253,,302,54,,4074,1146,,319,160,,7111,3433,,971,307,,6243,1687,,469,349,,1572,860,,,,
2025-07-04,22250,0,9274,0,2.40,17082,6832,,907,578,534,,1176,,3085,1330,,4059,1210,533,146,,2184,477,275,86,,6045,1409,,670,1024,,396,1000,,669,253,,302,54,,4074,1146,,319,160,,7111,3433,,971,307,,6243,1687,,469,349,,1572,860,,,,
2025-07-05,22273,23,9285,11,2.40,17102,6842,,908,578,535,,1176,,3087,1330,,4063,1210,533,146,,2184,477,275,86,,6050,1409,,670,1027,,396,1002,,669,253,,302,54,,4078,1147,,321,160,,7116,3438,,971,307,,6247,1687,,471,349,,1572,863,,,,
2025-07-06,22273,0,9285,0,2.40,17102,6842,,908,578,535,,1176,,3087,1330,,4063,1210,533,146,,2184,477,275,86,,6050,1409,,670,1027,,396,1002,,669,253,,302,54,,4078,1147,,321,160,,7116,3438,,971,307,,6247,1687,,471,349,,1572,863,,,,
2025-07-07,22273,0,9285,0,2.40,17102,6842,,908,578,535,,1176,,3087,1330,,4063,1210,533,146,,2184,477,275,86,,6050,1409,,670,1027,,396,1002,,669,253,,302,54,,4078,1147,,321,160,,7116,3438,,971,307,,6247,1687,,471,349,,1572,863,,,,
2025-07-08,22295,22,9292,7,2.40,17124,6849,,908,578,535,,1176,,3087,1330,,4065,1210,533,146,,2186,477,275,86,,6054,1409,,670,1027,,396,1004,,669,253,,302,54,,4086,1148,,321,160,,7120,3440,,971,307,,6251,1687,,471,350,,1574,863,,,,
2025-07-09,22295,0,9292,0,2.40,17124,6849,,908,578,535,,1176,,3087,1330,,4065,1210,533,146,,2186,477,275,86,,6054,1409,,670,1027,,396,1004,,669,253,,302,54,,4086,1148,,321,160,,7120,3440,,971,307,,6251,1687,,471,350,,1574,863,,,,
2025-07-10,22295,0,9292,0,2.40,17124,6849,,908,578,535,,1176,,3087,1330,,4065,1210,533,146,,2186,477,275,86,,6054,1409,,670,1027,,396,1004,,669,253,,302,54,,4086,1148,,321,160,,7120,3440,,971,307,,6251,1687,,471,350,,1574,863,,,,
2025-07-11,22314,19,9330,38,2.39,17143,6884,,908,578,538,,1176,,3087,1330,,4067,1213,533,146,,2191,479,275,86,,6056,1414,,672,1031,,397,1014,,671,255,,302,55,,4088,1148,,321,161,,7125,3459,,973,310,,6258,1692,,472,350,,1575,869,,,,
2025-07-12,22314,0,9330,0,2.39,17143,6884,,908,578,538,,1176,,3087,1330,,4067,1213,533,146,,2191,479,275,86,,6056,1414,,672,1031,,397,1014,,671,255,,302,55,,4088,1148,,321,161,,7125,3459,,973,310,,6258,1692,,472,350,,1575,869,,,,
2025-07-13,22314,0,9330,0,2.39,17143,6884,,908,578,538,,1176,,3087,1330,,4067,1213,533,146,,2191,479,275,86,,6056,1414,,672,1031,,397,1014,,671,255,,302,55,,4088,1148,,321,161,,7125,3459,,973,310,,6258,1692,,472,350,,1575,869,,,,
2025-07-14,22314,0,9330,0,2.39,17143,6884,,908,578,538,,1176,,3087,1330,,4067,1213,533,146,,2191,479,275,86,,6056,1414,,672,1031,,397,1014,,671,255,,302,55,,4088,1148,,321,161,,7125,3459,,973,310,,6258,1692,,472,350,,1575,869,,,,
2025-07-15,22341,27,9347,17,2.39,17167,6899,,909,578,538,,1178,,3087,1332,,4071,1217,533,147,,2198,479,275,86,,6061,1419,,675,1034,,397,1016,,671,255,,302,55,,4092,1149,,321,161,,7133,3469,,973,310,,6269,1696,,472,351,,1577,870,,,,
2025-07-16,22341,0,9347,0,2.39,17167,6899,,909,578,538,,1178,,3087,1332,,4071,1217,533,147,,2198,479,275,86,,6061,1419,,675,1034,,397,1016,,671,255,,302,55,,4092,1149,,321,161,,7133,3469,,973,310,,6269,1696,,472,351,,1577,870,,,,
2025-07-17,22341,0,9347,0,2.39,17167,6899,,909,578,538,,1178,,3087,1332,,4071,1217,533,147,,2198,479,275,86,,6061,1419,,675,1034,,397,1016,,671,255,,302,55,,4092,1149,,321,161,,7133,3469,,973,310,,6269,1696,,472,351,,1577,870,,,,
2025-07-18,22381,40,9374,27,2.39,17198,6921,,909,578,539,,1178,,3096,1336,,4074,1220,533,147,,2200,479,275,86,,6069,1422,,676,1035,,398,1025,,671,255,,302,56,,4099,1150,,321,161,,7143,3482,,973,311,,6274,1699,,472,351,,1583,872,,,,
2025-07-19,22381,0,9374,0,2.39,17198,6921,,909,578,539,,1178,,3096,1336,,4074,1220,533,147,,2200,479,275,86,,6069,1422,,676,1035,,398,1025,,671,255,,302,56,,4099,1150,,321,161,,7143,3482,,973,311,,6274,1699,,472,351,,1583,872,,,,
2025-07-20,22381,0,9374,0,2.39,17198,6921,,909,578,539,,1178,,3096,1336,,4074,1220,533,147,,2200,479,275,86,,6069,1422,,676,1035,,398,1025,,671,255,,302,56,,4099,1150,,321,161,,7143,3482,,973,311,,6274,1699,,472,351,,1583,872,,,,
2025-07-21,22381,0,9374,0,2.39,17198,6921,,909,578,539,,1178,,3096,1336,,4074,1220,533,147,,2200,479,275,86,,6069,1422,,676,1035,,398,1025,,671,255,,302,56,,4099,1150,,321,161,,7143,3482,,973,311,,6274,1699,,472,351,,1583,872,,,,
2025-07-22,22381,0,9374,0,2.39,17198,6921,,909,578,539,,1178,,3096,1336,,4074,1220,533,147,,2200,479,275,86,,6069,1422,,676,1035,,398,1025,,671,255,,302,56,,4099,1150,,321,161,,7143,3482,,973,311,,6274,1699,,472,351,,1583,872,,,,
2025-07-23,22397,16,9432,58,2.37,17213,6976,,910,578,542,,1178,,3096,1336,,4075,1226,533,147,,2201,482,275,86,,6071,1426,,676,1043,,399,1036,,671,255,,302,57,,4100,1150,,322,161,,7146,3505,,973,312,,6276,1708,,473,352,,1585,881,,,,
2025-07-24,22397,0,9432,0,2.37,17213,6976,,910,578,542,,1178,,3096,1336,,4075,1226,533,147,,2201,482,275,86,,6071,1426,,676,1043,,399,1036,,671,255,,302,57,,4100,1150,,322,161,,7146,3505,,973,312,,6276,1708,,473,352,,1585,881,,,,
2025-07-25,22397,0,9432,0,2.37,17213,6976,,910,578,542,,1178,,3096,1336,,4075,1226,533,147,,2201,482,275,86,,6071,1426,,676,1043,,399,1036,,671,255,,302,57,,4100,1150,,322,161,,7146,3505,,973,312,,6276,1708,,473,352,,1585,881,,,,
2025-07-26,22417,20,9448,16,2.37,17226,6987,,911,578,542,,1178,,3102,1341,,4077,1227,533,147,,2201,482,275,86,,6074,1426,,677,1047,,399,1036,,674,255,,302,57,,4103,1150,,322,162,,7150,3509,,976,312,,6278,1709,,473,352,,1585,881,,,,
2025-07-27,22417,0,9448,0,2.37,17226,6987,,911,578,542,,1178,,3102,1341,,4077,1227,533,147,,2201,482,275,86,,6074,1426,,677,1047,,399,1036,,674,255,,302,57,,4103,1150,,322,162,,7150,3509,,976,312,,6278,1709,,473,352,,1585,881,,,,
2025-07-28,22424,7,9493,45,2.36,17231,7027,,913,579,546,,1178,,3102,1341,,4078,1232,533,147,,2201,482,275,86,,6076,1430,,677,1055,,399,1053,,675,255,,302,57,,4105,1154,,322,162,,7152,3538,,977,312,,6279,1714,,474,352,,1585,884,,,,
2025-07-29,22432,8,9493,0,2.36,17239,7027,,913,579,546,,1178,,3102,1341,,4082,1232,533,147,,2202,482,275,86,,6076,1430,,677,1055,,399,1053,,675,255,,302,57,,4106,1154,,322,162,,7152,3538,,977,312,,6284,1714,,474,352,,1585,884,,,,
2025-07-30,22432,0,9493,0,2.36,17239,7027,,913,579,546,,1178,,3102,1341,,4082,1232,533,147,,2202,482,275,86,,6076,1430,,677,1055,,399,1053,,675,255,,302,57,,4106,1154,,322,162,,7152,3538,,977,312,,6284,1714,,474,352,,1585,884,,,,
2025-07-31,22432,0,9493,0,2.36,17239,7027,,913,579,546,,1178,,3102,1341,,4082,1232,533,147,,2202,482,275,86,,6076,1430,,677,1055,,399,1053,,675,255,,302,57,,4106,1154,,322,162,,7152,3538,,977,312,,6284,1714,,474,352,,1585,884,,,,
2025-08-01,22446,14,9499,6,2.36,17248,7032,,913,579,546,,1178,,3107,1342,,4084,1232,534,147,,2203,482,275,86,,6078,1430,,677,1056,,399,1053,,675,256,,302,57,,4108,1155,,322,162,,7154,3539,,977,313,,6287,1714,,474,352,,1587,884,,,,
2025-08-02,22446,0,9499,0,2.36,17248,7032,,913,579,546,,1178,,3107,1342,,4083,1232,534,147,,2202,482,275,86,,6077,1430,,677,1056,,399,1053,,675,256,,302,57,,4108,1155,,322,162,,7153,3539,,977,313,,6285,1714,,474,352,,1587,884,,,,
2025-08-03,22446,0,9499,0,2.36,17248,7032,,913,579,546,,1178,,3107,1342,,4083,1232,534,147,,2202,482,275,86,,6077,1430,,677,1056,,399,1053,,675,256,,302,57,,4108,1155,,322,162,,7153,3539,,977,313,,6285,1714,,474,352,,1587,884,,,,
2025-08-04,22458,12,9503,4,2.36,17259,7032,,913,579,546,,1178,,3108,1346,,4087,1232,534,147,,2204,482,276,86,,6077,1431,,677,1056,,399,1053,,675,256,,302,57,,4110,1155,,322,162,,7153,3540,,977,313,,6291,1714,,474,352,,1590,884,,,,
2025-08-05,22458,0,9503,0,2.36,17259,7032,,913,579,546,,1178,,3108,1346,,4087,1232,534,147,,2204,482,276,86,,6077,1431,,677,1056,,399,1053,,675,256,,302,57,,4110,1155,,322,162,,7153,3540,,977,313,,6291,1714,,474,352,,1590,884,,,,
2025-08-06,22458,0,9503,0,2.36,17259,7032,,913,579,546,,1178,,3108,1346,,4087,1232,534,147,,2204,482,276,86,,6077,1431,,677,1056,,399,1053,,675,256,,302,57,,4110,1155,,322,162,,7153,3540,,977,313,,6291,1714,,474,352,,1590,884,,,,
2025-08-07,22458,0,9503,0,2.36,17259,7032,,913,579,546,,1178,,3108,1346,,4087,1232,534,147,,2204,482,276,86,,6077,1431,,677,1056,,399,1053,,675,256,,302,57,,4110,1155,,322,162,,7153,3540,,977,313,,6291,1714,,474,352,,1590,884,,,,
2025-08-08,22474,16,9534,31,2.36,17274,7061,,913,579,547,,1178,,3109,1347,,4089,1237,534,147,,2209,482,276,86,,6083,1433,,677,1060,,400,1061,,675,257,,302,58,,4113,1155,,322,162,,7160,3554,,977,315,,6298,1719,,474,352,,1590,887,,,,
2025-08-09,22474,0,9534,0,2.36,17274,7061,,913,579,547,,1178,,3109,1347,,4089,1237,534,147,,2209,482,276,86,,6083,1433,,677,1060,,400,1061,,675,257,,302,58,,4113,1155,,322,162,,7160,3554,,977,315,,6298,1719,,474,352,,1590,887,,,,
2025-08-10,22474,0,9534,0,2.36,17274,7061,,913,579,547,,1178,,3109,1347,,4089,1237,534,147,,2209,482,276,86,,6083,1433,,677,1060,,400,1061,,675,257,,302,58,,4113,1155,,322,162,,7160,3554,,977,315,,6298,1719,,474,352,,1590,887,,,,
2025-08-11,22486,12,9542,8,2.36,17282,7068,,913,579,547,,1180,,3111,1348,,4090,1238,535,147,,2210,482,276,86,,6085,1433,,677,1061,,400,1061,,676,257,,302,58,,4116,1156,,322,162,,7162,3555,,978,315,,6300,1720,,474,352,,1591,887,,,,
2025-08-12,22486,0,9542,0,2.36,17282,7068,,913,579,547,,1180,,3111,1348,,4090,1238,535,147,,2210,482,276,86,,6085,1433,,677,1061,,400,1061,,676,257,,302,58,,4116,1156,,322,162,,7162,3555,,978,315,,6300,1720,,474,352,,1591,887,,,,
2025-08-13,22486,0,9542,0,2.36,17282,7068,,913,579,547,,1180,,3111,1348,,4090,1238,535,147,,2210,482,276,86,,6085,1433,,677,1061,,400,1061,,676,257,,302,58,,4116,1156,,322,162,,7162,3555,,978,315,,6300,1720,,474,352,,1591,887,,,,
2025-08-14,22510,24,9576,34,2.35,17303,7097,,913,579,551,,1181,,3113,1349,,4096,1242,535,147,,2214,483,276,86,,6086,1437,,677,1065,,400,1067,,676,258,,302,59,,4124,1161,,321,162,,7163,3569,,978,317,,6310,1725,,474,353,,1593,890,,,,
2025-08-15,22510,0,9576,0,2.35,17303,7097,,913,579,551,,1181,,3113,1349,,4096,1242,535,147,,2214,483,276,86,,6086,1437,,677,1065,,400,1067,,676,258,,302,59,,4124,1161,,321,162,,7163,3569,,978,317,,6310,1725,,474,353,,1593,890,,,,
2025-08-16,22510,0,9576,0,2.35,17303,7097,,913,579,551,,1181,,3113,1349,,4096,1242,535,147,,2214,483,276,86,,6086,1437,,677,1065,,400,1067,,676,258,,302,59,,4124,1161,,321,162,,7163,3569,,978,317,,6310,1725,,474,353,,1593,890,,,,
2025-08-17,22540,30,9582,6,2.35,17325,7102,,915,579,551,,1181,,3119,1350,,4098,1242,535,147,,2218,483,275,86,,6091,1437,,677,1065,,400,1068,,676,258,,302,59,,4132,1162,,322,162,,7168,3570,,978,317,,6316,1725,,474,353,,1595,891,,,,
2025-08-18,22540,0,9582,0,2.35,17325,7102,,915,579,551,,1181,,3119,1350,,4098,1242,535,147,,2218,483,275,86,,6091,1437,,677,1065,,400,1068,,676,258,,302,59,,4132,1162,,322,162,,7168,3570,,978,317,,6316,1725,,474,353,,1595,891,,,,
2025-08-19,22540,0,9582,0,2.35,17325,7102,,915,579,551,,1181,,3119,1350,,4098,1242,535,147,,2218,483,275,86,,6091,1437,,677,1065,,400,1068,,676,258,,302,59,,4132,1162,,322,162,,7168,3570,,978,317,,6316,1725,,474,353,,1595,891,,,,
2025-08-20,22558,18,9621,39,2.34,17339,7140,,915,579,552,,1183,,3121,1350,,4103,1246,536,147,,2221,483,275,86,,6092,1438,,677,1069,,400,1078,,676,258,,302,60,,4139,1168,,322,162,,7169,3585,,978,318,,6324,1729,,474,354,,1596,894,,,,
2025-08-21,22558,0,9621,0,2.34,17339,7140,,915,579,552,,1183,,3121,1350,,4103,1246,536,147,,2221,483,275,86,,6092,1438,,677,1069,,400,1078,,676,258,,302,60,,4139,1168,,322,162,,7169,3585,,978,318,,6324,1729,,474,354,,1596,894,,,,
2025-08-22,22558,0,9621,0,2.34,17339,7140,,915,579,552,,1183,,3121,1350,,4103,1246,536,147,,2221,483,275,86,,6092,1438,,677,1069,,400,1078,,676,258,,302,60,,4139,1168,,322,162,,7169,3585,,978,318,,6324,1729,,474,354,,1596,894,,,,
2025-08-23,22585,27,9636,15,2.34,17361,7154,,915,579,552,,1183,,3126,1351,,4107,1246,536,147,,2224,483,275,86,,6093,1438,,679,1069,,400,1080,,676,258,,302,60,,4145,1170,,322,162,,7172,3587,,978,318,,6331,1729,,475,354,,1598,895,,,,
2025-08-24,22585,0,9636,0,2.34,17361,7154,,915,579,552,,1183,,3126,1351,,4107,1246,536,147,,2224,483,275,86,,6093,1438,,679,1069,,400,1080,,676,258,,302,60,,4145,1170,,322,162,,7172,3587,,978,318,,6331,1729,,475,354,,1598,895,,,,
2025-08-25,22585,0,9636,0,2.34,17361,7154,,915,579,552,,1183,,3126,1351,,4107,1246,536,147,,2224,483,275,86,,6093,1438,,679,1069,,400,1080,,676,258,,302,60,,4145,1170,,322,162,,7172,3587,,978,318,,6331,1729,,475,354,,1598,895,,,,
2025-08-26,22597,12,9685,49,2.33,17372,7198,,915,580,555,,1183,,3127,1352,,4108,1256,536,147,,2224,484,275,86,,6093,1438,,679,1074,,400,1088,,676,259,,302,60,,4149,1178,,322,163,,7172,3600,,978,319,,6332,1740,,475,355,,1605,898,,,,
2025-08-27,22597,0,9685,0,2.33,17372,7198,,915,580,555,,1183,,3127,1352,,4108,1256,536,147,,2224,484,275,86,,6093,1438,,679,1074,,400,1088,,676,259,,302,60,,4149,1178,,322,163,,7172,3600,,978,319,,6332,1740,,475,355,,1605,898,,,,
2025-08-28,22597,0,9685,0,2.33,17372,7198,,915,580,555,,1183,,3127,1352,,4108,1256,536,147,,2224,484,275,86,,6093,1438,,679,1074,,400,1088,,676,259,,302,60,,4149,1178,,322,163,,7172,3600,,978,319,,6332,1740,,475,355,,1605,898,,,,
2025-08-29,22633,36,9690,5,2.34,17406,7201,,916,582,555,,1183,,3128,1352,,4112,1256,536,147,,2228,484,275,86,,6096,1438,,680,1074,,401,1088,,677,259,,303,60,,4159,1178,,322,163,,7177,3600,,980,319,,6340,1740,,476,355,,1612,898,,,,
2025-08-30,22633,0,9690,0,2.34,17406,7201,,916,582,555,,1183,,3128,1352,,4112,1256,536,147,,2228,484,275,86,,6096,1438,,680,1074,,401,1088,,677,259,,303,60,,4159,1178,,322,163,,7177,3600,,980,319,,6340,1740,,476,355,,1612,898,,,,
2025-08-31,22633,0,9690,0,2.34,17406,7201,,916,582,555,,1183,,3128,1352,,4112,1256,536,147,,2228,484,275,86,,6096,1438,,680,1074,,401,1088,,677,259,,303,60,,4159,1178,,322,163,,7177,3600,,980,319,,6340,1740,,476,355,,1612,898,,,,
2025-09-01,22646,13,9696,6,2.34,17418,7206,,916,582,556,,1184,,3128,1352,,4113,1256,536,147,,2228,484,275,86,,6099,1439,,681,1074,,401,1088,,677,259,,303,60,,4160,1178,,324,163,,7181,3601,,980,319,,6341,1740,,476,355,,1617,898,,,,
2025-09-02,22646,0,9696,0,2.34,17418,7206,,916,582,556,,1184,,3128,1352,,4113,1256,536,147,,2228,484,275,86,,6099,1439,,681,1074,,401,1088,,677,259,,303,60,,4160,1178,,324,163,,7181,3601,,980,319,,6341,1740,,476,355,,1617,898,,,,
2025-09-03,22646,0,9696,0,2.34,17418,7206,,916,582,556,,1184,,3128,1352,,4113,1256,536,147,,2228,484,275,86,,6099,1439,,681,1074,,401,1088,,677,259,,303,60,,4160,1178,,324,163,,7181,3601,,980,319,,6341,1740,,476,355,,1617,898,,,,
2025-09-04,22672,26,9728,32,2.33,17448,7238,,916,580,557,,1180,,3128,1353,,4114,1260,536,147,,2232,484,275,86,,6104,1441,,681,1081,,402,1094,,677,259,,303,61,,4169,1179,,324,163,,7187,3616,,980,320,,6346,1744,,477,354,,1620,904,,,,
2025-09-05,22672,0,9728,0,2.33,17448,7238,,916,580,557,,1180,,3128,1353,,4114,1260,536,147,,2232,484,275,86,,6104,1441,,681,1081,,402,1094,,677,259,,303,61,,4169,1179,,324,163,,7187,3616,,980,320,,6346,1744,,477,354,,1620,904,,,,
2025-09-06,22672,0,9728,0,2.33,17448,7238,,916,580,557,,1180,,3128,1353,,4114,1260,536,147,,2232,484,275,86,,6104,1441,,681,1081,,402,1094,,677,259,,303,61,,4169,1179,,324,163,,7187,3616,,980,320,,6346,1744,,477,354,,1620,904,,,,
2025-09-07,22696,24,9738,10,2.33,17467,7247,,918,581,557,,1181,,3130,1353,,4118,1261,536,147,,2235,484,275,86,,6110,1441,,682,1083,,402,1095,,677,259,,303,61,,4172,1183,,324,162,,7194,3619,,980,320,,6353,1745,,479,354,,1621,904,,,,
2025-09-08,22696,0,9738,0,2.33,17467,7247,,918,581,557,,1181,,3130,1353,,4118,1261,536,147,,2235,484,275,86,,6110,1441,,682,1083,,402,1095,,677,259,,303,61,,4172,1183,,324,162,,7194,3619,,980,320,,6353,1745,,479,354,,1621,904,,,,
2025-09-09,22696,0,9738,0,2.33,17467,7247,,918,581,557,,1181,,3130,1353,,4118,1261,536,147,,2235,484,275,86,,6110,1441,,682,1083,,402,1095,,677,259,,303,61,,4172,1183,,324,162,,7194,3619,,980,320,,6353,1745,,479,354,,1621,904,,,,
2025-09-10,22732,36,9791,53,2.32,17500,7293,,918,582,563,,1181,,3133,1353,,4125,1265,538,147,,2236,485,275,86,,6120,1442,,684,1088,,402,1112,,677,259,,303,61,,4181,1191,,325,162,,7206,3642,,980,320,,6361,1750,,479,355,,1625,909,,,,
2025-09-11,22732,0,9791,0,2.32,17500,7293,,918,582,563,,1181,,3133,1353,,4125,1265,538,147,,2236,485,275,86,,6120,1442,,684,1088,,402,1112,,677,259,,303,61,,4181,1191,,325,162,,7206,3642,,980,320,,6361,1750,,479,355,,1625,909,,,,
2025-09-12,22758,26,9810,19,2.32,17525,7311,,918,582,563,,1181,,3134,1354,,4133,1267,538,147,,2239,485,275,86,,6123,1442,,685,1091,,402,1116,,677,259,,303,61,,4188,1193,,325,163,,7210,3649,,980,320,,6372,1752,,479,355,,1626,913,,,,
2025-09-13,22760,2,9810,0,2.32,17526,7311,,918,582,563,,1182,,3134,1354,,4135,1267,538,147,,2239,485,275,86,,6123,1442,,685,1091,,402,1116,,677,259,,303,61,,4188,1193,,325,163,,7210,3649,,980,320,,6374,1752,,479,355,,1626,913,,,,
2025-09-14,22760,0,9810,0,2.32,17526,7311,,918,582,563,,1182,,3134,1354,,4135,1267,538,147,,2239,485,275,86,,6123,1442,,685,1091,,402,1116,,677,259,,303,61,,4188,1193,,325,163,,7210,3649,,980,320,,6374,1752,,479,355,,1626,913,,,,
2025-09-15,22760,0,9810,0,2.32,17526,7311,,918,582,563,,1182,,3134,1354,,4135,1267,538,147,,2239,485,275,86,,6123,1442,,685,1091,,402,1116,,677,259,,303,61,,4188,1193,,325,163,,7210,3649,,980,320,,6374,1752,,479,355,,1626,913,,,,
2025-09-16,22760,0,9810,0,2.32,17526,7311,,918,582,563,,1182,,3134,1354,,4135,1267,538,147,,2239,485,275,86,,6123,1442,,685,1091,,402,1116,,677,259,,303,61,,4188,1193,,325,163,,7210,3649,,980,320,,6374,1752,,479,355,,1626,913,,,,
2025-09-17,22775,15,9856,46,2.31,17539,7354,,919,583,562,,1181,,3136,1357,,4139,1272,538,147,,2239,485,275,86,,6119,1448,,686,1097,,402,1124,,677,260,,303,64,,4194,1196,,325,163,,7207,3669,,980,324,,6378,1757,,479,356,,1629,919,,,,
2025-09-18,22775,0,9856,0,2.31,17539,7354,,919,583,562,,1181,,3136,1357,,4139,1272,538,147,,2239,485,275,86,,6119,1448,,686,1097,,402,1124,,677,260,,303,64,,4194,1196,,325,163,,7207,3669,,980,324,,6378,1757,,479,356,,1629,919,,,,
2025-09-19,22775,0,9856,0,2.31,17539,7354,,919,583,562,,1181,,3136,1357,,4139,1272,538,147,,2239,485,275,86,,6119,1448,,686,1097,,402,1124,,677,260,,303,64,,4194,1196,,325,163,,7207,3669,,980,324,,6378,1757,,479,356,,1629,919,,,,
2025-09-20,22814,39,9873,17,2.31,17573,7368,,919,583,562,,1181,,3141,1360,,4142,1275,538,148,,2242,485,275,86,,6123,1451,,686,1097,,405,1124,,678,261,,303,64,,4210,1201,,325,163,,7214,3672,,981,325,,6384,1760,,480,357,,1630,921,,,,
2025-09-21,22814,0,9873,0,2.31,17573,7368,,919,583,562,,1181,,3141,1360,,4142,1275,538,148,,2242,485,275,86,,6123,1451,,686,1097,,405,1124,,678,261,,303,64,,4210,1201,,325,163,,7214,3672,,981,325,,6384,1760,,480,357,,1630,921,,,,
2025-09-22,22814,0,9873,0,2.31,17573,7368,,919,583,562,,1181,,3141,1360,,4142,1275,538,148,,2242,485,275,86,,6123,1451,,686,1097,,405,1124,,678,261,,303,64,,4210,1201,,325,163,,7214,3672,,981,325,,6384,1760,,480,357,,1630,921,,,,
2025-09-23,22851,37,9917,44,2.30,17607,7408,,919,583,563,,1183,,3142,1363,,4145,1277,538,148,,2244,485,275,86,,6126,1452,,687,1100,,407,1139,,679,261,,303,67,,4205,1201,,326,163,,7220,3691,,982,328,,6389,1762,,479,359,,1490,893,,,,
2025-09-24,22851,0,9917,0,2.30,17607,7408,,919,583,563,,1183,,3142,1363,,4145,1277,538,148,,2244,485,275,86,,6126,1452,,687,1100,,407,1139,,679,261,,303,67,,4205,1201,,326,163,,7220,3691,,982,328,,6389,1762,,479,359,,1490,893,,,,
2025-09-25,22851,0,9917,0,2.30,17607,7408,,919,583,563,,1183,,3142,1363,,4145,1277,538,148,,2244,485,275,86,,6126,1452,,687,1100,,407,1139,,679,261,,303,67,,4205,1201,,326,163,,7220,3691,,982,328,,6389,1762,,479,359,,1490,893,,,,
2025-09-26,22864,13,9924,7,2.30,17618,7415,,922,583,563,,1182,,3142,1363,,4146,1279,538,148,,2242,485,275,86,,6127,1452,,686,1100,,408,1141,,679,262,,303,67,,4211,1202,,329,163,,7221,3693,,982,329,,6388,1764,,482,359,,1491,893,,,,
2025-09-27,22864,0,9924,0,2.30,17618,7415,,922,583,563,,1182,,3142,1363,,4146,1279,538,148,,2242,485,275,86,,6127,1452,,686,1100,,408,1141,,679,262,,303,67,,4211,1202,,329,163,,7221,3693,,982,329,,6388,1764,,482,359,,1491,893,,,,
2025-09-28,22864,0,9924,0,2.30,17618,7415,,922,583,563,,1182,,3142,1363,,4146,1279,538,148,,2242,485,275,86,,6127,1452,,686,1100,,408,1141,,679,262,,303,67,,4211,1202,,329,163,,7221,3693,,982,329,,6388,1764,,482,359,,1491,893,,,,
2025-09-29,22864,0,9924,0,2.30,17618,7415,,922,583,563,,1182,,3142,1363,,4146,1279,538,148,,2242,485,275,86,,6127,1452,,686,1100,,408,1141,,679,262,,303,67,,4211,1202,,329,163,,7221,3693,,982,329,,6388,1764,,482,359,,1491,893,,,,
2025-09-30,22909,45,9974,50,2.30,17674,7458,,923,584,568,,1170,,3142,1364,,4152,1289,538,148,,2254,486,275,86,,6139,1452,,687,1107,,408,1151,,678,262,,304,67,,4220,1203,,330,163,,7234,3710,,982,329,,6406,1775,,482,360,,1494,903,,,,
2025-10-01,22909,0,9974,0,2.30,17674,7458,,923,584,568,,1170,,3142,1364,,4152,1289,538,148,,2254,486,275,86,,6139,1452,,687,1107,,408,1151,,678,262,,304,67,,4220,1203,,330,163,,7234,3710,,982,329,,6406,1775,,482,360,,1494,903,,,,
2025-10-02,22909,0,9974,0,2.30,17674,7458,,923,584,568,,1170,,3142,1364,,4152,1289,538,148,,2254,486,275,86,,6139,1452,,687,1107,,408,1151,,678,262,,304,67,,4220,1203,,330,163,,7234,3710,,982,329,,6406,1775,,482,360,,1494,903,,,,
2025-10-03,22909,0,9974,0,2.30,17674,7458,,923,584,568,,1170,,3142,1364,,4152,1289,538,148,,2254,486,275,86,,6139,1452,,687,1107,,408,1151,,678,262,,304,67,,4220,1203,,330,163,,7234,3710,,982,329,,6406,1775,,482,360,,1494,903,,,,
2025-10-04,22909,0,9974,0,2.30,17674,7458,,923,584,568,,1170,,3142,1364,,4152,1289,538,148,,2254,486,275,86,,6139,1452,,687,1107,,408,1151,,678,262,,304,67,,4220,1203,,330,163,,7234,3710,,982,329,,6406,1775,,482,360,,1494,903,,,,
2025-10-05,22909,0,9974,0,2.30,17674,7458,,923,584,568,,1170,,3142,1364,,4152,1289,538,148,,2254,486,275,86,,6139,1452,,687,1107,,408,1151,,678,262,,304,67,,4220,1203,,330,163,,7234,3710,,982,329,,6406,1775,,482,360,,1494,903,,,,
2025-10-06,22909,0,9974,0,2.30,17674,7458,,923,584,568,,1170,,3142,1364,,4152,1289,538,148,,2254,486,275,86,,6139,1452,,687,1107,,408,1151,,678,262,,304,67,,4220,1203,,330,163,,7234,3710,,982,329,,6406,1775,,482,360,,1494,903,,,,
2025-10-07,22909,0,9974,0,2.30,17674,7458,,923,584,568,,1170,,3142,1364,,4152,1289,538,148,,2254,486,275,86,,6139,1452,,687,1107,,408,1151,,678,262,,304,67,,4220,1203,,330,163,,7234,3710,,982,329,,6406,1775,,482,360,,1494,903,,,,
2025-10-08,22909,0,9974,0,2.30,17674,7458,,923,584,568,,1170,,3142,1364,,4152,1289,538,148,,2254,486,275,86,,6139,1452,,687,1107,,408,1151,,678,262,,304,67,,4220,1203,,330,163,,7234,3710,,982,329,,6406,1775,,482,360,,1494,903,,,,
2025-10-09,22909,0,9974,0,2.30,17674,7458,,923,584,568,,1170,,3142,1364,,4152,1289,538,148,,2254,486,275,86,,6139,1452,,687,1107,,408,1151,,678,262,,304,67,,4220,1203,,330,163,,7234,3710,,982,329,,6406,1775,,482,360,,1494,903,,,,
2025-10-10,22909,0,9974,0,2.30,17674,7458,,923,584,568,,1170,,3142,1364,,4152,1289,538,148,,2254,486,275,86,,6139,1452,,687,1107,,408,1151,,678,262,,304,67,,4220,1203,,330,163,,7234,3710,,982,329,,6406,1775,,482,360,,1494,903,,,,
2025-10-11,22909,0,9974,0,2.30,17674,7458,,923,584,568,,1170,,3142,1364,,4152,1289,538,148,,2254,486,275,86,,6139,1452,,687,1107,,408,1151,,678,262,,304,67,,4220,1203,,330,163,,7234,3710,,982,329,,6406,1775,,482,360,,1494,903,,,,
2025-10-12,22909,0,9974,0,2.30,17674,7458,,923,584,568,,1170,,3142,1364,,4152,1289,538,148,,2254,486,275,86,,6139,1452,,687,1107,,408,1151,,678,262,,304,67,,4220,1203,,330,163,,7234,3710,,982,329,,6406,1775,,482,360,,1494,903,,,,
2025-10-13,22909,0,9974,0,2.30,17674,7458,,923,584,568,,1170,,3142,1364,,4152,1289,538,148,,2254,486,275,86,,6139,1452,,687,1107,,408,1151,,678,262,,304,67,,4220,1203,,330,163,,7234,3710,,982,329,,6406,1775,,482,360,,1494,903,,,,
2025-10-14,22909,0,9974,0,2.30,17674,7458,,923,584,568,,1170,,3142,1364,,4152,1289,538,148,,2254,486,275,86,,6139,1452,,687,1107,,408,1151,,678,262,,304,67,,4220,1203,,330,163,,7234,3710,,982,329,,6406,1775,,482,360,,1494,903,,,,
2025-10-15,22909,0,9974,0,2.30,17674,7458,,923,584,568,,1170,,3142,1364,,4152,1289,538,148,,2254,486,275,86,,6139,1452,,687,1107,,408,1151,,678,262,,304,67,,4220,1203,,330,163,,7234,3710,,982,329,,6406,1775,,482,360,,1494,903,,,,
2025-10-16,22909,0,9974,0,2.30,17674,7458,,923,584,568,,1170,,3142,1364,,4152,1289,538,148,,2254,486,275,86,,6139,1452,,687,1107,,408,1151,,678,262,,304,67,,4220,1203,,330,163,,7234,3710,,982,329,,6406,1775,,482,360,,1494,903,,,,
2025-10-17,22909,0,9974,0,2.30,17674,7458,,923,584,568,,1170,,3142,1364,,4152,1289,538,148,,2254,486,275,86,,6139,1452,,687,1107,,408,1151,,678,262,,304,67,,4220,1203,,330,163,,7234,3710,,982,329,,6406,1775,,482,360,,1494,903,,,,
2025-10-18,22909,0,9974,0,2.30,17674,7458,,923,584,568,,1170,,3142,1364,,4152,1289,538,148,,2254,486,275,86,,6139,1452,,687,1107,,408,1151,,678,262,,304,67,,4220,1203,,330,163,,7234,3710,,982,329,,6406,1775,,482,360,,1494,903,,,,
2025-10-19,22909,0,9974,0,2.30,17674,7458,,923,584,568,,1170,,3142,1364,,4152,1289,538,148,,2254,486,275,86,,6139,1452,,687,1107,,408,1151,,678,262,,304,67,,4220,1203,,330,163,,7234,3710,,982,329,,6406,1775,,482,360,,1494,903,,,,
2025-10-20,22909,0,9974,0,2.30,17674,7458,,923,584,568,,1170,,3142,1364,,4152,1289,538,148,,2254,486,275,86,,6139,1452,,687,1107,,408,1151,,678,262,,304,67,,4220,1203,,330,163,,7234,3710,,982,329,,6406,1775,,482,360,,1494,903,,,,
2025-10-21,22909,0,9974,0,2.30,17674,7458,,923,584,568,,1170,,3142,1364,,4190,1289,538,148,,2292,487,275,86,,6191,1452,,691,1107,,410,1151,,688,262,,304,67,,4220,1203,,333,163,,7292,3710,,992,329,,6482,1776,,485,360,,1510,903,,,,
2025-10-22,22917,8,10165,191,2.25,17674,7622,,923,592,579,,1176,,3144,1372,,4190,1303,537,148,,2293,487,275,86,,6207,1467,,694,1134,,410,1203,,688,262,,304,69,,4279,1221,,333,163,,7311,3804,,992,331,,6483,1790,,485,363,,1512,921,,,,
2025-10-23,22917,0,10165,0,2.25,17674,7622,,923,592,579,,1176,,3144,1372,,4190,1303,537,148,,2293,487,275,86,,6207,1467,,694,1134,,410,1203,,688,262,,304,69,,4279,1221,,333,163,,7311,3804,,992,331,,6483,1790,,485,363,,1512,921,,,,
2025-10-24,23169,252,10165,0,2.28,17926,7622,,923,592,579,,1176,,3144,1372,,4190,1303,537,148,,2293,487,275,86,,6207,1467,,694,1134,,410,1203,,688,262,,304,69,,4279,1221,,333,163,,7311,3804,,992,331,,6483,1790,,485,363,,1512,921,,,,
2025-10-25,23214,45,10188,23,2.28,17968,7642,,924,592,581,,1176,,3146,1373,,4199,1308,537,148,,2298,487,275,86,,6217,1470,,696,1139,,410,1205,,691,262,,304,69,,4290,1225,,333,163,,7323,3814,,995,331,,6497,1795,,486,363,,1514,923,,,,
2025-10-26,23214,0,10188,0,2.28,17968,7642,,924,592,581,,1176,,3146,1373,,4199,1308,537,148,,2298,487,275,86,,6217,1470,,696,1139,,410,1205,,691,262,,304,69,,4290,1225,,333,163,,7323,3814,,995,331,,6497,1795,,486,363,,1514,923,,,,
2025-10-27,23214,0,10188,0,2.28,17968,7642,,924,592,581,,1176,,3146,1373,,4199,1308,537,148,,2298,487,275,86,,6217,1470,,696,1139,,410,1205,,691,262,,304,69,,4290,1225,,333,163,,7323,3814,,995,331,,6497,1795,,486,363,,1514,923,,,,
2025-10-28,23254,40,10261,73,2.27,17999,7708,,924,593,585,,1185,,3146,1375,,4205,1314,537,148,,2310,490,275,86,,6227,1473,,696,1147,,410,1225,,691,263,,306,70,,4291,1238,,334,163,,7333,3845,,997,333,,6515,1804,,488,363,,1517,932,,,,
2025-10-29,23254,0,10261,0,2.27,17999,7708,,924,593,585,,1185,,3146,1375,,4205,1314,537,148,,2310,490,275,86,,6227,1473,,696,1147,,410,1225,,691,263,,306,70,,4291,1238,,334,163,,7333,3845,,997,333,,6515,1804,,488,363,,1517,932,,,,
2025-10-30,23254,0,10261,0,2.27,17999,7708,,924,593,585,,1185,,3146,1375,,4205,1314,537,148,,2310,490,275,86,,6227,1473,,696,1147,,410,1225,,691,263,,306,70,,4291,1238,,334,163,,7333,3845,,997,333,,6515,1804,,488,363,,1517,932,,,,
2025-10-31,23307,53,10279,18,2.27,18042,7724,,926,593,586,,1193,,3146,1376,,4211,1316,537,148,,2316,490,275,86,,6255,1473,,697,1149,,411,1231,,691,263,,306,70,,4295,1242,,334,163,,7363,3853,,997,333,,6527,1806,,489,363,,1523,933,,,,
2025-11-01,23307,0,10279,0,2.27,18042,7724,,926,593,586,,1193,,3146,1376,,4211,1316,537,148,,2316,490,275,86,,6255,1473,,697,1149,,411,1231,,691,263,,306,70,,4295,1242,,334,163,,7363,3853,,997,333,,6527,1806,,489,363,,1523,933,,,,
2025-11-02,23307,0,10279,0,2.27,18042,7724,,926,593,586,,1193,,3146,1376,,4211,1316,537,148,,2316,490,275,86,,6255,1473,,697,1149,,411,1231,,691,263,,306,70,,4295,1242,,334,163,,7363,3853,,997,333,,6527,1806,,489,363,,1523,933,,,,
2025-11-03,23313,6,10341,62,2.25,18049,7783,,926,593,588,,1193,,3145,1377,,4211,1320,537,148,,2317,490,275,86,,6260,1478,,697,1157,,411,1249,,691,263,,306,70,,4295,1248,,334,163,,7368,3884,,997,333,,6528,1810,,489,364,,1522,943,,,,
2025-11-04,23313,0,10341,0,2.25,18049,7783,,926,593,588,,1193,,3145,1377,,4211,1320,537,148,,2317,490,275,86,,6260,1478,,697,1156,,411,1248,,691,263,,306,70,,4295,1248,,334,163,,7368,3882,,997,333,,6528,1810,,489,364,,1522,943,,,,
2025-11-05,23313,0,10341,0,2.25,18049,7783,,926,593,588,,1193,,3145,1377,,4211,1320,537,148,,2317,490,275,86,,6260,1478,,697,1156,,411,1248,,691,263,,306,70,,4295,1248,,334,163,,7368,3882,,997,333,,6528,1810,,489,364,,1522,943,,,,
2025-11-06,23313,0,10341,0,2.25,18049,7783,,926,593,588,,1193,,3145,1377,,4211,1320,537,148,,2317,490,275,86,,6260,1478,,697,1156,,411,1248,,691,263,,306,70,,4295,1248,,334,163,,7368,3882,,997,333,,6528,1810,,489,364,,1522,943,,,,
2025-11-07,23344,31,10348,7,2.26,18074,7789,,926,594,588,,1199,,3145,1377,,4217,1321,537,148,,2321,490,275,86,,6262,1479,,697,1156,,411,1249,,692,263,,307,70,,4302,1249,,334,163,,7370,3884,,999,333,,6538,1811,,490,364,,1525,943,,,,
2025-11-08,23344,0,10348,0,2.26,18074,7789,,926,594,588,,1199,,3145,1377,,4217,1321,537,148,,2321,490,275,86,,6262,1479,,697,1156,,411,1249,,692,263,,307,70,,4302,1249,,334,163,,7370,3884,,999,333,,6538,1811,,490,364,,1525,943,,,,
2025-11-09,23344,0,10348,0,2.26,18074,7789,,926,594,588,,1199,,3145,1377,,4217,1321,537,148,,2321,490,275,86,,6262,1479,,697,1156,,411,1249,,692,263,,307,70,,4302,1249,,334,163,,7370,3884,,999,333,,6538,1811,,490,364,,1525,943,,,,
2025-11-10,23353,9,10386,38,2.25,18083,7825,,926,594,588,,1199,,3145,1379,,4217,1326,537,148,,2324,490,275,86,,6264,1481,,697,1167,,411,1261,,692,263,,307,70,,4302,1249,,334,163,,7372,3909,,999,333,,6541,1816,,490,364,,1525,951,,,,
2025-11-11,23353,0,10386,0,2.25,18083,7825,,926,594,588,,1199,,3145,1379,,4217,1326,537,148,,2324,490,275,86,,6264,1481,,697,1167,,411,1261,,692,263,,307,70,,4302,1249,,334,163,,7372,3909,,999,333,,6541,1816,,490,364,,1525,951,,,,
2025-11-12,23353,0,10386,0,2.25,18083,7825,,926,594,588,,1199,,3145,1379,,4217,1326,537,148,,2324,490,275,86,,6264,1481,,697,1167,,411,1261,,692,263,,307,70,,4302,1249,,334,163,,7372,3909,,999,333,,6541,1816,,490,364,,1525,951,,,,
2025-11-13,23353,0,10386,0,2.25,18083,7825,,926,594,588,,1199,,3145,1379,,4217,1326,537,148,,2324,490,275,86,,6264,1481,,697,1167,,411,1261,,692,263,,307,70,,4302,1249,,334,163,,7372,3909,,999,333,,6541,1816,,490,364,,1525,951,,,,
2025-11-14,23353,0,10386,0,2.25,18083,7825,,926,594,588,,1199,,3145,1379,,4217,1326,537,148,,2324,490,275,86,,6264,1481,,697,1167,,411,1261,,692,263,,307,70,,4302,1249,,334,163,,7372,3909,,999,333,,6541,1816,,490,364,,1525,951,,,,
2025-11-15,23353,0,10386,0,2.25,18083,7825,,926,594,588,,1199,,3145,1379,,4217,1326,537,148,,2324,490,275,86,,6264,1481,,697,1167,,411,1261,,692,263,,307,70,,4302,1249,,334,163,,7372,3909,,999,333,,6541,1816,,490,364,,1525,951,,,,
2025-11-16,23391,38,10485,99,2.23,18118,7907,,927,605,592,,1200,,3146,1381,,4225,1332,537,148,,2326,491,275,86,,6277,1488,,698,1179,,411,1294,,692,264,,307,73,,4313,1258,,335,163,,7386,3961,,999,337,,6551,1823,,494,366,,1525,962,,,,
2025-11-17,23391,0,10485,0,2.23,18118,7907,,927,605,592,,1200,,3146,1381,,4225,1332,537,148,,2326,491,275,86,,6277,1488,,698,1179,,411,1294,,692,264,,307,73,,4313,1258,,335,163,,7386,3961,,999,337,,6551,1823,,494,366,,1525,962,,,,
2025-11-18,23391,0,10485,0,2.23,18118,7907,,927,605,592,,1200,,3146,1381,,4225,1332,537,148,,2326,491,275,86,,6277,1488,,698,1179,,411,1294,,692,264,,307,73,,4313,1258,,335,163,,7386,3961,,999,337,,6551,1823,,494,366,,1525,962,,,,
2025-11-19,23413,22,10523,38,2.22,18139,7942,,927,606,593,,1201,,3146,1382,,4227,1334,537,148,,2322,492,275,86,,6285,1489,,697,1188,,412,1300,,693,264,,308,72,,4326,1260,,335,163,,7394,3977,,1001,336,,6549,1826,,494,366,,1525,964,,,,
2025-11-20,23413,0,10523,0,2.22,18139,7942,,927,606,593,,1201,,3146,1382,,4227,1334,537,148,,2322,492,275,86,,6285,1489,,697,1188,,412,1300,,693,264,,308,72,,4326,1260,,335,163,,7394,3977,,1001,336,,6549,1826,,494,366,,1525,964,,,,
2025-11-21,23413,0,10523,0,2.22,18139,7942,,927,606,593,,1201,,3146,1382,,4227,1334,537,148,,2322,492,275,86,,6285,1489,,697,1188,,412,1300,,693,264,,308,72,,4326,1260,,335,163,,7394,3977,,1001,336,,6549,1826,,494,366,,1525,964,,,,
2025-11-22,23413,0,10523,0,2.22,18139,7942,,927,606,593,,1201,,3146,1382,,4227,1334,537,148,,2322,492,275,86,,6285,1489,,697,1188,,412,1300,,693,264,,308,72,,4326,1260,,335,163,,7394,3977,,1001,336,,6549,1826,,494,366,,1525,964,,,,
2025-11-23,23413,0,10523,0,2.22,18139,7942,,927,606,593,,1201,,3146,1382,,4227,1334,537,148,,2322,492,275,86,,6285,1489,,697,1188,,412,1300,,693,264,,308,72,,4326,1260,,335,163,,7394,3977,,1001,336,,6549,1826,,494,366,,1525,964,,,,
2025-11-24,23413,0,10523,0,2.22,18139,7942,,927,606,593,,1201,,3146,1382,,4227,1334,537,148,,2322,492,275,86,,6285,1489,,697,1188,,412,1300,,693,264,,308,72,,4326,1260,,335,163,,7394,3977,,1001,336,,6549,1826,,494,366,,1525,964,,,,
2025-11-25,23434,21,10595,72,2.21,18160,8006,,927,607,597,,1201,,3146,1385,,4231,1336,537,148,,2325,493,275,86,,6285,1495,,697,1199,,412,1330,,694,264,,308,74,,4334,1263,,336,163,,7394,4024,,1002,338,,6556,1829,,494,366,,1525,970,,,,
2025-11-26,23434,0,10595,0,2.21,18160,8006,,927,607,597,,1201,,3146,1385,,4231,1336,537,148,,2325,493,275,86,,6285,1495,,697,1199,,412,1330,,694,264,,308,74,,4334,1263,,336,163,,7394,4024,,1002,338,,6556,1829,,494,366,,1525,970,,,,
2025-11-27,23434,0,10595,0,2.21,18160,8006,,927,607,597,,1201,,3146,1385,,4231,1336,537,148,,2325,493,275,86,,6285,1495,,697,1199,,412,1330,,694,264,,308,74,,4334,1263,,336,163,,7394,4024,,1002,338,,6556,1829,,494,366,,1525,970,,,,
2025-11-28,23532,98,10618,23,2.22,18242,8027,,930,607,599,,1211,,3149,1385,,4248,1338,537,148,,2332,494,275,86,,6301,1496,,703,1203,,412,1336,,699,264,,311,74,,4359,1264,,336,163,,7416,4035,,1010,338,,6580,1832,,498,366,,1532,971,,,,
2025-11-29,23532,0,10618,0,2.22,18242,8027,,930,607,599,,1211,,3149,1385,,4248,1338,537,148,,2332,494,275,86,,6301,1496,,703,1203,,412,1336,,699,264,,311,74,,4359,1264,,336,163,,7416,4035,,1010,338,,6580,1832,,498,366,,1532,971,,,,
2025-11-30,23551,19,10628,10,2.22,18252,8036,,930,608,599,,1215,,3154,1385,,4250,1338,537,148,,2335,494,275,86,,6304,1496,,704,1205,,412,1341,,699,264,,311,75,,4362,1264,,336,163,,7420,4042,,1010,339,,6585,1832,,498,366,,1532,972,,,,
2025-12-01,23551,0,10628,0,2.22,18252,8036,,930,608,599,,1215,,3154,1385,,4250,1338,537,148,,2335,494,275,86,,6304,1496,,704,1205,,412,1341,,699,264,,311,75,,4362,1264,,336,163,,7420,4042,,1010,339,,6585,1832,,498,366,,1532,972,,,,
2025-12-02,23551,0,10628,0,2.22,18252,8036,,930,608,599,,1215,,3154,1385,,4250,1338,537,148,,2335,494,275,86,,6304,1496,,704,1205,,412,1341,,699,264,,311,75,,4362,1264,,336,163,,7420,4042,,1010,339,,6585,1832,,498,366,,1532,972,,,,
2025-12-03,23551,0,10628,0,2.22,18252,8036,,930,608,599,,1215,,3154,1385,,4250,1338,537,148,,2335,494,275,86,,6304,1496,,704,1205,,412,1341,,699,264,,311,75,,4362,1264,,336,163,,7420,4042,,1010,339,,6585,1832,,498,366,,1532,972,,,,
2025-12-04,23551,0,10628,0,2.22,18252,8036,,930,608,599,,1215,,3154,1385,,4250,1338,537,148,,2335,494,275,86,,6304,1496,,704,1205,,412,1341,,699,264,,311,75,,4362,1264,,336,163,,7420,4042,,1010,339,,6585,1832,,498,366,,1532,972,,,,
2025-12-05,23551,0,10628,0,2.22,18252,8036,,930,608,599,,1215,,3154,1385,,4250,1338,537,148,,2335,494,275,86,,6304,1496,,704,1205,,412,1341,,699,264,,311,75,,4362,1264,,336,163,,7420,4042,,1010,339,,6585,1832,,498,366,,1532,972,,,,
2025-12-06,23551,0,10628,0,2.22,18252,8036,,930,608,599,,1215,,3154,1385,,4250,1338,537,148,,2335,494,275,86,,6304,1496,,704,1205,,412,1341,,699,264,,311,75,,4362,1264,,336,163,,7420,4042,,1010,339,,6585,1832,,498,366,,1532,972,,,,
2025-12-07,23551,0,10628,0,2.22,18252,8036,,930,608,599,,1215,,3154,1385,,4250,1338,537,148,,2335,494,275,86,,6304,1496,,704,1205,,412,1341,,699,264,,311,75,,4362,1264,,336,163,,7420,4042,,1010,339,,6585,1832,,498,366,,1532,972,,,,
2025-12-08,23551,0,10628,0,2.22,18252,8036,,930,608,599,,1215,,3154,1385,,4250,1338,537,148,,2335,494,275,86,,6304,1496,,704,1205,,412,1341,,699,264,,311,75,,4362,1264,,336,163,,7420,4042,,1010,339,,6585,1832,,498,366,,1532,972,,,,
2025-12-09,23551,0,10628,0,2.22,18252,8036,,930,608,599,,1215,,3154,1385,,4250,1338,537,148,,2335,494,275,86,,6304,1496,,704,1205,,412,1341,,699,264,,311,75,,4362,1264,,336,163,,7420,4042,,1010,339,,6585,1832,,498,366,,1532,972,,,,
2025-12-10,23551,0,10628,0,2.22,18252,8036,,930,608,599,,1215,,3154,1385,,4250,1338,537,148,,2335,494,275,86,,6304,1496,,704,1205,,412,1341,,699,264,,311,75,,4362,1264,,336,163,,7420,4042,,1010,339,,6585,1832,,498,366,,1532,972,,,,
2025-12-11,23651,100,10793,165,2.19,18346,8181,,931,611,609,,1219,,3155,1392,,4267,1346,538,148,,2346,498,275,86,,6328,1506,,708,1227,,412,1391,,705,264,,311,79,,4389,1266,,337,164,,7448,4124,,1016,343,,6613,1844,,499,366,,1532,990,,,,
2025-12-12,23651,0,10793,0,2.19,18346,8181,,931,611,609,,1219,,3155,1392,,4267,1346,538,148,,2346,498,275,86,,6328,1506,,708,1227,,412,1391,,705,264,,311,79,,4389,1266,,337,164,,7448,4124,,1016,343,,6613,1844,,499,366,,1532,990,,,,
2025-12-13,23651,0,10793,0,2.19,18346,8181,,931,611,609,,1219,,3155,1392,,4267,1346,538,148,,2346,498,275,86,,6328,1506,,708,1227,,412,1391,,705,264,,311,79,,4389,1266,,337,164,,7448,4124,,1016,343,,6613,1844,,499,366,,1532,990,,,,
2025-12-14,23669,18,10794,1,2.19,18364,8182,,931,611,609,,1219,,3155,1392,,4268,1346,538,148,,2349,498,275,86,,6330,1506,,709,1227,,412,1391,,705,264,,311,79,,4396,1266,,338,164,,7451,4124,,1016,343,,6617,1844,,500,366,,1533,990,,,,
2025-12-15,23669,0,10794,0,2.19,18364,8182,,931,611,609,,1219,,3155,1392,,4268,1346,538,148,,2349,498,275,86,,6330,1506,,709,1227,,412,1391,,705,264,,311,79,,4396,1266,,338,164,,7451,4124,,1016,343,,6617,1844,,500,366,,1533,990,,,,
2025-12-16,23669,0,10794,0,2.19,18364,8182,,931,611,609,,1219,,3155,1392,,4268,1346,538,148,,2349,498,275,86,,6330,1506,,709,1227,,412,1391,,705,264,,311,79,,4396,1266,,338,164,,7451,4124,,1016,343,,6617,1844,,500,366,,1533,990,,,,
2025-12-17,23687,18,10857,63,2.18,18381,8239,,931,611,614,,1220,,3155,1393,,4273,1351,538,148,,2350,500,275,86,,6333,1512,,709,1236,,412,1411,,705,268,,312,80,,4396,1270,,338,164,,7454,4159,,1017,348,,6623,1851,,500,366,,1534,994,,,,
2025-12-18,23687,0,10857,0,2.18,18381,8239,,931,611,614,,1220,,3155,1393,,4273,1351,538,148,,2350,500,275,86,,6333,1512,,709,1236,,412,1411,,705,268,,312,80,,4396,1270,,338,164,,7454,4159,,1017,348,,6623,1851,,500,366,,1534,994,,,,
2025-12-19,23687,0,10857,0,2.18,18381,8239,,931,611,614,,1220,,3155,1393,,4273,1351,538,148,,2350,500,275,86,,6333,1512,,709,1236,,412,1411,,705,268,,312,80,,4396,1270,,338,164,,7454,4159,,1017,348,,6623,1851,,500,366,,1534,994,,,,
2025-12-20,23715,28,10869,12,2.18,18405,8251,,933,611,614,,1220,,3157,1393,,4273,1351,538,148,,2353,500,275,86,,6333,1512,,711,1236,,412,1416,,705,269,,312,80,,4400,1272,,338,165,,7456,4164,,1017,349,,6626,1851,,504,366,,1536,994,,,,
2025-12-21,23715,0,10869,0,2.18,18405,8251,,933,611,614,,1220,,3157,1393,,4273,1351,538,148,,2353,500,275,86,,6333,1512,,711,1236,,412,1416,,705,269,,312,80,,4400,1272,,338,165,,7456,4164,,1017,349,,6626,1851,,504,366,,1536,994,,,,
2025-12-22,23715,0,10869,0,2.18,18405,8251,,933,611,614,,1220,,3157,1393,,4273,1351,538,148,,2353,500,275,86,,6333,1512,,711,1236,,412,1416,,705,269,,312,80,,4400,1272,,338,165,,7456,4164,,1017,349,,6626,1851,,504,366,,1536,994,,,,
2025-12-23,23715,0,10869,0,2.18,18405,8251,,933,611,614,,1220,,3157,1393,,4273,1351,538,148,,2353,500,275,86,,6333,1512,,711,1236,,412,1416,,705,269,,312,80,,4400,1272,,338,165,,7456,4164,,1017,349,,6626,1851,,504,366,,1536,994,,,,
2025-12-24,23715,0,10869,0,2.18,18405,8251,,933,611,614,,1220,,3157,1393,,4273,1351,538,148,,2353,500,275,86,,6333,1512,,711,1236,,412,1416,,705,269,,312,80,,4400,1272,,338,165,,7456,4164,,1017,349,,6626,1851,,504,366,,1536,994,,,,
2025-12-25,23715,0,10869,0,2.18,18405,8251,,933,611,614,,1220,,3157,1393,,4273,1351,538,148,,2353,500,275,86,,6333,1512,,711,1236,,412,1416,,705,269,,312,80,,4400,1272,,338,165,,7456,4164,,1017,349,,6626,1851,,504,366,,1536,994,,,,
2025-12-26,23780,65,10929,60,2.18,18469,8311,,935,612,613,,1219,,3157,1393,,4296,1362,538,149,,2360,502,275,86,,6357,1515,,720,1243,,413,1424,,706,269,,312,81,,4406,1282,,340,165,,7490,4182,,1018,350,,6656,1864,,504,366,,1537,1005,,,,
2025-12-27,23780,0,10929,0,2.18,18469,8311,,935,612,613,,1219,,3157,1393,,4296,1362,538,149,,2360,502,275,86,,6357,1515,,720,1243,,413,1424,,706,269,,312,81,,4406,1282,,340,165,,7490,4182,,1018,350,,6656,1864,,504,366,,1537,1005,,,,
2025-12-28,23780,0,10929,0,2.18,18469,8311,,935,612,613,,1219,,3157,1393,,4296,1362,538,149,,2360,502,275,86,,6357,1515,,720,1243,,413,1424,,706,269,,312,81,,4406,1282,,340,165,,7490,4182,,1018,350,,6656,1864,,504,366,,1537,1005,,,,
2025-12-29,23812,32,10937,8,2.18,18496,8318,,935,612,613,,1223,,3158,1394,,4303,1363,538,149,,2370,502,275,86,,6359,1517,,721,1243,,413,1426,,706,269,,312,81,,4414,1282,,340,165,,7493,4186,,1018,350,,6673,1865,,504,366,,1538,1006,,,,
2025-12-30,23812,0,10937,0,2.18,18496,8318,,935,612,613,,1223,,3158,1394,,4303,1363,538,149,,2370,502,275,86,,6359,1517,,721,1243,,413,1426,,706,269,,312,81,,4414,1282,,340,165,,7493,4186,,1018,350,,6673,1865,,504,366,,1538,1006,,,,
2025-12-31,23812,0,10937,0,2.18,18496,8318,,935,612,613,,1223,,3158,1394,,4301,1370,538,149,,2371,503,275,86,,6359,1518,,721,1249,,414,1442,,706,269,,312,81,,4419,1286,,340,165,,7494,4209,,1018,350,,6672,1873,,507,366,,1538,1010,,,,
2026-01-01,23844,32,11004,67,2.17,18527,8373,,938,616,616,,1221,,3158,1399,,4308,1371,538,149,,2373,503,275,86,,6362,1518,,722,1249,,415,1444,,706,269,,312,81,,4423,1286,,340,165,,7499,4211,,1018,350,,6681,1874,,508,366,,1538,1010,,,,
2026-01-02,23844,0,11004,0,2.17,18527,8373,,938,616,616,,1221,,3158,1399,,4308,1371,538,149,,2373,503,275,86,,6362,1518,,722,1249,,415,1444,,706,269,,312,81,,4423,1286,,340,165,,7499,4211,,1018,350,,6681,1874,,508,366,,1538,1010,,,,
2026-01-03,23844,0,11004,0,2.17,18527,8373,,938,616,616,,1221,,3158,1399,,4308,1371,538,149,,2373,503,275,86,,6362,1518,,722,1249,,415,1444,,706,269,,312,81,,4423,1286,,340,165,,7499,4211,,1018,350,,6681,1874,,508,366,,1538,1010,,,,
2026-01-04,23844,0,11004,0,2.17,18527,8373,,938,616,616,,1221,,3158,1399,,4308,1371,538,149,,2373,503,275,86,,6362,1518,,722,1249,,415,1444,,706,269,,312,81,,4423,1286,,340,165,,7499,4211,,1018,350,,6681,1874,,508,366,,1538,1010,,,,
2026-01-05,23844,0,11004,0,2.17,18527,8373,,938,616,616,,1221,,3158,1399,,4308,1371,538,149,,2373,503,275,86,,6362,1518,,722,1249,,415,1444,,706,269,,312,81,,4423,1286,,340,165,,7499,4211,,1018,350,,6681,1874,,508,366,,1538,1010,,,,
2026-01-06,23844,0,11004,0,2.17,18527,8373,,938,616,616,,1221,,3158,1399,,4308,1371,538,149,,2373,503,275,86,,6362,1518,,722,1249,,415,1444,,706,269,,312,81,,4423,1286,,340,165,,7499,4211,,1018,350,,6681,1874,,508,366,,1538,1010,,,,
2026-01-07,23844,0,11004,0,2.17,18527,8373,,938,616,616,,1221,,3158,1399,,4308,1371,538,149,,2373,503,275,86,,6362,1518,,722,1249,,415,1444,,706,269,,312,81,,4423,1286,,340,165,,7499,4211,,1018,350,,6681,1874,,508,366,,1538,1010,,,,
2026-01-08,23898,54,11057,53,2.16,18580,8419,,938,618,621,,1221,,3159,1399,,4319,1373,539,149,,2375,504,275,86,,6369,1520,,722,1257,,415,1466,,706,269,,312,81,,4452,1292,,340,165,,7506,4243,,1018,350,,6694,1877,,508,366,,1538,1014,,,,
2026-01-09,23898,0,11057,0,2.16,18580,8419,,938,618,621,,1221,,3159,1399,,4319,1373,539,149,,2375,504,275,86,,6369,1520,,722,1257,,415,1466,,706,269,,312,81,,4452,1292,,340,165,,7506,4243,,1018,350,,6694,1877,,508,366,,1538,1014,,,,
2026-01-10,23898,0,11057,0,2.16,18580,8419,,938,618,621,,1221,,3159,1399,,4319,1373,539,149,,2375,504,275,86,,6369,1520,,722,1257,,415,1466,,706,269,,312,81,,4452,1292,,340,165,,7506,4243,,1018,350,,6694,1877,,508,366,,1538,1014,,,,
2026-01-11,23898,0,11057,0,2.16,18580,8419,,938,618,621,,1221,,3159,1399,,4319,1373,539,149,,2375,504,275,86,,6369,1520,,722,1257,,415,1466,,706,269,,312,81,,4452,1292,,340,165,,7506,4243,,1018,350,,6694,1877,,508,366,,1538,1014,,,,
2026-01-12,23933,35,11094,37,2.16,18606,8456,,938,618,621,,1221,,3168,1399,,4322,1375,539,149,,2380,505,275,86,,6370,1523,,722,1262,,415,1472,,707,269,,312,81,,4463,1298,,340,165,,7507,4257,,1019,350,,6702,1880,,508,367,,1539,1015,,,,
2026-01-13,23933,0,11094,0,2.16,18606,8456,,938,618,621,,1221,,3168,1399,,4322,1375,539,149,,2380,505,275,86,,6370,1523,,722,1262,,415,1472,,707,269,,312,81,,4463,1298,,340,165,,7507,4257,,1019,350,,6702,1880,,508,367,,1539,1015,,,,
2026-01-14,23933,0,11094,0,2.16,18606,8456,,938,618,621,,1221,,3168,1399,,4322,1375,539,149,,2380,505,275,86,,6370,1523,,722,1262,,415,1472,,707,269,,312,81,,4463,1298,,340,165,,7507,4257,,1019,350,,6702,1880,,508,367,,1539,1015,,,,
2026-01-15,23955,22,11122,28,2.15,18626,8479,,938,619,623,,1221,,3170,1401,,4324,1377,540,149,,2382,506,275,86,,6372,1525,,722,1264,,415,1481,,707,269,,313,81,,4470,1305,,340,165,,7509,4270,,1020,350,,6706,1883,,508,367,,1540,1018,,,,
2026-01-16,23955,0,11122,0,2.15,18626,8479,,938,619,623,,1221,,3170,1401,,4324,1377,540,149,,2382,506,275,86,,6372,1525,,722,1264,,415,1481,,707,269,,313,81,,4470,1305,,340,165,,7509,4270,,1020,350,,6706,1883,,508,367,,1540,1018,,,,
2026-01-17,23955,0,11122,0,2.15,18626,8479,,938,619,623,,1221,,3170,1401,,4324,1377,540,149,,2382,506,275,86,,6372,1525,,722,1264,,415,1481,,707,269,,313,81,,4470,1305,,340,165,,7509,4270,,1020,350,,6706,1883,,508,367,,1540,1018,,,,
2026-01-18,23955,0,11122,0,2.15,18626,8479,,938,619,623,,1221,,3170,1401,,4324,1377,540,149,,2382,506,275,86,,6372,1525,,722,1264,,415,1481,,707,269,,313,81,,4470,1305,,340,165,,7509,4270,,1020,350,,6706,1883,,508,367,,1540,1018,,,,
2026-01-19,23955,0,11122,0,2.15,18626,8479,,938,619,623,,1221,,3170,1401,,4324,1377,540,149,,2382,506,275,86,,6372,1525,,722,1264,,415,1481,,707,269,,313,81,,4470,1305,,340,165,,7509,4270,,1020,350,,6706,1883,,508,367,,1540,1018,,,,
2026-01-20,23955,0,11122,0,2.15,18626,8479,,938,619,623,,1221,,3170,1401,,4324,1377,540,149,,2382,506,275,86,,6372,1525,,722,1264,,415,1481,,707,269,,313,81,,4470,1305,,340,165,,7509,4270,,1020,350,,6706,1883,,508,367,,1540,1018,,,,
2026-01-21,23990,35,11189,67,2.14,18657,8537,,941,622,629,,1221,,3171,1401,,4324,1385,540,149,,2382,509,275,86,,6379,1529,,722,1270,,415,1499,,708,270,,313,81,,4480,1305,,340,166,,7516,4298,,1021,351,,6706,1894,,512,367,,1540,1021,,,,
2026-01-22,23990,0,11189,0,2.14,18657,8537,,941,622,629,,1221,,3171,1401,,4324,1385,540,149,,2382,509,275,86,,6379,1529,,722,1270,,415,1499,,708,270,,313,81,,4480,1305,,340,166,,7516,4298,,1021,351,,6706,1894,,512,367,,1540,1021,,,,
2026-01-23,23990,0,11189,0,2.14,18657,8537,,941,622,629,,1221,,3171,1401,,4324,1385,540,149,,2382,509,275,86,,6379,1529,,722,1270,,415,1499,,708,270,,313,81,,4480,1305,,340,166,,7516,4298,,1021,351,,6706,1894,,512,367,,1540,1021,,,,
2026-01-24,24010,20,11198,9,2.14,18677,8545,,941,623,629,,1221,,3171,1401,,4324,1385,540,149,,2383,509,275,86,,6381,1531,,723,1270,,415,1501,,710,270,,313,82,,4487,1307,,340,166,,7519,4302,,1023,352,,6707,1894,,512,367,,1540,1021,,,,
2026-01-25,24010,0,11198,0,2.14,18677,8545,,941,623,629,,1221,,3171,1401,,4324,1385,540,149,,2383,509,275,86,,6381,1531,,723,1270,,415,1501,,710,270,,313,82,,4487,1307,,340,166,,7519,4302,,1023,352,,6707,1894,,512,367,,1540,1021,,,,
2026-01-26,24010,0,11198,0,2.14,18677,8545,,941,623,629,,1221,,3171,1401,,4324,1385,540,149,,2383,509,275,86,,6381,1531,,723,1270,,415,1501,,710,270,,313,82,,4487,1307,,340,166,,7519,4302,,1023,352,,6707,1894,,512,367,,1540,1021,,,,
2026-01-27,24033,23,11233,35,2.14,18697,8572,,944,625,634,,1221,,3171,1402,,4328,1386,540,149,,2384,509,275,86,,6384,1532,,723,1273,,415,1511,,710,270,,313,84,,4498,1307,,340,167,,7522,4316,,1023,354,,6712,1895,,512,367,,1540,1024,,,,
2026-01-28,24033,0,11233,0,2.14,18697,8572,,944,625,634,,1221,,3171,1402,,4328,1386,540,149,,2384,509,275,86,,6384,1532,,723,1273,,415,1511,,710,270,,313,84,,4498,1307,,340,167,,7522,4316,,1023,354,,6712,1895,,512,367,,1540,1024,,,,
2026-01-29,24033,0,11233,0,2.14,18697,8572,,944,625,634,,1221,,3171,1402,,4330,1386,540,149,,2384,509,275,86,,6384,1532,,723,1273,,415,1511,,710,270,,313,84,,4498,1307,,340,167,,7522,4316,,1023,354,,6714,1895,,512,367,,1540,1024,,,,
2026-01-30,24033,0,11233,0,2.14,18697,8572,,944,625,634,,1221,,3171,1402,,4330,1386,540,149,,2384,509,275,86,,6384,1532,,723,1273,,415,1511,,710,270,,313,84,,4498,1307,,340,167,,7522,4316,,1023,354,,6714,1895,,512,367,,1540,1024,,,,
2026-01-31,24006,-27,11256,23,2.13,18673,8594,,951,627,633,,1213,,3169,1402,,4331,1387,540,149,,2378,510,275,86,,6371,1534,,721,1273,,414,1515,,710,271,,313,84,,4490,1314,,349,167,,7506,4322,,1023,355,,6709,1897,,517,367,,1543,1023,,,,
2026-02-01,23993,-13,11248,-8,2.13,18664,8587,,951,627,631,,1209,,3169,1403,,4325,1384,540,150,,2376,510,275,86,,6369,1534,,720,1273,,413,1512,,710,271,,313,84,,4489,1314,,349,167,,7502,4319,,1023,355,,6701,1894,,517,367,,1543,1023,,,,
2026-02-02,23993,0,11248,0,2.13,18664,8587,,951,627,631,,1209,,3169,1403,,4325,1384,540,150,,2376,510,275,86,,6369,1534,,720,1273,,413,1512,,710,271,,313,84,,4489,1314,,349,167,,7502,4319,,1023,355,,6701,1894,,517,367,,1543,1023,,,,
2026-02-03,23993,0,11248,0,2.13,18664,8587,,951,627,631,,1209,,3169,1403,,4325,1384,540,150,,2376,510,275,86,,6369,1534,,720,1273,,413,1512,,710,271,,313,84,,4489,1314,,349,167,,7502,4319,,1023,355,,6701,1894,,517,367,,1543,1023,,,,
2026-02-04,24022,29,11290,42,2.13,18691,8619,,953,631,637,,1209,,3169,1403,,4327,1386,540,150,,2376,510,275,86,,6370,1538,,720,1279,,413,1523,,712,272,,314,86,,4499,1315,,349,167,,7503,4340,,1026,358,,6703,1896,,524,369,,1544,1029,,,,
2026-02-05,24022,0,11290,0,2.13,18691,8619,,953,631,637,,1209,,3169,1403,,4327,1386,540,150,,2376,510,275,86,,6370,1538,,720,1279,,413,1523,,712,272,,314,86,,4499,1315,,349,167,,7503,4340,,1026,358,,6703,1896,,524,369,,1544,1029,,,,
2026-02-06,24022,0,11290,0,2.13,18691,8619,,953,631,637,,1209,,3169,1403,,4327,1386,540,150,,2376,510,275,86,,6370,1538,,720,1279,,413,1523,,712,272,,314,86,,4499,1315,,349,167,,7503,4340,,1026,358,,6703,1896,,524,369,,1544,1029,,,,
2026-02-07,24044,22,11290,0,2.13,18712,8619,,954,631,637,,1209,,3169,1403,,4331,1386,540,150,,2377,510,275,86,,6374,1539,,720,1280,,413,1524,,713,272,,314,86,,4508,1315,,349,167,,7507,4343,,1027,358,,6708,1896,,525,369,,1546,1029,,,,
2026-02-08,24044,0,11290,0,2.13,18712,8619,,954,631,637,,1209,,3169,1403,,4331,1386,540,150,,2377,510,275,86,,6374,1539,,720,1280,,413,1524,,713,272,,314,86,,4508,1315,,349,167,,7507,4343,,1027,358,,6708,1896,,525,369,,1546,1029,,,,
2026-02-09,24044,0,11290,0,2.13,18712,8619,,954,631,637,,1209,,3169,1403,,4331,1386,540,150,,2377,510,275,86,,6374,1539,,720,1280,,413,1524,,713,272,,314,86,,4508,1315,,349,167,,7507,4343,,1027,358,,6708,1896,,525,369,,1546,1029,,,,
2026-02-10,24044,0,11290,0,2.13,18712,8619,,954,631,637,,1209,,3169,1403,,4331,1386,540,150,,2377,510,275,86,,6374,1539,,720,1280,,413,1524,,713,272,,314,86,,4508,1315,,349,167,,7507,4343,,1027,358,,6708,1896,,525,369,,1546,1029,,,,
2026-02-11,24044,0,11290,0,2.13,18712,8619,,954,631,637,,1209,,3169,1403,,4331,1386,540,150,,2377,510,275,86,,6374,1539,,720,1280,,413,1524,,713,272,,314,86,,4508,1315,,349,167,,7507,4343,,1027,358,,6708,1896,,525,369,,1546,1029,,,,
2026-02-12,24044,0,11290,0,2.13,18712,8619,,954,631,637,,1209,,3169,1403,,4331,1386,540,150,,2377,510,275,86,,6374,1539,,720,1280,,413,1524,,713,272,,314,86,,4508,1315,,349,167,,7507,4343,,1027,358,,6708,1896,,525,369,,1546,1029,,,,
2026-02-13,24044,0,11290,0,2.13,18712,8619,,954,631,637,,1209,,3169,1403,,4331,1386,540,150,,2377,510,275,86,,6374,1539,,720,1280,,413,1524,,713,272,,314,86,,4508,1315,,349,167,,7507,4343,,1027,358,,6708,1896,,525,369,,1546,1029,,,,
2026-02-14,24099,55,11380,90,2.12,18762,8698,,955,636,639,,1210,,3172,1407,,4334,1387,540,150,,2388,512,275,86,,6381,1542,,721,1286,,414,1546,,714,272,,314,87,,4522,1323,,349,168,,7516,4374,,1028,359,,6722,1899,,528,369,,1545,1040,,,,
2026-02-15,24099,0,11380,0,2.12,18762,8698,,955,636,639,,1210,,3172,1407,,4334,1387,540,150,,2388,512,275,86,,6381,1542,,721,1286,,414,1546,,714,272,,314,87,,4522,1323,,349,168,,7516,4374,,1028,359,,6722,1899,,528,369,,1545,1040,,,,
2026-02-16,24099,0,11380,0,2.12,18762,8698,,955,636,639,,1210,,3172,1407,,4334,1387,540,150,,2388,512,275,86,,6381,1542,,721,1286,,414,1546,,714,272,,314,87,,4522,1323,,349,168,,7516,4374,,1028,359,,6722,1899,,528,369,,1545,1040,,,,
2026-02-17,24099,0,11380,0,2.12,18762,8698,,955,636,639,,1210,,3172,1407,,4334,1387,540,150,,2388,512,275,86,,6381,1542,,721,1286,,414,1546,,714,272,,314,87,,4522,1323,,349,168,,7516,4374,,1028,359,,6722,1899,,528,369,,1545,1040,,,,
2026-02-18,24099,0,11380,0,2.12,18762,8698,,955,636,639,,1210,,3172,1407,,4334,1387,540,150,,2388,512,275,86,,6381,1542,,721,1286,,414,1546,,714,272,,314,87,,4522,1323,,349,168,,7516,4374,,1028,359,,6722,1899,,528,369,,1545,1040,,,,
2026-02-19,24099,0,11380,0,2.12,18762,8698,,955,636,639,,1210,,3172,1407,,4334,1387,540,150,,2388,512,275,86,,6381,1542,,721,1286,,414,1546,,714,272,,314,87,,4522,1323,,349,168,,7516,4374,,1028,359,,6722,1899,,528,369,,1545,1040,,,,
2026-02-20,24099,0,11380,0,2.12,18762,8698,,955,636,639,,1210,,3172,1407,,4334,1387,540,150,,2388,512,275,86,,6381,1542,,721,1286,,414,1546,,714,272,,314,87,,4522,1323,,349,168,,7516,4374,,1028,359,,6722,1899,,528,369,,1545,1040,,,,
2026-02-21,24099,0,11380,0,2.12,18762,8698,,955,636,639,,1210,,3172,1407,,4334,1387,540,150,,2388,512,275,86,,6381,1542,,721,1286,,414,1546,,714,272,,314,87,,4522,1323,,349,168,,7516,4374,,1028,359,,6722,1899,,528,369,,1545,1040,,,,
2026-02-22,24127,28,11441,61,2.11,18790,8753,,955,640,640,,1206,,3176,1408,,4339,1389,540,151,,2385,510,276,86,,6379,1545,,722,1291,,414,1560,,714,272,,315,87,,4536,1330,,349,168,,7515,4396,,1029,359,,6724,1899,,529,370,,1547,1051,,,,
2026-02-23,24136,9,11443,2,2.11,18799,8755,,955,640,640,,1206,,3176,1408,,4341,1389,540,151,,2388,510,276,86,,6380,1546,,722,1291,,414,1560,,714,272,,315,87,,4539,1330,,349,168,,7516,4397,,1029,359,,6729,1899,,529,370,,1547,1052,,,,
2026-02-24,24136,0,11443,0,2.11,18799,8755,,955,640,640,,1206,,3176,1408,,4341,1389,540,151,,2388,510,276,86,,6380,1546,,722,1291,,414,1560,,714,272,,315,87,,4539,1330,,349,168,,7516,4397,,1029,359,,6729,1899,,529,370,,1547,1052,,,,
2026-02-25,24136,0,11443,0,2.11,18799,8755,,955,640,640,,1206,,3176,1408,,4341,1389,540,151,,2388,510,276,86,,6380,1546,,722,1291,,414,1560,,714,272,,315,87,,4539,1330,,349,168,,7516,4397,,1029,359,,6729,1899,,529,370,,1547,1052,,,,
2026-02-26,24136,0,11443,0,2.11,18799,8755,,955,640,640,,1206,,3176,1408,,4341,1389,540,151,,2388,510,276,86,,6380,1546,,722,1291,,414,1560,,714,272,,315,87,,4539,1330,,349,168,,7516,4397,,1029,359,,6729,1899,,529,370,,1547,1052,,,,
2026-02-27,24136,0,11443,0,2.11,18799,8755,,955,640,640,,1206,,3176,1408,,4341,1389,540,151,,2388,510,276,86,,6380,1546,,722,1291,,414,1560,,714,272,,315,87,,4539,1330,,349,168,,7516,4397,,1029,359,,6729,1899,,529,370,,1547,1052,,,,
2026-02-28,24136,0,11443,0,2.11,18799,8755,,955,640,640,,1206,,3176,1408,,4341,1389,540,151,,2388,510,276,86,,6380,1546,,722,1291,,414,1560,,714,272,,315,87,,4539,1330,,349,168,,7516,4397,,1029,359,,6729,1899,,529,370,,1547,1052,,,,
2026-03-01,24169,33,11496,53,2.10,18829,8802,,956,642,644,,1208,,3176,1408,,4346,1391,540,151,,2388,511,276,86,,6384,1547,,723,1297,,414,1570,,714,274,,315,87,,4546,1344,,349,168,,7521,4414,,1029,361,,6734,1902,,534,371,,1550,1055,,,,
2026-03-02,24169,0,11496,0,2.10,18829,8802,,956,642,644,,1208,,3176,1408,,4346,1391,540,151,,2388,511,276,86,,6384,1547,,723,1297,,414,1570,,714,274,,315,87,,4546,1344,,349,168,,7521,4414,,1029,361,,6734,1902,,534,371,,1550,1055,,,,
2026-03-03,24169,0,11496,0,2.10,18829,8802,,956,642,644,,1208,,3176,1408,,4346,1391,540,151,,2388,511,276,86,,6384,1547,,723,1297,,414,1570,,714,274,,315,87,,4546,1344,,349,168,,7521,4414,,1029,361,,6734,1902,,534,371,,1550,1055,,,,
2026-03-04,24169,0,11496,0,2.10,18829,8802,,956,642,644,,1208,,3176,1408,,4346,1391,540,151,,2388,511,276,86,,6384,1547,,723,1297,,414,1570,,714,274,,315,87,,4546,1344,,349,168,,7521,4414,,1029,361,,6734,1902,,534,371,,1550,1055,,,,
2026-03-05,24169,0,11496,0,2.10,18829,8802,,956,642,644,,1208,,3176,1408,,4346,1391,540,151,,2388,511,276,86,,6384,1547,,723,1297,,414,1570,,714,274,,315,87,,4546,1344,,349,168,,7521,4414,,1029,361,,6734,1902,,534,371,,1550,1055,,,,
2026-03-06,24169,0,11496,0,2.10,18829,8802,,956,642,644,,1208,,3176,1408,,4346,1391,540,151,,2388,511,276,86,,6384,1547,,723,1297,,414,1570,,714,274,,315,87,,4546,1344,,349,168,,7521,4414,,1029,361,,6734,1902,,534,371,,1550,1055,,,,
2026-03-07,24169,0,11496,0,2.10,18829,8802,,956,642,644,,1208,,3176,1408,,4346,1391,540,151,,2388,511,276,86,,6384,1547,,723,1297,,414,1570,,714,274,,315,87,,4546,1344,,349,168,,7521,4414,,1029,361,,6734,1902,,534,371,,1550,1055,,,,
2026-03-08,24197,28,11554,58,2.09,18854,8848,,957,645,649,,1208,,3178,1412,,4350,1396,540,151,,2391,513,276,86,,6386,1552,,723,1306,,415,1584,,714,275,,317,87,,4555,1352,,351,168,,7524,4442,,1031,362,,6741,1909,,537,371,,1551,1058,,,,
2026-03-09,24197,0,11554,0,2.09,18854,8848,,957,645,649,,1208,,3178,1412,,4350,1396,540,151,,2391,513,276,86,,6386,1552,,723,1306,,415,1584,,714,275,,317,87,,4555,1352,,351,168,,7524,4442,,1031,362,,6741,1909,,537,371,,1551,1058,,,,
2026-03-10,24197,0,11554,0,2.09,18854,8848,,957,645,649,,1208,,3178,1412,,4350,1396,540,151,,2391,513,276,86,,6386,1552,,723,1306,,415,1584,,714,275,,317,87,,4555,1352,,351,168,,7524,4442,,1031,362,,6741,1909,,537,371,,1551,1058,,,,
2026-03-11,24197,0,11554,0,2.09,18854,8848,,957,645,649,,1208,,3178,1412,,4350,1396,540,151,,2391,513,276,86,,6386,1552,,723,1306,,415,1584,,714,275,,317,87,,4555,1352,,351,168,,7524,4442,,1031,362,,6741,1909,,537,371,,1551,1058,,,,
2026-03-12,24197,0,11554,0,2.09,18854,8848,,957,645,649,,1208,,3178,1412,,4350,1396,540,151,,2391,513,276,86,,6386,1552,,723,1306,,415,1584,,714,275,,317,87,,4555,1352,,351,168,,7524,4442,,1031,362,,6741,1909,,537,371,,1551,1058,,,,
2026-03-13,24197,0,11554,0,2.09,18854,8848,,957,645,649,,1208,,3178,1412,,4350,1396,540,151,,2391,513,276,86,,6386,1552,,723,1306,,415,1584,,714,275,,317,87,,4555,1352,,351,168,,7524,4442,,1031,362,,6741,1909,,537,371,,1551,1058,,,,
2026-03-14,24197,0,11554,0,2.09,18854,8848,,957,645,649,,1208,,3178,1412,,4350,1396,540,151,,2391,513,276,86,,6386,1552,,723,1306,,415,1584,,714,275,,317,87,,4555,1352,,351,168,,7524,4442,,1031,362,,6741,1909,,537,371,,1551,1058,,,,
2026-03-15,24268,71,11626,72,2.09,18916,8910,,962,650,653,,1208,,3182,1413,,4358,1398,540,151,,2394,514,276,86,,6391,1554,,725,1314,,417,1607,,715,276,,318,87,,4578,1360,,351,170,,7533,4475,,1033,363,,6752,1912,,548,372,,1553,1069,,,,
2026-03-16,24268,0,11626,0,2.09,18916,8910,,962,650,653,,1208,,3182,1413,,4358,1398,540,151,,2394,514,276,86,,6391,1554,,725,1314,,417,1607,,715,276,,318,87,,4578,1360,,351,170,,7533,4475,,1033,363,,6752,1912,,548,372,,1553,1069,,,,
2026-03-17,24268,0,11626,0,2.09,18916,8910,,962,650,653,,1208,,3182,1413,,4358,1398,540,151,,2394,514,276,86,,6391,1554,,725,1314,,417,1607,,715,276,,318,87,,4578,1360,,351,170,,7533,4475,,1033,363,,6752,1912,,548,372,,1553,1069,,,,
2026-03-18,24268,0,11626,0,2.09,18916,8910,,962,650,653,,1208,,3182,1413,,4358,1398,540,151,,2394,514,276,86,,6391,1554,,724,1314,,417,1607,,715,276,,318,87,,4578,1360,,351,170,,7532,4475,,1033,363,,6752,1912,,548,372,,1553,1069,,,,
2026-03-19,24268,0,11626,0,2.09,18916,8910,,962,650,653,,1208,,3182,1413,,4358,1398,540,151,,2394,514,276,86,,6391,1554,,724,1314,,417,1607,,715,276,,318,87,,4578,1360,,351,170,,7532,4475,,1033,363,,6752,1912,,548,372,,1553,1069,,,,
2026-03-20,24268,0,11626,0,2.09,18916,8910,,962,650,653,,1208,,3182,1413,,4358,1398,540,151,,2394,514,276,86,,6391,1554,,724,1314,,417,1607,,715,276,,318,87,,4578,1360,,351,170,,7532,4475,,1033,363,,6752,1912,,548,372,,1553,1069,,,,
2026-03-21,24268,0,11626,0,2.09,18916,8910,,962,650,653,,1208,,3182,1413,,4358,1398,540,151,,2394,514,276,86,,6391,1554,,724,1314,,417,1607,,715,276,,318,87,,4578,1360,,351,170,,7532,4475,,1033,363,,6752,1912,,548,372,,1553,1069,,,,
2026-03-22,24333,65,11697,71,2.08,18975,8973,,969,654,658,,1210,,3179,1412,,4365,1401,538,151,,2398,518,276,86,,6408,1558,,725,1322,,419,1634,,716,276,,318,87,,4587,1371,,353,170,,7552,4514,,1034,363,,6763,1919,,556,372,,1557,1085,,,,
2026-03-23,24333,0,11697,0,2.08,18975,8973,,969,654,658,,1210,,3179,1412,,4365,1401,538,151,,2398,518,276,86,,6408,1558,,725,1322,,419,1634,,716,276,,318,87,,4587,1371,,353,170,,7552,4514,,1034,363,,6763,1919,,556,372,,1557,1085,,,,
2026-03-24,24333,0,11697,0,2.08,18975,8973,,969,654,658,,1210,,3179,1412,,4365,1401,538,151,,2398,518,276,86,,6408,1558,,725,1322,,419,1634,,716,276,,318,87,,4587,1371,,353,170,,7552,4514,,1034,363,,6763,1919,,556,372,,1557,1085,,,,
2026-03-25,24333,0,11697,0,2.08,18975,8973,,969,654,658,,1210,,3179,1412,,4365,1401,538,151,,2398,518,276,86,,6408,1558,,725,1322,,419,1634,,716,276,,318,87,,4587,1371,,353,170,,7552,4514,,1034,363,,6763,1919,,556,372,,1557,1085,,,,
2026-03-26,24333,0,11697,0,2.08,18975,8973,,969,654,658,,1210,,3179,1412,,4365,1401,538,151,,2398,518,276,86,,6408,1558,,725,1322,,419,1634,,716,276,,318,87,,4587,1371,,353,170,,7552,4514,,1034,363,,6763,1919,,556,372,,1557,1085,,,,
2026-03-27,24333,0,11697,0,2.08,18975,8973,,969,654,658,,1210,,3179,1412,,4365,1401,538,151,,2398,518,276,86,,6408,1558,,725,1322,,419,1634,,716,276,,318,87,,4587,1371,,353,170,,7552,4514,,1034,363,,6763,1919,,556,372,,1557,1085,,,,
2026-03-28,24333,0,11697,0,2.08,18975,8973,,969,654,658,,1210,,3179,1412,,4365,1401,538,151,,2398,518,276,86,,6408,1558,,725,1322,,419,1634,,716,276,,318,87,,4587,1371,,353,170,,7552,4514,,1034,363,,6763,1919,,556,372,,1557,1085,,,,
2026-03-29,24333,0,11697,0,2.08,18975,8973,,969,654,658,,1210,,3179,1412,,4365,1401,538,151,,2402,518,277,86,,6408,1558,,725,1322,,419,1634,,716,276,,318,87,,4587,1371,,353,170,,7552,4514,,1034,363,,6767,1919,,556,372,,1557,1085,,,,
2026-03-30,24383,50,11757,60,2.07,19028,9027,,971,656,661,,1204,,3180,1413,,4371,1405,538,151,,2399,521,277,86,,6416,1559,,728,1332,,419,1652,,716,277,,318,88,,4607,1379,,353,170,,7563,4543,,1034,365,,6770,1926,,559,372,,1559,1093,,,,
2026-03-31,24383,0,11757,0,2.07,19028,9027,,971,656,661,,1204,,3180,1413,,4371,1405,538,151,,2399,521,277,86,,6416,1559,,728,1332,,419,1652,,716,277,,318,88,,4607,1379,,353,170,,7563,4543,,1034,365,,6770,1926,,559,372,,1559,1093,,,,
2026-04-01,24383,0,11757,0,2.07,19028,9027,,971,656,661,,1204,,3180,1413,,4371,1405,538,151,,2399,521,277,86,,6416,1559,,728,1332,,419,1652,,716,277,,318,88,,4607,1379,,353,170,,7563,4543,,1034,365,,6770,1926,,559,372,,1559,1093,,,,
2026-04-02,24383,0,11757,0,2.07,19028,9027,,971,656,661,,1204,,3180,1413,,4371,1405,538,151,,2399,521,277,86,,6416,1559,,728,1332,,419,1652,,716,277,,318,88,,4607,1379,,353,170,,7563,4543,,1034,365,,6770,1926,,559,372,,1559,1093,,,,
2026-04-03,24383,0,11757,0,2.07,19028,9027,,971,656,661,,1204,,3180,1413,,4371,1405,538,151,,2399,521,277,86,,6416,1559,,728,1332,,419,1652,,716,277,,318,88,,4607,1379,,353,170,,7563,4543,,1034,365,,6770,1926,,559,372,,1559,1093,,,,
2026-04-04,24383,0,11757,0,2.07,19028,9027,,971,656,661,,1204,,3180,1413,,4371,1405,538,151,,2399,521,277,86,,6416,1559,,728,1332,,419,1652,,716,277,,318,88,,4607,1379,,353,170,,7563,4543,,1034,365,,6770,1926,,559,372,,1559,1093,,,,
2026-04-05,24383,0,11757,0,2.07,19028,9027,,971,656,661,,1204,,3180,1413,,4371,1405,538,151,,2399,521,277,86,,6416,1559,,728,1332,,419,1652,,716,277,,318,88,,4607,1379,,353,170,,7563,4543,,1034,365,,6770,1926,,559,372,,1559,1093,,,,
2026-04-06,24383,0,11757,0,2.07,19028,9027,,971,656,661,,1204,,3180,1413,,4371,1405,538,151,,2399,521,277,86,,6416,1559,,728,1332,,419,1652,,716,277,,318,88,,4607,1379,,353,170,,7563,4543,,1034,365,,6770,1926,,559,372,,1559,1093,,,,
2026-04-07,24383,0,11757,0,2.07,19028,9027,,971,656,661,,1204,,3180,1413,,4371,1405,538,151,,2399,521,277,86,,6416,1559,,728,1332,,419,1652,,716,277,,318,88,,4607,1379,,353,170,,7563,4543,,1034,365,,6770,1926,,559,372,,1559,1093,,,,
2026-04-08,24383,0,11757,0,2.07,19028,9027,,971,656,661,,1204,,3180,1413,,4371,1405,538,151,,2399,521,277,86,,6416,1559,,728,1332,,419,1652,,716,277,,318,88,,4607,1379,,353,170,,7563,4543,,1034,365,,6770,1926,,559,372,,1559,1093,,,,
2026-04-09,24383,0,11757,0,2.07,19028,9027,,971,656,661,,1204,,3180,1413,,4371,1405,538,151,,2399,521,277,86,,6416,1559,,728,1332,,419,1652,,716,277,,318,88,,4607,1379,,353,170,,7563,4543,,1034,365,,6770,1926,,559,372,,1559,1093,,,,
2026-04-10,24383,0,11757,0,2.07,19028,9027,,971,656,661,,1204,,3180,1413,,4371,1405,538,151,,2399,521,277,86,,6416,1559,,728,1332,,419,1652,,716,277,,318,88,,4607,1379,,353,170,,7563,4543,,1034,365,,6770,1926,,559,372,,1559,1093,,,,
2026-04-11,24383,0,11757,0,2.07,19028,9027,,971,656,661,,1204,,3180,1413,,4371,1405,538,151,,2399,521,277,86,,6416,1559,,728,1332,,419,1652,,716,277,,318,88,,4607,1379,,353,170,,7563,4543,,1034,365,,6770,1926,,559,372,,1559,1093,,,,
2026-04-12,24440,57,11923,166,2.05,19079,9175,,975,668,666,,1205,,3181,1414,,4381,1412,538,151,,2399,526,277,86,,6419,1570,,729,1346,,421,1690,,719,282,,318,89,,4632,1387,,356,172,,7569,4606,,1037,371,,6780,1938,,563,372,,1560,1109,,,,
2026-04-13,24440,0,11923,0,2.05,19079,9175,,975,668,666,,1205,,3181,1414,,4381,1412,538,151,,2399,526,277,86,,6419,1570,,729,1346,,421,1690,,719,282,,318,89,,4632,1387,,356,172,,7569,4606,,1037,371,,6780,1938,,563,372,,1560,1109,,,,
2026-04-14,24440,0,11923,0,2.05,19079,9175,,975,668,666,,1205,,3181,1414,,4381,1412,538,151,,2399,526,277,86,,6419,1570,,729,1346,,421,1690,,719,282,,318,89,,4632,1387,,356,172,,7569,4606,,1037,371,,6780,1938,,563,372,,1560,1109,,,,
2026-04-15,24440,0,11923,0,2.05,19079,9175,,975,668,666,,1205,,3181,1414,,4381,1412,538,151,,2399,526,277,86,,6419,1570,,729,1346,,421,1690,,719,282,,318,89,,4632,1387,,356,172,,7569,4606,,1037,371,,6780,1938,,563,372,,1560,1109,,,,
2026-04-16,24440,0,11923,0,2.05,19079,9175,,975,668,666,,1205,,3181,1414,,4381,1412,538,151,,2399,526,277,86,,6419,1570,,729,1346,,421,1690,,719,282,,318,89,,4632,1387,,356,172,,7569,4606,,1037,371,,6780,1938,,563,372,,1560,1109,,,,
2026-04-17,24440,0,11923,0,2.05,19079,9175,,975,668,666,,1205,,3181,1414,,4381,1412,538,151,,2399,526,277,86,,6419,1570,,729,1346,,421,1690,,719,282,,318,89,,4632,1387,,356,172,,7569,4606,,1037,371,,6780,1938,,563,372,,1560,1109,,,,
2026-04-18,24440,0,11923,0,2.05,19079,9175,,975,668,666,,1205,,3181,1414,,4381,1412,538,151,,2399,526,277,86,,6419,1570,,729,1346,,421,1690,,719,282,,318,89,,4632,1387,,356,172,,7569,4606,,1037,371,,6780,1938,,563,372,,1560,1109,,,,
2026-04-19,24440,0,11923,0,2.05,19079,9175,,975,668,666,,1205,,3181,1414,,4381,1412,538,151,,2399,526,277,86,,6419,1570,,729,1346,,421,1690,,719,282,,318,89,,4632,1387,,356,172,,7569,4606,,1037,371,,6780,1938,,563,372,,1560,1109,,,,
2026-04-20,24471,31,11977,54,2.04,19108,9224,,976,669,670,,1206,,3181,1414,,4385,1416,538,151,,2400,527,277,86,,6425,1573,,730,1355,,421,1710,,720,282,,319,89,,4639,1388,,356,172,,7576,4638,,1039,371,,6785,1943,,565,373,,1561,1114,,,,
2026-04-21,24471,0,11977,0,2.04,19108,9224,,976,669,670,,1206,,3181,1414,,4385,1416,538,151,,2400,527,277,86,,6425,1573,,730,1355,,421,1710,,720,282,,319,89,,4639,1388,,356,172,,7576,4638,,1039,371,,6785,1943,,565,373,,1561,1114,,,,
2026-04-22,24471,0,11977,0,2.04,19108,9224,,976,669,670,,1206,,3181,1414,,4385,1416,538,151,,2400,527,277,86,,6425,1573,,730,1355,,421,1710,,720,282,,319,89,,4639,1388,,356,172,,7576,4638,,1039,371,,6785,1943,,565,373,,1561,1114,,,,
2026-04-23,24471,0,11977,0,2.04,19108,9224,,976,669,670,,1206,,3181,1414,,4385,1416,538,151,,2400,527,277,86,,6425,1573,,730,1355,,421,1710,,720,282,,319,89,,4639,1388,,356,172,,7576,4638,,1039,371,,6785,1943,,565,373,,1561,1114,,,,
2026-04-24,24471,0,11977,0,2.04,19108,9224,,976,669,670,,1206,,3181,1414,,4385,1416,538,151,,2400,527,277,86,,6425,1573,,730,1355,,421,1710,,720,282,,319,89,,4639,1388,,356,172,,7576,4638,,1039,371,,6785,1943,,565,373,,1561,1114,,,,
2026-04-25,24471,0,11977,0,2.04,19108,9224,,976,669,670,,1206,,3181,1414,,4385,1416,538,151,,2400,527,277,86,,6425,1573,,730,1355,,421,1710,,720,282,,319,89,,4639,1388,,356,172,,7576,4638,,1039,371,,6785,1943,,565,373,,1561,1114,,,,
2026-04-26,24487,16,12030,53,2.04,19123,9272,,976,673,671,,1206,,3182,1414,,4389,1419,538,151,,2401,533,277,86,,6428,1578,,730,1360,,422,1740,,720,282,,319,90,,4642,1396,,356,172,,7580,4678,,1039,372,,6790,1952,,567,373,,1562,1120,,,,
2026-04-27,24487,0,12030,0,2.04,19123,9272,,976,673,671,,1206,,3182,1414,,4389,1419,538,151,,2401,533,277,86,,6428,1578,,730,1360,,422,1740,,720,282,,319,90,,4642,1396,,356,172,,7580,4678,,1039,372,,6790,1952,,567,373,,1562,1120,,,,
2026-04-28,24487,0,12030,0,2.04,19123,9272,,976,673,671,,1206,,3182,1414,,4389,1419,538,151,,2401,533,277,86,,6428,1578,,730,1360,,422,1740,,720,282,,319,90,,4642,1396,,356,172,,7580,4678,,1039,372,,6790,1952,,567,373,,1562,1120,,,,
2026-04-29,24487,0,12030,0,2.04,19123,9272,,976,673,671,,1206,,3182,1414,,4389,1419,538,151,,2401,533,277,86,,6428,1578,,730,1360,,422,1740,,720,282,,319,90,,4642,1396,,356,172,,7580,4678,,1039,372,,6790,1952,,567,373,,1562,1120,,,,
2026-04-30,24487,0,12030,0,2.04,19123,9272,,976,673,671,,1206,,3182,1414,,4389,1419,538,151,,2401,533,277,86,,6428,1578,,730,1360,,422,1740,,720,282,,319,90,,4642,1396,,356,172,,7580,4678,,1039,372,,6790,1952,,567,373,,1562,1120,,,,
2026-05-01,24487,0,12030,0,2.04,19123,9272,,976,673,671,,1206,,3182,1414,,4389,1419,538,151,,2401,533,277,86,,6428,1578,,730,1360,,422,1740,,720,282,,319,90,,4642,1396,,356,172,,7580,4678,,1039,372,,6790,1952,,567,373,,1562,1120,,,,
2026-05-02,24487,0,12030,0,2.04,19123,9272,,976,673,671,,1206,,3182,1414,,4389,1419,538,151,,2401,533,277,86,,6428,1578,,730,1360,,422,1740,,720,282,,319,90,,4642,1396,,356,172,,7580,4678,,1039,372,,6790,1952,,567,373,,1562,1120,,,,
2026-05-03,24487,0,12030,0,2.04,19123,9272,,976,673,671,,1206,,3182,1414,,4389,1419,538,151,,2401,533,277,86,,6428,1578,,730,1360,,422,1740,,720,282,,319,90,,4642,1396,,356,172,,7580,4678,,1039,372,,6790,1952,,567,373,,1562,1120,,,,
2026-05-04,23650,-837,11219,-811,2.11,18618,8708,,976,661,666,,1206,,2850,1184,,4394,1420,538,151,,2401,533,277,86,,6434,1579,,730,1365,,422,1758,,720,284,,319,90,,4646,1339,,358,172,,7586,4702,,1039,374,,6795,1953,,570,373,,1564,1123,,,,
2026-05-05,23650,0,11219,0,2.11,18618,8708,,976,661,666,,1206,,2850,1184,,4394,1420,538,151,,2401,533,277,86,,6434,1579,,730,1365,,422,1758,,720,284,,319,90,,4646,1339,,358,172,,7586,4702,,1039,374,,6795,1953,,570,373,,1564,1123,,,,
2026-05-06,23650,0,11219,0,2.11,18618,8708,,976,661,666,,1206,,2850,1184,,4394,1420,538,151,,2401,533,277,86,,6434,1579,,730,1365,,422,1758,,720,284,,319,90,,4646,1339,,358,172,,7586,4702,,1039,374,,6795,1953,,570,373,,1564,1123,,,,
2026-05-07,23650,0,11219,0,2.11,18618,8708,,976,661,666,,1206,,2850,1184,,4394,1420,538,151,,2401,533,277,86,,6434,1579,,730,1365,,422,1758,,720,284,,319,90,,4646,1339,,358,172,,7586,4702,,1039,374,,6795,1953,,570,373,,1564,1123,,,,
2026-05-08,23650,0,11219,0,2.11,18618,8708,,976,661,666,,1206,,2850,1184,,4394,1420,538,151,,2401,533,277,86,,6434,1579,,730,1365,,422,1758,,720,284,,319,90,,4646,1339,,358,172,,7586,4702,,1039,374,,6795,1953,,570,373,,1564,1123,,,,
2026-05-09,23650,0,11219,0,2.11,18618,8708,,976,661,666,,1206,,2850,1184,,4394,1420,538,151,,2401,533,277,86,,6434,1579,,730,1365,,422,1758,,720,284,,319,90,,4646,1339,,358,172,,7586,4702,,1039,374,,6795,1953,,570,373,,1564,1123,,,,
2026-05-10,23439,-211,11253,34,2.08,18444,8737,,971,666,665,,1197,,2827,1185,,4390,1422,538,151,,2399,533,277,86,,6429,1583,,730,1369,,423,1770,,722,285,,320,90,,0,0,,359,172,,7582,4722,,1042,375,,6789,1955,,574,372,,1567,1126,,,,
2026-05-11,23439,0,11253,0,2.08,18444,8737,,971,666,665,,1197,,2827,1185,,4390,1422,538,151,,2399,533,277,86,,6429,1583,,730,1369,,423,1770,,722,285,,320,90,,0,0,,359,172,,7582,4722,,1042,375,,6789,1955,,574,372,,1567,1126,,,,
2026-05-12,23439,0,11253,0,2.08,18444,8737,,971,666,665,,1197,,2827,1185,,4390,1422,538,151,,2399,533,277,86,,6429,1583,,730,1369,,423,1770,,722,285,,320,90,,0,0,,359,172,,7582,4722,,1042,375,,6789,1955,,574,372,,1567,1126,,,,
2026-05-13,23439,0,11253,0,2.08,18444,8737,,971,666,665,,1197,,2827,1185,,4390,1422,538,151,,2399,533,277,86,,6429,1583,,730,1369,,423,1770,,722,285,,320,90,,0,0,,359,172,,7582,4722,,1042,375,,6789,1955,,574,372,,1567,1126,,,,
2026-05-14,23439,0,11253,0,2.08,18444,8737,,971,666,665,,1197,,2827,1185,,4390,1422,538,151,,2399,533,277,86,,6429,1583,,730,1369,,423,1770,,722,285,,320,90,,0,0,,359,172,,7582,4722,,1042,375,,6789,1955,,574,372,,1567,1126,,,,
2026-05-15,23439,0,11253,0,2.08,18444,8737,,971,666,665,,1197,,2827,1185,,4390,1422,538,151,,2399,533,277,86,,6429,1583,,730,1369,,423,1770,,722,285,,320,90,,0,0,,359,172,,7582,4722,,1042,375,,6789,1955,,574,372,,1567,1126,,,,
2026-05-16,23439,0,11253,0,2.08,18444,8737,,971,666,665,,1197,,2827,1185,,4390,1422,538,151,,2399,533,277,86,,6429,1583,,730,1369,,423,1770,,722,285,,320,90,,0,0,,359,172,,7582,4722,,1042,375,,6789,1955,,574,372,,1567,1126,,,,
2026-05-17,23440,1,11253,0,2.08,18445,8737,,971,666,665,,1197,,2827,1185,,4390,1422,538,151,,2399,533,277,86,,6429,1583,,730,1369,,423,1770,,722,285,,320,90,,0,0,,359,172,,7582,4722,,1042,375,,6789,1955,,574,372,,1567,1126,,,,
2026-05-18,23440,0,11253,0,2.08,18445,8737,,971,666,665,,1197,,2827,1185,,4390,1422,538,151,,2399,533,277,86,,6429,1583,,730,1369,,423,1770,,722,285,,320,90,,0,0,,359,172,,7582,4722,,1042,375,,6789,1955,,574,372,,1567,1126,,,,
2026-05-19,23440,0,11253,0,2.08,18445,8737,,971,666,665,,1197,,2827,1185,,4390,1422,538,151,,2399,533,277,86,,6429,1583,,730,1369,,423,1770,,722,285,,320,90,,0,0,,359,172,,7582,4722,,1042,375,,6789,1955,,574,372,,1567,1126,,,,
2026-05-20,23440,0,11253,0,2.08,18445,8737,,971,666,665,,1197,,2827,1185,,4390,1422,538,151,,2399,533,277,86,,6429,1583,,730,1369,,423,1770,,722,285,,320,90,,0,0,,359,172,,7582,4722,,1042,375,,6789,1955,,574,372,,1567,1126,,,,
2026-05-21,23440,0,11253,0,2.08,18445,8737,,971,666,665,,1197,,2827,1185,,4390,1422,538,151,,2399,533,277,86,,6429,1583,,730,1369,,423,1770,,722,285,,320,90,,0,0,,359,172,,7582,4722,,1042,375,,6789,1955,,574,372,,1567,1126,,,,
2026-05-22,23440,0,11253,0,2.08,18445,8737,,971,666,665,,1197,,2827,1185,,4390,1422,538,151,,2399,533,277,86,,6429,1583,,730,1369,,423,1770,,722,285,,320,90,,0,0,,359,172,,7582,4722,,1042,375,,6789,1955,,574,372,,1567,1126,,,,
2026-05-23,23440,0,11253,0,2.08,18445,8737,,971,666,665,,1197,,2827,1185,,4390,1422,538,151,,2399,533,277,86,,6429,1583,,730,1369,,423,1770,,722,285,,320,90,,0,0,,359,172,,7582,4722,,1042,375,,6789,1955,,574,372,,1567,1126,,,,
2026-05-24,23440,0,11253,0,2.08,18445,8737,,971,666,665,,1197,,2827,1185,,4390,1422,538,151,,2399,533,277,86,,6429,1583,,730,1369,,423,1770,,722,285,,320,90,,0,0,,359,172,,7582,4722,,1042,375,,6789,1955,,574,372,,1567,1126,,,,
2026-05-25,23440,0,11253,0,2.08,18445,8737,,971,666,665,,1197,,2827,1185,,4390,1422,538,151,,2399,533,277,86,,6429,1583,,730,1369,,423,1770,,722,285,,320,90,,0,0,,359,172,,7582,4722,,1042,375,,6789,1955,,574,372,,1567,1126,,,,
2026-05-26,23440,0,11253,0,2.08,18445,8737,,971,666,665,,1197,,2827,1185,,4390,1422,538,151,,2399,533,277,86,,6429,1583,,730,1369,,423,1770,,722,285,,320,90,,0,0,,359,172,,7582,4722,,1042,375,,6789,1955,,574,372,,1567,1126,,,,
2026-05-27,23440,0,11253,0,2.08,18445,8737,,971,666,665,,1197,,2827,1185,,4390,1422,538,151,,2399,533,277,86,,6429,1583,,730,1369,,423,1770,,722,285,,320,90,,0,0,,359,172,,7582,4722,,1042,375,,6789,1955,,574,372,,1567,1126,,,,
2026-05-28,23440,0,11253,0,2.08,18445,8737,,971,666,665,,1197,,2827,1185,,4390,1422,538,151,,2399,533,277,86,,6429,1583,,730,1369,,423,1770,,722,285,,320,90,,0,0,,359,172,,7582,4722,,1042,375,,6789,1955,,574,372,,1567,1126,,,,
2026-05-29,23440,0,11253,0,2.08,18445,8737,,971,666,665,,1197,,2827,1185,,4390,1422,538,151,,2399,533,277,86,,6429,1583,,730,1369,,423,1770,,722,285,,320,90,,0,0,,359,172,,7582,4722,,1042,375,,6789,1955,,574,372,,1567,1126,,,,
2026-05-30,23556,116,11253,0,2.09,18551,8737,,979,666,665,,1199,,2827,1185,,4394,1422,538,151,,2411,533,277,86,,6435,1583,,732,1369,,427,1770,,723,285,,320,90,,0,0,,362,172,,7594,4722,,1043,375,,6805,1955,,584,372,,1575,1126,,,,
2026-05-31,23556,0,11397,144,2.07,18551,8863,,979,678,669,,1199,,2827,1187,,4394,1424,538,151,,2411,535,277,86,,6435,1585,,732,1385,,427,1831,,723,289,,320,91,,0,0,,362,172,,7594,4801,,1043,380,,6805,1959,,584,373,,1575,1149,,,,
2026-06-01,23556,0,11397,0,2.07,18551,8863,,979,678,669,,1199,,2827,1187,,4394,1424,538,151,,2411,535,277,86,,6435,1585,,732,1385,,427,1831,,723,289,,320,91,,0,0,,362,172,,7594,4801,,1043,380,,6805,1959,,584,373,,1575,1149,,,,
2026-06-02,23556,0,11397,0,2.07,18551,8863,,979,678,669,,1199,,2827,1187,,4394,1424,538,151,,2411,535,277,86,,6435,1585,,732,1385,,427,1831,,723,289,,320,91,,0,0,,362,172,,7594,4801,,1043,380,,6805,1959,,584,373,,1575,1149,,,,
2026-06-03,23556,0,11397,0,2.07,18551,8863,,979,678,669,,1199,,2827,1187,,4394,1424,538,151,,2411,535,277,86,,6435,1585,,732,1385,,427,1831,,723,289,,320,91,,0,0,,362,172,,7594,4801,,1043,380,,6805,1959,,584,373,,1575,1149,,,,
2026-06-04,23556,0,11397,0,2.07,18551,8863,,979,678,669,,1199,,2827,1187,,4394,1424,538,151,,2411,535,277,86,,6435,1585,,732,1385,,427,1831,,723,289,,320,91,,0,0,,362,172,,7594,4801,,1043,380,,6805,1959,,584,373,,1575,1149,,,,